Using pre-set license
Built from '2022.3/staging' branch; Version is '2022.3.9f1 (ea401c316338) revision 15351836'; Using compiler version '192829333'; Build Type 'Release'
OS: 'Windows 10  (10.0.19045) 64bit CoreSingleLanguage' Language: 'en' Physical Memory: 23761 MB
BatchMode: 1, IsHumanControllingUs: 0, StartBugReporterOnCrash: 0, Is64bit: 1, IsPro: 1

COMMAND LINE ARGUMENTS:
C:\Program Files\2022.3.9f1\Editor\Unity.exe
-adb2
-batchMode
-noUpm
-name
AssetImportWorker1
-projectPath
C:/Users/Test/Documents/GitHub/patrick-star-public
-logFile
Logs/AssetImportWorker1.log
-srvPort
51519
Successfully changed project path to: C:/Users/Test/Documents/GitHub/patrick-star-public
C:/Users/Test/Documents/GitHub/patrick-star-public
[UnityMemory] Configuration Parameters - Can be set up in boot.config
    "memorysetup-bucket-allocator-granularity=16"
    "memorysetup-bucket-allocator-bucket-count=8"
    "memorysetup-bucket-allocator-block-size=33554432"
    "memorysetup-bucket-allocator-block-count=8"
    "memorysetup-main-allocator-block-size=16777216"
    "memorysetup-thread-allocator-block-size=16777216"
    "memorysetup-gfx-main-allocator-block-size=16777216"
    "memorysetup-gfx-thread-allocator-block-size=16777216"
    "memorysetup-cache-allocator-block-size=4194304"
    "memorysetup-typetree-allocator-block-size=2097152"
    "memorysetup-profiler-bucket-allocator-granularity=16"
    "memorysetup-profiler-bucket-allocator-bucket-count=8"
    "memorysetup-profiler-bucket-allocator-block-size=33554432"
    "memorysetup-profiler-bucket-allocator-block-count=8"
    "memorysetup-profiler-allocator-block-size=16777216"
    "memorysetup-profiler-editor-allocator-block-size=1048576"
    "memorysetup-temp-allocator-size-main=16777216"
    "memorysetup-job-temp-allocator-block-size=2097152"
    "memorysetup-job-temp-allocator-block-size-background=1048576"
    "memorysetup-job-temp-allocator-reduction-small-platforms=262144"
    "memorysetup-allocator-temp-initial-block-size-main=262144"
    "memorysetup-allocator-temp-initial-block-size-worker=262144"
    "memorysetup-temp-allocator-size-background-worker=32768"
    "memorysetup-temp-allocator-size-job-worker=262144"
    "memorysetup-temp-allocator-size-preload-manager=33554432"
    "memorysetup-temp-allocator-size-nav-mesh-worker=65536"
    "memorysetup-temp-allocator-size-audio-worker=65536"
    "memorysetup-temp-allocator-size-cloud-worker=32768"
    "memorysetup-temp-allocator-size-gi-baking-worker=262144"
    "memorysetup-temp-allocator-size-gfx=262144"
Player connection [36096] Host "[IP] 169.254.130.64 [Port] 0 [Flags] 2 [Guid] 1750585425 [EditorId] 1750585425 [Version] 1048832 [Id] WindowsEditor(7,LAPTOP-05AVRVMV) [Debug] 1 [PackageName] WindowsEditor [ProjectName] Editor" joined multi-casting on [225.0.0.222:54997]...

Player connection [36096] Host "[IP] 169.254.130.64 [Port] 0 [Flags] 2 [Guid] 1750585425 [EditorId] 1750585425 [Version] 1048832 [Id] WindowsEditor(7,LAPTOP-05AVRVMV) [Debug] 1 [PackageName] WindowsEditor [ProjectName] Editor" joined alternative multi-casting on [225.0.0.222:34997]...

[Physics::Module] Initialized MultithreadedJobDispatcher with 11 workers.
Refreshing native plugins compatible for Editor in 114.11 ms, found 4 plugins.
Preloading 0 native plugins for Editor in 0.00 ms.
Initialize engine version: 2022.3.9f1 (ea401c316338)
[Subsystems] Discovering subsystems at path C:/Program Files/2022.3.9f1/Editor/Data/Resources/UnitySubsystems
[Subsystems] Discovering subsystems at path C:/Users/Test/Documents/GitHub/patrick-star-public/Assets
GfxDevice: creating device client; threaded=0; jobified=0
Direct3D:
    Version:  Direct3D 11.0 [level 11.1]
    Renderer: NVIDIA GeForce RTX 4050 Laptop GPU (ID=0x28a1)
    Vendor:   NVIDIA
    VRAM:     5921 MB
    Driver:   32.0.15.6603
Initialize mono
Mono path[0] = 'C:/Program Files/2022.3.9f1/Editor/Data/Managed'
Mono path[1] = 'C:/Program Files/2022.3.9f1/Editor/Data/MonoBleedingEdge/lib/mono/unityjit-win32'
Mono config path = 'C:/Program Files/2022.3.9f1/Editor/Data/MonoBleedingEdge/etc'
Using monoOptions --debugger-agent=transport=dt_socket,embedding=1,server=y,suspend=n,address=127.0.0.1:56172
Begin MonoManager ReloadAssembly
Registering precompiled unity dll's ...
Register platform support module: C:/Program Files/2022.3.9f1/Editor/Data/PlaybackEngines/WebGLSupport/UnityEditor.WebGL.Extensions.dll
Register platform support module: C:/Program Files/2022.3.9f1/Editor/Data/PlaybackEngines/WindowsStandaloneSupport/UnityEditor.WindowsStandalone.Extensions.dll
Registered in 0.030876 seconds.
- Loaded All Assemblies, in  0.516 seconds
Native extension for WindowsStandalone target not found
Native extension for WebGL target not found
Mono: successfully reloaded assembly
- Finished resetting the current domain, in  0.326 seconds
Domain Reload Profiling: 834ms
	BeginReloadAssembly (175ms)
		ExecutionOrderSort (0ms)
		DisableScriptedObjects (0ms)
		BackupInstance (0ms)
		ReleaseScriptingObjects (0ms)
		CreateAndSetChildDomain (1ms)
	RebuildCommonClasses (44ms)
	RebuildNativeTypeToScriptingClass (11ms)
	initialDomainReloadingComplete (107ms)
	LoadAllAssembliesAndSetupDomain (170ms)
		LoadAssemblies (166ms)
		RebuildTransferFunctionScriptingTraits (0ms)
		AnalyzeDomain (166ms)
			TypeCache.Refresh (164ms)
				TypeCache.ScanAssembly (150ms)
			ScanForSourceGeneratedMonoScriptInfo (0ms)
			ResolveRequiredComponents (1ms)
	FinalizeReload (326ms)
		ReleaseScriptCaches (0ms)
		RebuildScriptCaches (0ms)
		SetupLoadedEditorAssemblies (255ms)
			LogAssemblyErrors (0ms)
			InitializePlatformSupportModulesInManaged (20ms)
			SetLoadedEditorAssemblies (7ms)
			RefreshPlugins (0ms)
			BeforeProcessingInitializeOnLoad (2ms)
			ProcessInitializeOnLoadAttributes (166ms)
			ProcessInitializeOnLoadMethodAttributes (60ms)
			AfterProcessingInitializeOnLoad (0ms)
			EditorAssembliesLoaded (0ms)
		ExecutionOrderSort2 (0ms)
		AwakeInstancesAfterBackupRestoration (0ms)
========================================================================
Worker process is ready to serve import requests
Begin MonoManager ReloadAssembly
Duplicate assembly 'Supabase.Realtime.dll' with different versions detected, using 'Assets/Packages/Supabase.Realtime.7.0.2/lib/netstandard2.1/Supabase.Realtime.dll, AssemblyName=Supabase.Realtime, Version=7.0.2.0, Culture=neutral, PublicKeyToken=null' and ignoring 'Assets/Packages/realtime-csharp.6.0.4/lib/netstandard2.0/Supabase.Realtime.dll, AssemblyName=Supabase.Realtime, Version=6.0.4.0, Culture=neutral, PublicKeyToken=null'.Duplicate assembly 'Supabase.Functions.dll' with different versions detected, using 'Assets/Packages/Supabase.Functions.2.0.0/lib/netstandard2.0/Supabase.Functions.dll, AssemblyName=Supabase.Functions, Version=2.0.0.0, Culture=neutral, PublicKeyToken=null' and ignoring 'Assets/Packages/functions-csharp.1.3.2/lib/netstandard2.0/Supabase.Functions.dll, AssemblyName=Supabase.Functions, Version=1.3.2.0, Culture=neutral, PublicKeyToken=null'.Duplicate assembly 'Supabase.Gotrue.dll' with different versions detected, using 'Assets/Packages/Supabase.Gotrue.6.0.3/lib/netstandard2.1/Supabase.Gotrue.dll, AssemblyName=Supabase.Gotrue, Version=6.0.3.0, Culture=neutral, PublicKeyToken=null' and ignoring 'Assets/Packages/gotrue-csharp.4.2.7/lib/netstandard2.0/Supabase.Gotrue.dll, AssemblyName=Supabase.Gotrue, Version=4.2.7.0, Culture=neutral, PublicKeyToken=null'.Duplicate assembly 'Supabase.Storage.dll' with different versions detected, using 'Assets/Packages/Supabase.Storage.2.0.2/lib/netstandard2.0/Supabase.Storage.dll, AssemblyName=Supabase.Storage, Version=2.0.2.0, Culture=neutral, PublicKeyToken=null' and ignoring 'Assets/Packages/supabase-storage-csharp.1.4.0/lib/netstandard2.0/Supabase.Storage.dll, AssemblyName=Supabase.Storage, Version=1.4.0.0, Culture=neutral, PublicKeyToken=null'.Duplicate assembly 'Supabase.Postgrest.dll' with different versions detected, using 'Assets/Packages/Supabase.Postgrest.4.0.3/lib/netstandard2.0/Supabase.Postgrest.dll, AssemblyName=Supabase.Postgrest, Version=4.0.3.0, Culture=neutral, PublicKeyToken=null' and ignoring 'Assets/Packages/postgrest-csharp.3.5.1/lib/netstandard2.0/Supabase.Postgrest.dll, AssemblyName=Supabase.Postgrest, Version=3.5.1.0, Culture=neutral, PublicKeyToken=null'.Duplicate assembly 'Supabase.dll' with different versions detected, using 'Assets/Packages/Supabase.1.1.1/lib/netstandard2.1/Supabase.dll, AssemblyName=Supabase, Version=1.1.1.0, Culture=neutral, PublicKeyToken=null' and ignoring 'Assets/Packages/supabase-csharp.0.16.2/lib/netstandard2.0/Supabase.dll, AssemblyName=Supabase, Version=0.16.2.0, Culture=neutral, PublicKeyToken=null'.- Loaded All Assemblies, in  2.315 seconds
Refreshing native plugins compatible for Editor in 59.17 ms, found 4 plugins.
Native extension for WindowsStandalone target not found
Native extension for WebGL target not found
Package Manager log level set to [2]
[Package Manager] Server::EnsureServerProcessIsRunning -- launch failed, reason: Unity was launched with the -noUpm command-line argument
[Package Manager] UpmClient::Send -- Unable to send message (not connected to UPM process).
[Package Manager] Cannot connect to Unity Package Manager local server
Mono: successfully reloaded assembly
- Finished resetting the current domain, in  1.183 seconds
Domain Reload Profiling: 3475ms
	BeginReloadAssembly (229ms)
		ExecutionOrderSort (0ms)
		DisableScriptedObjects (6ms)
		BackupInstance (0ms)
		ReleaseScriptingObjects (0ms)
		CreateAndSetChildDomain (25ms)
	RebuildCommonClasses (46ms)
	RebuildNativeTypeToScriptingClass (11ms)
	initialDomainReloadingComplete (125ms)
	LoadAllAssembliesAndSetupDomain (1880ms)
		LoadAssemblies (1668ms)
		RebuildTransferFunctionScriptingTraits (0ms)
		AnalyzeDomain (362ms)
			TypeCache.Refresh (324ms)
				TypeCache.ScanAssembly (302ms)
			ScanForSourceGeneratedMonoScriptInfo (28ms)
			ResolveRequiredComponents (9ms)
	FinalizeReload (1183ms)
		ReleaseScriptCaches (0ms)
		RebuildScriptCaches (0ms)
		SetupLoadedEditorAssemblies (991ms)
			LogAssemblyErrors (0ms)
			InitializePlatformSupportModulesInManaged (17ms)
			SetLoadedEditorAssemblies (5ms)
			RefreshPlugins (0ms)
			BeforeProcessingInitializeOnLoad (158ms)
			ProcessInitializeOnLoadAttributes (724ms)
			ProcessInitializeOnLoadMethodAttributes (56ms)
			AfterProcessingInitializeOnLoad (30ms)
			EditorAssembliesLoaded (0ms)
		ExecutionOrderSort2 (0ms)
		AwakeInstancesAfterBackupRestoration (13ms)
Launched and connected shader compiler UnityShaderCompiler.exe after 0.10 seconds
Refreshing native plugins compatible for Editor in 58.15 ms, found 4 plugins.
Preloading 0 native plugins for Editor in 0.00 ms.
Unloading 4661 Unused Serialized files (Serialized files now loaded: 0)
Unloading 159 unused Assets / (178.4 KB). Loaded Objects now: 5047.
Memory consumption went from 156.3 MB to 156.1 MB.
Total: 5.647700 ms (FindLiveObjects: 0.329300 ms CreateObjectMapping: 0.272500 ms MarkObjects: 4.710000 ms  DeleteObjects: 0.334700 ms)

AssetImportParameters requested are different than current active one (requested -> active):
  custom:container-demuxer-ogg: 62fdf1f143b41e24485cea50d1cbac27 -> 
  custom:video-codec-MediaFoundation-h265: 746d11721c4dcdbdad8f713fa42b33f4 -> 
  custom:video-decoder-ogg-theora: a1e56fd34408186e4bbccfd4996cb3dc -> 
  custom:framework-win-MediaFoundation: 216162199b28c13a410421893ffa2e32 -> 
  custom:container-demuxer-webm: 4f35f7cbe854078d1ac9338744f61a02 -> 
  custom:container-muxer-webm: aa71ff27fc2769a1b78a27578f13a17b -> 
  custom:video-decoder-webm-vp8: 9c59270c3fd7afecdb556c50c9e8de78 -> 
  custom:SearchIndexIgnoredProperties: e643bd26f0fe6173181afceb89e7c659 -> 
  custom:AudioImporter_EditorPlatform: d09bf68614088b80899f8185d706f6e7 -> 
  custom:video-encoder-webm-vp8: eb34c28f22e8b96e1ab97ce403110664 -> 
  custom:audio-decoder-ogg-vorbis: bf7c407c2cedff20999df2af8eb42d56 -> 
  custom:audio-encoder-webm-vorbis: bf7c407c2cedff20999df2af8eb42d56 -> 
========================================================================
Received Import Request.
  Time since last request: 235521.145022 seconds.
  path: Assets/Scenes
  artifactKey: Guid(131a6b21c8605f84396be9f6751fb6e3) Importer(815301076,1909f56bfc062723c751e8b465ee728b)
Start importing Assets/Scenes using Guid(131a6b21c8605f84396be9f6751fb6e3) Importer(815301076,1909f56bfc062723c751e8b465ee728b)  -> (artifact id: 'd99c5e1824b8c2005b15e18b2aeeaaf6') in 0.003305 seconds
Number of updated asset objects reloaded before import = 0
Number of asset objects unloaded after import = 0
========================================================================
Received Import Request.
  Time since last request: 0.000025 seconds.
  path: Assets/Scenes/MainScene.unity
  artifactKey: Guid(2cda990e2423bbf4892e6590ba056729) Importer(815301076,1909f56bfc062723c751e8b465ee728b)
Start importing Assets/Scenes/MainScene.unity using Guid(2cda990e2423bbf4892e6590ba056729) Importer(815301076,1909f56bfc062723c751e8b465ee728b)  -> (artifact id: 'a87900e23b29ee1cdbdcf8ea8ec6e2ab') in 0.000751 seconds
Number of updated asset objects reloaded before import = 0
Number of asset objects unloaded after import = 0
========================================================================
Received Prepare
Refreshing native plugins compatible for Editor in 62.02 ms, found 4 plugins.
Preloading 0 native plugins for Editor in 0.00 ms.
Unloading 1 Unused Serialized files (Serialized files now loaded: 0)
Unloading 2 unused Assets / (74.3 KB). Loaded Objects now: 5047.
Memory consumption went from 77.5 MB to 77.4 MB.
Total: 4.688200 ms (FindLiveObjects: 0.301400 ms CreateObjectMapping: 0.121800 ms MarkObjects: 4.220000 ms  DeleteObjects: 0.044100 ms)

Prepare: number of updated asset objects reloaded= 0
AssetImportParameters requested are different than current active one (requested -> active):
  custom:container-demuxer-ogg: 62fdf1f143b41e24485cea50d1cbac27 -> 
  custom:video-codec-MediaFoundation-h265: 746d11721c4dcdbdad8f713fa42b33f4 -> 
  custom:video-decoder-ogg-theora: a1e56fd34408186e4bbccfd4996cb3dc -> 
  custom:framework-win-MediaFoundation: 216162199b28c13a410421893ffa2e32 -> 
  custom:CustomObjectIndexerAttribute: 756ad292c208cfabdd7b50bc23989ffe -> 
  custom:container-demuxer-webm: 4f35f7cbe854078d1ac9338744f61a02 -> 
  custom:container-muxer-webm: aa71ff27fc2769a1b78a27578f13a17b -> 
  custom:video-decoder-webm-vp8: 9c59270c3fd7afecdb556c50c9e8de78 -> 
  custom:SearchIndexIgnoredProperties: e643bd26f0fe6173181afceb89e7c659 -> 
  custom:AudioImporter_EditorPlatform: d09bf68614088b80899f8185d706f6e7 -> 
  custom:video-encoder-webm-vp8: eb34c28f22e8b96e1ab97ce403110664 -> 
  custom:audio-decoder-ogg-vorbis: bf7c407c2cedff20999df2af8eb42d56 -> 
  custom:audio-encoder-webm-vorbis: bf7c407c2cedff20999df2af8eb42d56 -> 
========================================================================
Received Prepare
Begin MonoManager ReloadAssembly
Duplicate assembly 'Supabase.Realtime.dll' with different versions detected, using 'Assets/Packages/Supabase.Realtime.7.0.2/lib/netstandard2.1/Supabase.Realtime.dll, AssemblyName=Supabase.Realtime, Version=7.0.2.0, Culture=neutral, PublicKeyToken=null' and ignoring 'Assets/Packages/realtime-csharp.6.0.4/lib/netstandard2.0/Supabase.Realtime.dll, AssemblyName=Supabase.Realtime, Version=6.0.4.0, Culture=neutral, PublicKeyToken=null'.Duplicate assembly 'Supabase.Functions.dll' with different versions detected, using 'Assets/Packages/Supabase.Functions.2.0.0/lib/netstandard2.0/Supabase.Functions.dll, AssemblyName=Supabase.Functions, Version=2.0.0.0, Culture=neutral, PublicKeyToken=null' and ignoring 'Assets/Packages/functions-csharp.1.3.2/lib/netstandard2.0/Supabase.Functions.dll, AssemblyName=Supabase.Functions, Version=1.3.2.0, Culture=neutral, PublicKeyToken=null'.Duplicate assembly 'Supabase.Gotrue.dll' with different versions detected, using 'Assets/Packages/Supabase.Gotrue.6.0.3/lib/netstandard2.1/Supabase.Gotrue.dll, AssemblyName=Supabase.Gotrue, Version=6.0.3.0, Culture=neutral, PublicKeyToken=null' and ignoring 'Assets/Packages/gotrue-csharp.4.2.7/lib/netstandard2.0/Supabase.Gotrue.dll, AssemblyName=Supabase.Gotrue, Version=4.2.7.0, Culture=neutral, PublicKeyToken=null'.Duplicate assembly 'Supabase.Storage.dll' with different versions detected, using 'Assets/Packages/Supabase.Storage.2.0.2/lib/netstandard2.0/Supabase.Storage.dll, AssemblyName=Supabase.Storage, Version=2.0.2.0, Culture=neutral, PublicKeyToken=null' and ignoring 'Assets/Packages/supabase-storage-csharp.1.4.0/lib/netstandard2.0/Supabase.Storage.dll, AssemblyName=Supabase.Storage, Version=1.4.0.0, Culture=neutral, PublicKeyToken=null'.Duplicate assembly 'Supabase.Postgrest.dll' with different versions detected, using 'Assets/Packages/Supabase.Postgrest.4.0.3/lib/netstandard2.0/Supabase.Postgrest.dll, AssemblyName=Supabase.Postgrest, Version=4.0.3.0, Culture=neutral, PublicKeyToken=null' and ignoring 'Assets/Packages/postgrest-csharp.3.5.1/lib/netstandard2.0/Supabase.Postgrest.dll, AssemblyName=Supabase.Postgrest, Version=3.5.1.0, Culture=neutral, PublicKeyToken=null'.Duplicate assembly 'Supabase.dll' with different versions detected, using 'Assets/Packages/Supabase.1.1.1/lib/netstandard2.1/Supabase.dll, AssemblyName=Supabase, Version=1.1.1.0, Culture=neutral, PublicKeyToken=null' and ignoring 'Assets/Packages/supabase-csharp.0.16.2/lib/netstandard2.0/Supabase.dll, AssemblyName=Supabase, Version=0.16.2.0, Culture=neutral, PublicKeyToken=null'.- Loaded All Assemblies, in  2.071 seconds
Refreshing native plugins compatible for Editor in 65.67 ms, found 4 plugins.
Native extension for WindowsStandalone target not found
Native extension for WebGL target not found
[Package Manager] Server::EnsureServerProcessIsRunning -- launch failed, reason: Unity was launched with the -noUpm command-line argument
[Package Manager] UpmClient::Send -- Unable to send message (not connected to UPM process).
[Package Manager] Cannot connect to Unity Package Manager local server
Mono: successfully reloaded assembly
- Finished resetting the current domain, in  2.305 seconds
Domain Reload Profiling: 4352ms
	BeginReloadAssembly (280ms)
		ExecutionOrderSort (0ms)
		DisableScriptedObjects (14ms)
		BackupInstance (0ms)
		ReleaseScriptingObjects (0ms)
		CreateAndSetChildDomain (63ms)
	RebuildCommonClasses (52ms)
	RebuildNativeTypeToScriptingClass (16ms)
	initialDomainReloadingComplete (126ms)
	LoadAllAssembliesAndSetupDomain (1572ms)
		LoadAssemblies (1701ms)
		RebuildTransferFunctionScriptingTraits (0ms)
		AnalyzeDomain (21ms)
			TypeCache.Refresh (8ms)
				TypeCache.ScanAssembly (0ms)
			ScanForSourceGeneratedMonoScriptInfo (0ms)
			ResolveRequiredComponents (11ms)
	FinalizeReload (2306ms)
		ReleaseScriptCaches (0ms)
		RebuildScriptCaches (0ms)
		SetupLoadedEditorAssemblies (973ms)
			LogAssemblyErrors (0ms)
			InitializePlatformSupportModulesInManaged (14ms)
			SetLoadedEditorAssemblies (6ms)
			RefreshPlugins (0ms)
			BeforeProcessingInitializeOnLoad (196ms)
			ProcessInitializeOnLoadAttributes (668ms)
			ProcessInitializeOnLoadMethodAttributes (56ms)
			AfterProcessingInitializeOnLoad (33ms)
			EditorAssembliesLoaded (0ms)
		ExecutionOrderSort2 (0ms)
		AwakeInstancesAfterBackupRestoration (22ms)
Refreshing native plugins compatible for Editor in 81.05 ms, found 4 plugins.
Preloading 0 native plugins for Editor in 0.00 ms.
Unloading 4635 Unused Serialized files (Serialized files now loaded: 0)
Unloading 114 unused Assets / (149.3 KB). Loaded Objects now: 5064.
Memory consumption went from 150.2 MB to 150.1 MB.
Total: 6.044700 ms (FindLiveObjects: 0.469500 ms CreateObjectMapping: 0.338200 ms MarkObjects: 5.008200 ms  DeleteObjects: 0.227700 ms)

Prepare: number of updated asset objects reloaded= 0
AssetImportParameters requested are different than current active one (requested -> active):
  custom:container-demuxer-ogg: 62fdf1f143b41e24485cea50d1cbac27 -> 
  custom:video-codec-MediaFoundation-h265: 746d11721c4dcdbdad8f713fa42b33f4 -> 
  custom:video-decoder-ogg-theora: a1e56fd34408186e4bbccfd4996cb3dc -> 
  custom:framework-win-MediaFoundation: 216162199b28c13a410421893ffa2e32 -> 
  custom:CustomObjectIndexerAttribute: 756ad292c208cfabdd7b50bc23989ffe -> 
  custom:container-demuxer-webm: 4f35f7cbe854078d1ac9338744f61a02 -> 
  custom:container-muxer-webm: aa71ff27fc2769a1b78a27578f13a17b -> 
  custom:video-decoder-webm-vp8: 9c59270c3fd7afecdb556c50c9e8de78 -> 
  custom:SearchIndexIgnoredProperties: e643bd26f0fe6173181afceb89e7c659 -> 
  custom:AudioImporter_EditorPlatform: d09bf68614088b80899f8185d706f6e7 -> 
  custom:video-encoder-webm-vp8: eb34c28f22e8b96e1ab97ce403110664 -> 
  custom:audio-decoder-ogg-vorbis: bf7c407c2cedff20999df2af8eb42d56 -> 
  custom:audio-encoder-webm-vorbis: bf7c407c2cedff20999df2af8eb42d56 -> 
========================================================================
Received Prepare
Begin MonoManager ReloadAssembly
Duplicate assembly 'Supabase.Realtime.dll' with different versions detected, using 'Assets/Packages/Supabase.Realtime.7.0.2/lib/netstandard2.1/Supabase.Realtime.dll, AssemblyName=Supabase.Realtime, Version=7.0.2.0, Culture=neutral, PublicKeyToken=null' and ignoring 'Assets/Packages/realtime-csharp.6.0.4/lib/netstandard2.0/Supabase.Realtime.dll, AssemblyName=Supabase.Realtime, Version=6.0.4.0, Culture=neutral, PublicKeyToken=null'.Duplicate assembly 'Supabase.Functions.dll' with different versions detected, using 'Assets/Packages/Supabase.Functions.2.0.0/lib/netstandard2.0/Supabase.Functions.dll, AssemblyName=Supabase.Functions, Version=2.0.0.0, Culture=neutral, PublicKeyToken=null' and ignoring 'Assets/Packages/functions-csharp.1.3.2/lib/netstandard2.0/Supabase.Functions.dll, AssemblyName=Supabase.Functions, Version=1.3.2.0, Culture=neutral, PublicKeyToken=null'.Duplicate assembly 'Supabase.Gotrue.dll' with different versions detected, using 'Assets/Packages/Supabase.Gotrue.6.0.3/lib/netstandard2.1/Supabase.Gotrue.dll, AssemblyName=Supabase.Gotrue, Version=6.0.3.0, Culture=neutral, PublicKeyToken=null' and ignoring 'Assets/Packages/gotrue-csharp.4.2.7/lib/netstandard2.0/Supabase.Gotrue.dll, AssemblyName=Supabase.Gotrue, Version=4.2.7.0, Culture=neutral, PublicKeyToken=null'.Duplicate assembly 'Supabase.Storage.dll' with different versions detected, using 'Assets/Packages/Supabase.Storage.2.0.2/lib/netstandard2.0/Supabase.Storage.dll, AssemblyName=Supabase.Storage, Version=2.0.2.0, Culture=neutral, PublicKeyToken=null' and ignoring 'Assets/Packages/supabase-storage-csharp.1.4.0/lib/netstandard2.0/Supabase.Storage.dll, AssemblyName=Supabase.Storage, Version=1.4.0.0, Culture=neutral, PublicKeyToken=null'.Duplicate assembly 'Supabase.Postgrest.dll' with different versions detected, using 'Assets/Packages/Supabase.Postgrest.4.0.3/lib/netstandard2.0/Supabase.Postgrest.dll, AssemblyName=Supabase.Postgrest, Version=4.0.3.0, Culture=neutral, PublicKeyToken=null' and ignoring 'Assets/Packages/postgrest-csharp.3.5.1/lib/netstandard2.0/Supabase.Postgrest.dll, AssemblyName=Supabase.Postgrest, Version=3.5.1.0, Culture=neutral, PublicKeyToken=null'.Duplicate assembly 'Supabase.dll' with different versions detected, using 'Assets/Packages/Supabase.1.1.1/lib/netstandard2.1/Supabase.dll, AssemblyName=Supabase, Version=1.1.1.0, Culture=neutral, PublicKeyToken=null' and ignoring 'Assets/Packages/supabase-csharp.0.16.2/lib/netstandard2.0/Supabase.dll, AssemblyName=Supabase, Version=0.16.2.0, Culture=neutral, PublicKeyToken=null'.- Loaded All Assemblies, in  2.036 seconds
Refreshing native plugins compatible for Editor in 56.06 ms, found 4 plugins.
Native extension for WindowsStandalone target not found
Native extension for WebGL target not found
[Package Manager] Server::EnsureServerProcessIsRunning -- launch failed, reason: Unity was launched with the -noUpm command-line argument
[Package Manager] UpmClient::Send -- Unable to send message (not connected to UPM process).
[Package Manager] Cannot connect to Unity Package Manager local server
Mono: successfully reloaded assembly
- Finished resetting the current domain, in  1.965 seconds
Domain Reload Profiling: 3979ms
	BeginReloadAssembly (316ms)
		ExecutionOrderSort (0ms)
		DisableScriptedObjects (16ms)
		BackupInstance (0ms)
		ReleaseScriptingObjects (0ms)
		CreateAndSetChildDomain (57ms)
	RebuildCommonClasses (53ms)
	RebuildNativeTypeToScriptingClass (14ms)
	initialDomainReloadingComplete (128ms)
	LoadAllAssembliesAndSetupDomain (1502ms)
		LoadAssemblies (1663ms)
		RebuildTransferFunctionScriptingTraits (0ms)
		AnalyzeDomain (16ms)
			TypeCache.Refresh (6ms)
				TypeCache.ScanAssembly (0ms)
			ScanForSourceGeneratedMonoScriptInfo (0ms)
			ResolveRequiredComponents (9ms)
	FinalizeReload (1966ms)
		ReleaseScriptCaches (0ms)
		RebuildScriptCaches (0ms)
		SetupLoadedEditorAssemblies (703ms)
			LogAssemblyErrors (0ms)
			InitializePlatformSupportModulesInManaged (14ms)
			SetLoadedEditorAssemblies (5ms)
			RefreshPlugins (0ms)
			BeforeProcessingInitializeOnLoad (143ms)
			ProcessInitializeOnLoadAttributes (479ms)
			ProcessInitializeOnLoadMethodAttributes (39ms)
			AfterProcessingInitializeOnLoad (23ms)
			EditorAssembliesLoaded (0ms)
		ExecutionOrderSort2 (0ms)
		AwakeInstancesAfterBackupRestoration (15ms)
Refreshing native plugins compatible for Editor in 56.58 ms, found 4 plugins.
Preloading 0 native plugins for Editor in 0.00 ms.
Unloading 4635 Unused Serialized files (Serialized files now loaded: 0)
Unloading 114 unused Assets / (149.4 KB). Loaded Objects now: 5080.
Memory consumption went from 150.2 MB to 150.1 MB.
Total: 3.871300 ms (FindLiveObjects: 0.321200 ms CreateObjectMapping: 0.135400 ms MarkObjects: 3.256700 ms  DeleteObjects: 0.157300 ms)

Prepare: number of updated asset objects reloaded= 0
AssetImportParameters requested are different than current active one (requested -> active):
  custom:container-demuxer-ogg: 62fdf1f143b41e24485cea50d1cbac27 -> 
  custom:video-codec-MediaFoundation-h265: 746d11721c4dcdbdad8f713fa42b33f4 -> 
  custom:video-decoder-ogg-theora: a1e56fd34408186e4bbccfd4996cb3dc -> 
  custom:framework-win-MediaFoundation: 216162199b28c13a410421893ffa2e32 -> 
  custom:CustomObjectIndexerAttribute: 756ad292c208cfabdd7b50bc23989ffe -> 
  custom:container-demuxer-webm: 4f35f7cbe854078d1ac9338744f61a02 -> 
  custom:container-muxer-webm: aa71ff27fc2769a1b78a27578f13a17b -> 
  custom:video-decoder-webm-vp8: 9c59270c3fd7afecdb556c50c9e8de78 -> 
  custom:SearchIndexIgnoredProperties: e643bd26f0fe6173181afceb89e7c659 -> 
  custom:AudioImporter_EditorPlatform: d09bf68614088b80899f8185d706f6e7 -> 
  custom:video-encoder-webm-vp8: eb34c28f22e8b96e1ab97ce403110664 -> 
  custom:audio-decoder-ogg-vorbis: bf7c407c2cedff20999df2af8eb42d56 -> 
  custom:audio-encoder-webm-vorbis: bf7c407c2cedff20999df2af8eb42d56 -> 
========================================================================
Received Import Request.
  Time since last request: 1293.504146 seconds.
  path: Assets/Scripts/LoginStuffScript.cs
  artifactKey: Guid(e0a9593d526e11640a45d8957f035b8e) Importer(815301076,1909f56bfc062723c751e8b465ee728b)
Start importing Assets/Scripts/LoginStuffScript.cs using Guid(e0a9593d526e11640a45d8957f035b8e) Importer(815301076,1909f56bfc062723c751e8b465ee728b)  -> (artifact id: '6ccbf5b7c5d322f68936d84c4cf11047') in 0.003739 seconds
Number of updated asset objects reloaded before import = 0
Number of asset objects unloaded after import = 0
========================================================================
Received Import Request.
  Time since last request: 0.000029 seconds.
  path: Assets/Scripts/Checkpoint.cs
  artifactKey: Guid(a2d435b93a5a617498ab3ec1d6f7ddc6) Importer(815301076,1909f56bfc062723c751e8b465ee728b)
Start importing Assets/Scripts/Checkpoint.cs using Guid(a2d435b93a5a617498ab3ec1d6f7ddc6) Importer(815301076,1909f56bfc062723c751e8b465ee728b)  -> (artifact id: 'cbf07162cc1bdad582a0161e987365a7') in 0.000642 seconds
Number of updated asset objects reloaded before import = 0
Number of asset objects unloaded after import = 0
========================================================================
Received Prepare
Begin MonoManager ReloadAssembly
Duplicate assembly 'Supabase.Realtime.dll' with different versions detected, using 'Assets/Packages/Supabase.Realtime.7.0.2/lib/netstandard2.1/Supabase.Realtime.dll, AssemblyName=Supabase.Realtime, Version=7.0.2.0, Culture=neutral, PublicKeyToken=null' and ignoring 'Assets/Packages/realtime-csharp.6.0.4/lib/netstandard2.0/Supabase.Realtime.dll, AssemblyName=Supabase.Realtime, Version=6.0.4.0, Culture=neutral, PublicKeyToken=null'.Duplicate assembly 'Supabase.Functions.dll' with different versions detected, using 'Assets/Packages/Supabase.Functions.2.0.0/lib/netstandard2.0/Supabase.Functions.dll, AssemblyName=Supabase.Functions, Version=2.0.0.0, Culture=neutral, PublicKeyToken=null' and ignoring 'Assets/Packages/functions-csharp.1.3.2/lib/netstandard2.0/Supabase.Functions.dll, AssemblyName=Supabase.Functions, Version=1.3.2.0, Culture=neutral, PublicKeyToken=null'.Duplicate assembly 'Supabase.Gotrue.dll' with different versions detected, using 'Assets/Packages/Supabase.Gotrue.6.0.3/lib/netstandard2.1/Supabase.Gotrue.dll, AssemblyName=Supabase.Gotrue, Version=6.0.3.0, Culture=neutral, PublicKeyToken=null' and ignoring 'Assets/Packages/gotrue-csharp.4.2.7/lib/netstandard2.0/Supabase.Gotrue.dll, AssemblyName=Supabase.Gotrue, Version=4.2.7.0, Culture=neutral, PublicKeyToken=null'.Duplicate assembly 'Supabase.Storage.dll' with different versions detected, using 'Assets/Packages/Supabase.Storage.2.0.2/lib/netstandard2.0/Supabase.Storage.dll, AssemblyName=Supabase.Storage, Version=2.0.2.0, Culture=neutral, PublicKeyToken=null' and ignoring 'Assets/Packages/supabase-storage-csharp.1.4.0/lib/netstandard2.0/Supabase.Storage.dll, AssemblyName=Supabase.Storage, Version=1.4.0.0, Culture=neutral, PublicKeyToken=null'.Duplicate assembly 'Supabase.Postgrest.dll' with different versions detected, using 'Assets/Packages/Supabase.Postgrest.4.0.3/lib/netstandard2.0/Supabase.Postgrest.dll, AssemblyName=Supabase.Postgrest, Version=4.0.3.0, Culture=neutral, PublicKeyToken=null' and ignoring 'Assets/Packages/postgrest-csharp.3.5.1/lib/netstandard2.0/Supabase.Postgrest.dll, AssemblyName=Supabase.Postgrest, Version=3.5.1.0, Culture=neutral, PublicKeyToken=null'.Duplicate assembly 'Supabase.dll' with different versions detected, using 'Assets/Packages/Supabase.1.1.1/lib/netstandard2.1/Supabase.dll, AssemblyName=Supabase, Version=1.1.1.0, Culture=neutral, PublicKeyToken=null' and ignoring 'Assets/Packages/supabase-csharp.0.16.2/lib/netstandard2.0/Supabase.dll, AssemblyName=Supabase, Version=0.16.2.0, Culture=neutral, PublicKeyToken=null'.- Loaded All Assemblies, in  1.911 seconds
Refreshing native plugins compatible for Editor in 67.03 ms, found 4 plugins.
Native extension for WindowsStandalone target not found
Native extension for WebGL target not found
[Package Manager] Server::EnsureServerProcessIsRunning -- launch failed, reason: Unity was launched with the -noUpm command-line argument
[Package Manager] UpmClient::Send -- Unable to send message (not connected to UPM process).
[Package Manager] Cannot connect to Unity Package Manager local server
Mono: successfully reloaded assembly
- Finished resetting the current domain, in  1.910 seconds
Domain Reload Profiling: 3801ms
	BeginReloadAssembly (252ms)
		ExecutionOrderSort (0ms)
		DisableScriptedObjects (14ms)
		BackupInstance (0ms)
		ReleaseScriptingObjects (0ms)
		CreateAndSetChildDomain (54ms)
	RebuildCommonClasses (48ms)
	RebuildNativeTypeToScriptingClass (18ms)
	initialDomainReloadingComplete (109ms)
	LoadAllAssembliesAndSetupDomain (1464ms)
		LoadAssemblies (1564ms)
		RebuildTransferFunctionScriptingTraits (0ms)
		AnalyzeDomain (36ms)
			TypeCache.Refresh (14ms)
				TypeCache.ScanAssembly (4ms)
			ScanForSourceGeneratedMonoScriptInfo (11ms)
			ResolveRequiredComponents (10ms)
	FinalizeReload (1910ms)
		ReleaseScriptCaches (0ms)
		RebuildScriptCaches (0ms)
		SetupLoadedEditorAssemblies (683ms)
			LogAssemblyErrors (0ms)
			InitializePlatformSupportModulesInManaged (13ms)
			SetLoadedEditorAssemblies (5ms)
			RefreshPlugins (0ms)
			BeforeProcessingInitializeOnLoad (146ms)
			ProcessInitializeOnLoadAttributes (446ms)
			ProcessInitializeOnLoadMethodAttributes (47ms)
			AfterProcessingInitializeOnLoad (25ms)
			EditorAssembliesLoaded (0ms)
		ExecutionOrderSort2 (0ms)
		AwakeInstancesAfterBackupRestoration (20ms)
Refreshing native plugins compatible for Editor in 51.04 ms, found 4 plugins.
Preloading 0 native plugins for Editor in 0.00 ms.
Unloading 4635 Unused Serialized files (Serialized files now loaded: 0)
Unloading 114 unused Assets / (149.2 KB). Loaded Objects now: 5097.
Memory consumption went from 150.0 MB to 149.9 MB.
Total: 4.199800 ms (FindLiveObjects: 0.360600 ms CreateObjectMapping: 0.325800 ms MarkObjects: 3.366600 ms  DeleteObjects: 0.145900 ms)

Prepare: number of updated asset objects reloaded= 0
AssetImportParameters requested are different than current active one (requested -> active):
  custom:container-demuxer-ogg: 62fdf1f143b41e24485cea50d1cbac27 -> 
  custom:video-codec-MediaFoundation-h265: 746d11721c4dcdbdad8f713fa42b33f4 -> 
  custom:video-decoder-ogg-theora: a1e56fd34408186e4bbccfd4996cb3dc -> 
  custom:framework-win-MediaFoundation: 216162199b28c13a410421893ffa2e32 -> 
  custom:CustomObjectIndexerAttribute: 756ad292c208cfabdd7b50bc23989ffe -> 
  custom:container-demuxer-webm: 4f35f7cbe854078d1ac9338744f61a02 -> 
  custom:container-muxer-webm: aa71ff27fc2769a1b78a27578f13a17b -> 
  custom:video-decoder-webm-vp8: 9c59270c3fd7afecdb556c50c9e8de78 -> 
  custom:SearchIndexIgnoredProperties: e643bd26f0fe6173181afceb89e7c659 -> 
  custom:AudioImporter_EditorPlatform: d09bf68614088b80899f8185d706f6e7 -> 
  custom:video-encoder-webm-vp8: eb34c28f22e8b96e1ab97ce403110664 -> 
  custom:audio-decoder-ogg-vorbis: bf7c407c2cedff20999df2af8eb42d56 -> 
  custom:audio-encoder-webm-vorbis: bf7c407c2cedff20999df2af8eb42d56 -> 
========================================================================
Received Prepare
Begin MonoManager ReloadAssembly
Duplicate assembly 'Supabase.Realtime.dll' with different versions detected, using 'Assets/Packages/Supabase.Realtime.7.0.2/lib/netstandard2.1/Supabase.Realtime.dll, AssemblyName=Supabase.Realtime, Version=7.0.2.0, Culture=neutral, PublicKeyToken=null' and ignoring 'Assets/Packages/realtime-csharp.6.0.4/lib/netstandard2.0/Supabase.Realtime.dll, AssemblyName=Supabase.Realtime, Version=6.0.4.0, Culture=neutral, PublicKeyToken=null'.Duplicate assembly 'Supabase.Functions.dll' with different versions detected, using 'Assets/Packages/Supabase.Functions.2.0.0/lib/netstandard2.0/Supabase.Functions.dll, AssemblyName=Supabase.Functions, Version=2.0.0.0, Culture=neutral, PublicKeyToken=null' and ignoring 'Assets/Packages/functions-csharp.1.3.2/lib/netstandard2.0/Supabase.Functions.dll, AssemblyName=Supabase.Functions, Version=1.3.2.0, Culture=neutral, PublicKeyToken=null'.Duplicate assembly 'Supabase.Gotrue.dll' with different versions detected, using 'Assets/Packages/Supabase.Gotrue.6.0.3/lib/netstandard2.1/Supabase.Gotrue.dll, AssemblyName=Supabase.Gotrue, Version=6.0.3.0, Culture=neutral, PublicKeyToken=null' and ignoring 'Assets/Packages/gotrue-csharp.4.2.7/lib/netstandard2.0/Supabase.Gotrue.dll, AssemblyName=Supabase.Gotrue, Version=4.2.7.0, Culture=neutral, PublicKeyToken=null'.Duplicate assembly 'Supabase.Storage.dll' with different versions detected, using 'Assets/Packages/Supabase.Storage.2.0.2/lib/netstandard2.0/Supabase.Storage.dll, AssemblyName=Supabase.Storage, Version=2.0.2.0, Culture=neutral, PublicKeyToken=null' and ignoring 'Assets/Packages/supabase-storage-csharp.1.4.0/lib/netstandard2.0/Supabase.Storage.dll, AssemblyName=Supabase.Storage, Version=1.4.0.0, Culture=neutral, PublicKeyToken=null'.Duplicate assembly 'Supabase.Postgrest.dll' with different versions detected, using 'Assets/Packages/Supabase.Postgrest.4.0.3/lib/netstandard2.0/Supabase.Postgrest.dll, AssemblyName=Supabase.Postgrest, Version=4.0.3.0, Culture=neutral, PublicKeyToken=null' and ignoring 'Assets/Packages/postgrest-csharp.3.5.1/lib/netstandard2.0/Supabase.Postgrest.dll, AssemblyName=Supabase.Postgrest, Version=3.5.1.0, Culture=neutral, PublicKeyToken=null'.Duplicate assembly 'Supabase.dll' with different versions detected, using 'Assets/Packages/Supabase.1.1.1/lib/netstandard2.1/Supabase.dll, AssemblyName=Supabase, Version=1.1.1.0, Culture=neutral, PublicKeyToken=null' and ignoring 'Assets/Packages/supabase-csharp.0.16.2/lib/netstandard2.0/Supabase.dll, AssemblyName=Supabase, Version=0.16.2.0, Culture=neutral, PublicKeyToken=null'.- Loaded All Assemblies, in  2.446 seconds
Refreshing native plugins compatible for Editor in 74.54 ms, found 4 plugins.
Native extension for WindowsStandalone target not found
Native extension for WebGL target not found
[Package Manager] Server::EnsureServerProcessIsRunning -- launch failed, reason: Unity was launched with the -noUpm command-line argument
[Package Manager] UpmClient::Send -- Unable to send message (not connected to UPM process).
[Package Manager] Cannot connect to Unity Package Manager local server
Mono: successfully reloaded assembly
- Finished resetting the current domain, in  2.406 seconds
Domain Reload Profiling: 4826ms
	BeginReloadAssembly (310ms)
		ExecutionOrderSort (0ms)
		DisableScriptedObjects (21ms)
		BackupInstance (0ms)
		ReleaseScriptingObjects (0ms)
		CreateAndSetChildDomain (60ms)
	RebuildCommonClasses (50ms)
	RebuildNativeTypeToScriptingClass (18ms)
	initialDomainReloadingComplete (132ms)
	LoadAllAssembliesAndSetupDomain (1911ms)
		LoadAssemblies (2063ms)
		RebuildTransferFunctionScriptingTraits (0ms)
		AnalyzeDomain (18ms)
			TypeCache.Refresh (6ms)
				TypeCache.ScanAssembly (0ms)
			ScanForSourceGeneratedMonoScriptInfo (0ms)
			ResolveRequiredComponents (11ms)
	FinalizeReload (2406ms)
		ReleaseScriptCaches (0ms)
		RebuildScriptCaches (0ms)
		SetupLoadedEditorAssemblies (901ms)
			LogAssemblyErrors (0ms)
			InitializePlatformSupportModulesInManaged (18ms)
			SetLoadedEditorAssemblies (7ms)
			RefreshPlugins (0ms)
			BeforeProcessingInitializeOnLoad (185ms)
			ProcessInitializeOnLoadAttributes (607ms)
			ProcessInitializeOnLoadMethodAttributes (53ms)
			AfterProcessingInitializeOnLoad (31ms)
			EditorAssembliesLoaded (0ms)
		ExecutionOrderSort2 (0ms)
		AwakeInstancesAfterBackupRestoration (20ms)
Refreshing native plugins compatible for Editor in 67.54 ms, found 4 plugins.
Preloading 0 native plugins for Editor in 0.00 ms.
Unloading 4636 Unused Serialized files (Serialized files now loaded: 0)
Unloading 114 unused Assets / (149.4 KB). Loaded Objects now: 5113.
Memory consumption went from 150.3 MB to 150.1 MB.
Total: 4.807400 ms (FindLiveObjects: 0.621000 ms CreateObjectMapping: 0.251300 ms MarkObjects: 3.769500 ms  DeleteObjects: 0.164800 ms)

Prepare: number of updated asset objects reloaded= 0
AssetImportParameters requested are different than current active one (requested -> active):
  custom:container-demuxer-ogg: 62fdf1f143b41e24485cea50d1cbac27 -> 
  custom:video-codec-MediaFoundation-h265: 746d11721c4dcdbdad8f713fa42b33f4 -> 
  custom:video-decoder-ogg-theora: a1e56fd34408186e4bbccfd4996cb3dc -> 
  custom:framework-win-MediaFoundation: 216162199b28c13a410421893ffa2e32 -> 
  custom:CustomObjectIndexerAttribute: 756ad292c208cfabdd7b50bc23989ffe -> 
  custom:container-demuxer-webm: 4f35f7cbe854078d1ac9338744f61a02 -> 
  custom:container-muxer-webm: aa71ff27fc2769a1b78a27578f13a17b -> 
  custom:video-decoder-webm-vp8: 9c59270c3fd7afecdb556c50c9e8de78 -> 
  custom:SearchIndexIgnoredProperties: e643bd26f0fe6173181afceb89e7c659 -> 
  custom:AudioImporter_EditorPlatform: d09bf68614088b80899f8185d706f6e7 -> 
  custom:video-encoder-webm-vp8: eb34c28f22e8b96e1ab97ce403110664 -> 
  custom:audio-decoder-ogg-vorbis: bf7c407c2cedff20999df2af8eb42d56 -> 
  custom:audio-encoder-webm-vorbis: bf7c407c2cedff20999df2af8eb42d56 -> 
========================================================================
Received Prepare
Begin MonoManager ReloadAssembly
Duplicate assembly 'Supabase.Realtime.dll' with different versions detected, using 'Assets/Packages/Supabase.Realtime.7.0.2/lib/netstandard2.1/Supabase.Realtime.dll, AssemblyName=Supabase.Realtime, Version=7.0.2.0, Culture=neutral, PublicKeyToken=null' and ignoring 'Assets/Packages/realtime-csharp.6.0.4/lib/netstandard2.0/Supabase.Realtime.dll, AssemblyName=Supabase.Realtime, Version=6.0.4.0, Culture=neutral, PublicKeyToken=null'.Duplicate assembly 'Supabase.Functions.dll' with different versions detected, using 'Assets/Packages/Supabase.Functions.2.0.0/lib/netstandard2.0/Supabase.Functions.dll, AssemblyName=Supabase.Functions, Version=2.0.0.0, Culture=neutral, PublicKeyToken=null' and ignoring 'Assets/Packages/functions-csharp.1.3.2/lib/netstandard2.0/Supabase.Functions.dll, AssemblyName=Supabase.Functions, Version=1.3.2.0, Culture=neutral, PublicKeyToken=null'.Duplicate assembly 'Supabase.Gotrue.dll' with different versions detected, using 'Assets/Packages/Supabase.Gotrue.6.0.3/lib/netstandard2.1/Supabase.Gotrue.dll, AssemblyName=Supabase.Gotrue, Version=6.0.3.0, Culture=neutral, PublicKeyToken=null' and ignoring 'Assets/Packages/gotrue-csharp.4.2.7/lib/netstandard2.0/Supabase.Gotrue.dll, AssemblyName=Supabase.Gotrue, Version=4.2.7.0, Culture=neutral, PublicKeyToken=null'.Duplicate assembly 'Supabase.Storage.dll' with different versions detected, using 'Assets/Packages/Supabase.Storage.2.0.2/lib/netstandard2.0/Supabase.Storage.dll, AssemblyName=Supabase.Storage, Version=2.0.2.0, Culture=neutral, PublicKeyToken=null' and ignoring 'Assets/Packages/supabase-storage-csharp.1.4.0/lib/netstandard2.0/Supabase.Storage.dll, AssemblyName=Supabase.Storage, Version=1.4.0.0, Culture=neutral, PublicKeyToken=null'.Duplicate assembly 'Supabase.Postgrest.dll' with different versions detected, using 'Assets/Packages/Supabase.Postgrest.4.0.3/lib/netstandard2.0/Supabase.Postgrest.dll, AssemblyName=Supabase.Postgrest, Version=4.0.3.0, Culture=neutral, PublicKeyToken=null' and ignoring 'Assets/Packages/postgrest-csharp.3.5.1/lib/netstandard2.0/Supabase.Postgrest.dll, AssemblyName=Supabase.Postgrest, Version=3.5.1.0, Culture=neutral, PublicKeyToken=null'.Duplicate assembly 'Supabase.dll' with different versions detected, using 'Assets/Packages/Supabase.1.1.1/lib/netstandard2.1/Supabase.dll, AssemblyName=Supabase, Version=1.1.1.0, Culture=neutral, PublicKeyToken=null' and ignoring 'Assets/Packages/supabase-csharp.0.16.2/lib/netstandard2.0/Supabase.dll, AssemblyName=Supabase, Version=0.16.2.0, Culture=neutral, PublicKeyToken=null'.- Loaded All Assemblies, in  1.956 seconds
Refreshing native plugins compatible for Editor in 57.37 ms, found 4 plugins.
Native extension for WindowsStandalone target not found
Native extension for WebGL target not found
[Package Manager] Server::EnsureServerProcessIsRunning -- launch failed, reason: Unity was launched with the -noUpm command-line argument
[Package Manager] UpmClient::Send -- Unable to send message (not connected to UPM process).
[Package Manager] Cannot connect to Unity Package Manager local server
Mono: successfully reloaded assembly
- Finished resetting the current domain, in  1.904 seconds
Domain Reload Profiling: 3841ms
	BeginReloadAssembly (271ms)
		ExecutionOrderSort (0ms)
		DisableScriptedObjects (17ms)
		BackupInstance (0ms)
		ReleaseScriptingObjects (0ms)
		CreateAndSetChildDomain (51ms)
	RebuildCommonClasses (44ms)
	RebuildNativeTypeToScriptingClass (12ms)
	initialDomainReloadingComplete (123ms)
	LoadAllAssembliesAndSetupDomain (1486ms)
		LoadAssemblies (1607ms)
		RebuildTransferFunctionScriptingTraits (0ms)
		AnalyzeDomain (34ms)
			TypeCache.Refresh (14ms)
				TypeCache.ScanAssembly (5ms)
			ScanForSourceGeneratedMonoScriptInfo (10ms)
			ResolveRequiredComponents (9ms)
	FinalizeReload (1905ms)
		ReleaseScriptCaches (0ms)
		RebuildScriptCaches (0ms)
		SetupLoadedEditorAssemblies (706ms)
			LogAssemblyErrors (0ms)
			InitializePlatformSupportModulesInManaged (13ms)
			SetLoadedEditorAssemblies (5ms)
			RefreshPlugins (0ms)
			BeforeProcessingInitializeOnLoad (144ms)
			ProcessInitializeOnLoadAttributes (479ms)
			ProcessInitializeOnLoadMethodAttributes (39ms)
			AfterProcessingInitializeOnLoad (25ms)
			EditorAssembliesLoaded (0ms)
		ExecutionOrderSort2 (0ms)
		AwakeInstancesAfterBackupRestoration (19ms)
Refreshing native plugins compatible for Editor in 59.36 ms, found 4 plugins.
Preloading 0 native plugins for Editor in 0.00 ms.
Unloading 4636 Unused Serialized files (Serialized files now loaded: 0)
Unloading 114 unused Assets / (149.4 KB). Loaded Objects now: 5129.
Memory consumption went from 150.2 MB to 150.1 MB.
Total: 4.218600 ms (FindLiveObjects: 0.363600 ms CreateObjectMapping: 0.341200 ms MarkObjects: 3.360100 ms  DeleteObjects: 0.153200 ms)

Prepare: number of updated asset objects reloaded= 0
AssetImportParameters requested are different than current active one (requested -> active):
  custom:container-demuxer-ogg: 62fdf1f143b41e24485cea50d1cbac27 -> 
  custom:video-codec-MediaFoundation-h265: 746d11721c4dcdbdad8f713fa42b33f4 -> 
  custom:video-decoder-ogg-theora: a1e56fd34408186e4bbccfd4996cb3dc -> 
  custom:framework-win-MediaFoundation: 216162199b28c13a410421893ffa2e32 -> 
  custom:CustomObjectIndexerAttribute: 756ad292c208cfabdd7b50bc23989ffe -> 
  custom:container-demuxer-webm: 4f35f7cbe854078d1ac9338744f61a02 -> 
  custom:container-muxer-webm: aa71ff27fc2769a1b78a27578f13a17b -> 
  custom:video-decoder-webm-vp8: 9c59270c3fd7afecdb556c50c9e8de78 -> 
  custom:SearchIndexIgnoredProperties: e643bd26f0fe6173181afceb89e7c659 -> 
  custom:AudioImporter_EditorPlatform: d09bf68614088b80899f8185d706f6e7 -> 
  custom:video-encoder-webm-vp8: eb34c28f22e8b96e1ab97ce403110664 -> 
  custom:audio-decoder-ogg-vorbis: bf7c407c2cedff20999df2af8eb42d56 -> 
  custom:audio-encoder-webm-vorbis: bf7c407c2cedff20999df2af8eb42d56 -> 
========================================================================
Received Prepare
Begin MonoManager ReloadAssembly
Duplicate assembly 'Supabase.Realtime.dll' with different versions detected, using 'Assets/Packages/Supabase.Realtime.7.0.2/lib/netstandard2.1/Supabase.Realtime.dll, AssemblyName=Supabase.Realtime, Version=7.0.2.0, Culture=neutral, PublicKeyToken=null' and ignoring 'Assets/Packages/realtime-csharp.6.0.4/lib/netstandard2.0/Supabase.Realtime.dll, AssemblyName=Supabase.Realtime, Version=6.0.4.0, Culture=neutral, PublicKeyToken=null'.Duplicate assembly 'Supabase.Functions.dll' with different versions detected, using 'Assets/Packages/Supabase.Functions.2.0.0/lib/netstandard2.0/Supabase.Functions.dll, AssemblyName=Supabase.Functions, Version=2.0.0.0, Culture=neutral, PublicKeyToken=null' and ignoring 'Assets/Packages/functions-csharp.1.3.2/lib/netstandard2.0/Supabase.Functions.dll, AssemblyName=Supabase.Functions, Version=1.3.2.0, Culture=neutral, PublicKeyToken=null'.Duplicate assembly 'Supabase.Gotrue.dll' with different versions detected, using 'Assets/Packages/Supabase.Gotrue.6.0.3/lib/netstandard2.1/Supabase.Gotrue.dll, AssemblyName=Supabase.Gotrue, Version=6.0.3.0, Culture=neutral, PublicKeyToken=null' and ignoring 'Assets/Packages/gotrue-csharp.4.2.7/lib/netstandard2.0/Supabase.Gotrue.dll, AssemblyName=Supabase.Gotrue, Version=4.2.7.0, Culture=neutral, PublicKeyToken=null'.Duplicate assembly 'Supabase.Storage.dll' with different versions detected, using 'Assets/Packages/Supabase.Storage.2.0.2/lib/netstandard2.0/Supabase.Storage.dll, AssemblyName=Supabase.Storage, Version=2.0.2.0, Culture=neutral, PublicKeyToken=null' and ignoring 'Assets/Packages/supabase-storage-csharp.1.4.0/lib/netstandard2.0/Supabase.Storage.dll, AssemblyName=Supabase.Storage, Version=1.4.0.0, Culture=neutral, PublicKeyToken=null'.Duplicate assembly 'Supabase.Postgrest.dll' with different versions detected, using 'Assets/Packages/Supabase.Postgrest.4.0.3/lib/netstandard2.0/Supabase.Postgrest.dll, AssemblyName=Supabase.Postgrest, Version=4.0.3.0, Culture=neutral, PublicKeyToken=null' and ignoring 'Assets/Packages/postgrest-csharp.3.5.1/lib/netstandard2.0/Supabase.Postgrest.dll, AssemblyName=Supabase.Postgrest, Version=3.5.1.0, Culture=neutral, PublicKeyToken=null'.Duplicate assembly 'Supabase.dll' with different versions detected, using 'Assets/Packages/Supabase.1.1.1/lib/netstandard2.1/Supabase.dll, AssemblyName=Supabase, Version=1.1.1.0, Culture=neutral, PublicKeyToken=null' and ignoring 'Assets/Packages/supabase-csharp.0.16.2/lib/netstandard2.0/Supabase.dll, AssemblyName=Supabase, Version=0.16.2.0, Culture=neutral, PublicKeyToken=null'.- Loaded All Assemblies, in  1.993 seconds
Refreshing native plugins compatible for Editor in 51.18 ms, found 4 plugins.
Native extension for WindowsStandalone target not found
Native extension for WebGL target not found
[Package Manager] Server::EnsureServerProcessIsRunning -- launch failed, reason: Unity was launched with the -noUpm command-line argument
[Package Manager] UpmClient::Send -- Unable to send message (not connected to UPM process).
[Package Manager] Cannot connect to Unity Package Manager local server
Mono: successfully reloaded assembly
- Finished resetting the current domain, in  1.949 seconds
Domain Reload Profiling: 3918ms
	BeginReloadAssembly (264ms)
		ExecutionOrderSort (0ms)
		DisableScriptedObjects (12ms)
		BackupInstance (0ms)
		ReleaseScriptingObjects (0ms)
		CreateAndSetChildDomain (56ms)
	RebuildCommonClasses (41ms)
	RebuildNativeTypeToScriptingClass (18ms)
	initialDomainReloadingComplete (131ms)
	LoadAllAssembliesAndSetupDomain (1515ms)
		LoadAssemblies (1618ms)
		RebuildTransferFunctionScriptingTraits (0ms)
		AnalyzeDomain (40ms)
			TypeCache.Refresh (17ms)
				TypeCache.ScanAssembly (6ms)
			ScanForSourceGeneratedMonoScriptInfo (11ms)
			ResolveRequiredComponents (11ms)
	FinalizeReload (1950ms)
		ReleaseScriptCaches (0ms)
		RebuildScriptCaches (0ms)
		SetupLoadedEditorAssemblies (773ms)
			LogAssemblyErrors (0ms)
			InitializePlatformSupportModulesInManaged (13ms)
			SetLoadedEditorAssemblies (5ms)
			RefreshPlugins (0ms)
			BeforeProcessingInitializeOnLoad (151ms)
			ProcessInitializeOnLoadAttributes (534ms)
			ProcessInitializeOnLoadMethodAttributes (44ms)
			AfterProcessingInitializeOnLoad (25ms)
			EditorAssembliesLoaded (0ms)
		ExecutionOrderSort2 (0ms)
		AwakeInstancesAfterBackupRestoration (20ms)
Refreshing native plugins compatible for Editor in 54.27 ms, found 4 plugins.
Preloading 0 native plugins for Editor in 0.00 ms.
Unloading 4636 Unused Serialized files (Serialized files now loaded: 0)
Unloading 114 unused Assets / (149.4 KB). Loaded Objects now: 5145.
Memory consumption went from 150.3 MB to 150.1 MB.
Total: 3.957700 ms (FindLiveObjects: 0.349100 ms CreateObjectMapping: 0.148200 ms MarkObjects: 3.312500 ms  DeleteObjects: 0.147200 ms)

Prepare: number of updated asset objects reloaded= 0
AssetImportParameters requested are different than current active one (requested -> active):
  custom:container-demuxer-ogg: 62fdf1f143b41e24485cea50d1cbac27 -> 
  custom:video-codec-MediaFoundation-h265: 746d11721c4dcdbdad8f713fa42b33f4 -> 
  custom:video-decoder-ogg-theora: a1e56fd34408186e4bbccfd4996cb3dc -> 
  custom:framework-win-MediaFoundation: 216162199b28c13a410421893ffa2e32 -> 
  custom:CustomObjectIndexerAttribute: 756ad292c208cfabdd7b50bc23989ffe -> 
  custom:container-demuxer-webm: 4f35f7cbe854078d1ac9338744f61a02 -> 
  custom:container-muxer-webm: aa71ff27fc2769a1b78a27578f13a17b -> 
  custom:video-decoder-webm-vp8: 9c59270c3fd7afecdb556c50c9e8de78 -> 
  custom:SearchIndexIgnoredProperties: e643bd26f0fe6173181afceb89e7c659 -> 
  custom:AudioImporter_EditorPlatform: d09bf68614088b80899f8185d706f6e7 -> 
  custom:video-encoder-webm-vp8: eb34c28f22e8b96e1ab97ce403110664 -> 
  custom:audio-decoder-ogg-vorbis: bf7c407c2cedff20999df2af8eb42d56 -> 
  custom:audio-encoder-webm-vorbis: bf7c407c2cedff20999df2af8eb42d56 -> 
========================================================================
Received Prepare
Begin MonoManager ReloadAssembly
Duplicate assembly 'Supabase.Realtime.dll' with different versions detected, using 'Assets/Packages/Supabase.Realtime.7.0.2/lib/netstandard2.1/Supabase.Realtime.dll, AssemblyName=Supabase.Realtime, Version=7.0.2.0, Culture=neutral, PublicKeyToken=null' and ignoring 'Assets/Packages/realtime-csharp.6.0.4/lib/netstandard2.0/Supabase.Realtime.dll, AssemblyName=Supabase.Realtime, Version=6.0.4.0, Culture=neutral, PublicKeyToken=null'.Duplicate assembly 'Supabase.Functions.dll' with different versions detected, using 'Assets/Packages/Supabase.Functions.2.0.0/lib/netstandard2.0/Supabase.Functions.dll, AssemblyName=Supabase.Functions, Version=2.0.0.0, Culture=neutral, PublicKeyToken=null' and ignoring 'Assets/Packages/functions-csharp.1.3.2/lib/netstandard2.0/Supabase.Functions.dll, AssemblyName=Supabase.Functions, Version=1.3.2.0, Culture=neutral, PublicKeyToken=null'.Duplicate assembly 'Supabase.Gotrue.dll' with different versions detected, using 'Assets/Packages/Supabase.Gotrue.6.0.3/lib/netstandard2.1/Supabase.Gotrue.dll, AssemblyName=Supabase.Gotrue, Version=6.0.3.0, Culture=neutral, PublicKeyToken=null' and ignoring 'Assets/Packages/gotrue-csharp.4.2.7/lib/netstandard2.0/Supabase.Gotrue.dll, AssemblyName=Supabase.Gotrue, Version=4.2.7.0, Culture=neutral, PublicKeyToken=null'.Duplicate assembly 'Supabase.Storage.dll' with different versions detected, using 'Assets/Packages/Supabase.Storage.2.0.2/lib/netstandard2.0/Supabase.Storage.dll, AssemblyName=Supabase.Storage, Version=2.0.2.0, Culture=neutral, PublicKeyToken=null' and ignoring 'Assets/Packages/supabase-storage-csharp.1.4.0/lib/netstandard2.0/Supabase.Storage.dll, AssemblyName=Supabase.Storage, Version=1.4.0.0, Culture=neutral, PublicKeyToken=null'.Duplicate assembly 'Supabase.Postgrest.dll' with different versions detected, using 'Assets/Packages/Supabase.Postgrest.4.0.3/lib/netstandard2.0/Supabase.Postgrest.dll, AssemblyName=Supabase.Postgrest, Version=4.0.3.0, Culture=neutral, PublicKeyToken=null' and ignoring 'Assets/Packages/postgrest-csharp.3.5.1/lib/netstandard2.0/Supabase.Postgrest.dll, AssemblyName=Supabase.Postgrest, Version=3.5.1.0, Culture=neutral, PublicKeyToken=null'.Duplicate assembly 'Supabase.dll' with different versions detected, using 'Assets/Packages/Supabase.1.1.1/lib/netstandard2.1/Supabase.dll, AssemblyName=Supabase, Version=1.1.1.0, Culture=neutral, PublicKeyToken=null' and ignoring 'Assets/Packages/supabase-csharp.0.16.2/lib/netstandard2.0/Supabase.dll, AssemblyName=Supabase, Version=0.16.2.0, Culture=neutral, PublicKeyToken=null'.- Loaded All Assemblies, in  2.096 seconds
Refreshing native plugins compatible for Editor in 75.42 ms, found 4 plugins.
Native extension for WindowsStandalone target not found
Native extension for WebGL target not found
[Package Manager] Server::EnsureServerProcessIsRunning -- launch failed, reason: Unity was launched with the -noUpm command-line argument
[Package Manager] UpmClient::Send -- Unable to send message (not connected to UPM process).
[Package Manager] Cannot connect to Unity Package Manager local server
Mono: successfully reloaded assembly
- Finished resetting the current domain, in  2.473 seconds
Domain Reload Profiling: 4548ms
	BeginReloadAssembly (252ms)
		ExecutionOrderSort (0ms)
		DisableScriptedObjects (13ms)
		BackupInstance (0ms)
		ReleaseScriptingObjects (0ms)
		CreateAndSetChildDomain (53ms)
	RebuildCommonClasses (38ms)
	RebuildNativeTypeToScriptingClass (11ms)
	initialDomainReloadingComplete (108ms)
	LoadAllAssembliesAndSetupDomain (1665ms)
		LoadAssemblies (1781ms)
		RebuildTransferFunctionScriptingTraits (0ms)
		AnalyzeDomain (19ms)
			TypeCache.Refresh (7ms)
				TypeCache.ScanAssembly (0ms)
			ScanForSourceGeneratedMonoScriptInfo (0ms)
			ResolveRequiredComponents (10ms)
	FinalizeReload (2473ms)
		ReleaseScriptCaches (0ms)
		RebuildScriptCaches (0ms)
		SetupLoadedEditorAssemblies (917ms)
			LogAssemblyErrors (0ms)
			InitializePlatformSupportModulesInManaged (17ms)
			SetLoadedEditorAssemblies (6ms)
			RefreshPlugins (0ms)
			BeforeProcessingInitializeOnLoad (181ms)
			ProcessInitializeOnLoadAttributes (628ms)
			ProcessInitializeOnLoadMethodAttributes (51ms)
			AfterProcessingInitializeOnLoad (33ms)
			EditorAssembliesLoaded (0ms)
		ExecutionOrderSort2 (0ms)
		AwakeInstancesAfterBackupRestoration (21ms)
Refreshing native plugins compatible for Editor in 77.23 ms, found 4 plugins.
Preloading 0 native plugins for Editor in 0.00 ms.
Unloading 4636 Unused Serialized files (Serialized files now loaded: 0)
Unloading 114 unused Assets / (149.2 KB). Loaded Objects now: 5161.
Memory consumption went from 150.3 MB to 150.2 MB.
Total: 5.689800 ms (FindLiveObjects: 0.527200 ms CreateObjectMapping: 0.335200 ms MarkObjects: 4.642100 ms  DeleteObjects: 0.183800 ms)

Prepare: number of updated asset objects reloaded= 0
AssetImportParameters requested are different than current active one (requested -> active):
  custom:container-demuxer-ogg: 62fdf1f143b41e24485cea50d1cbac27 -> 
  custom:video-codec-MediaFoundation-h265: 746d11721c4dcdbdad8f713fa42b33f4 -> 
  custom:video-decoder-ogg-theora: a1e56fd34408186e4bbccfd4996cb3dc -> 
  custom:framework-win-MediaFoundation: 216162199b28c13a410421893ffa2e32 -> 
  custom:CustomObjectIndexerAttribute: 756ad292c208cfabdd7b50bc23989ffe -> 
  custom:container-demuxer-webm: 4f35f7cbe854078d1ac9338744f61a02 -> 
  custom:container-muxer-webm: aa71ff27fc2769a1b78a27578f13a17b -> 
  custom:video-decoder-webm-vp8: 9c59270c3fd7afecdb556c50c9e8de78 -> 
  custom:SearchIndexIgnoredProperties: e643bd26f0fe6173181afceb89e7c659 -> 
  custom:AudioImporter_EditorPlatform: d09bf68614088b80899f8185d706f6e7 -> 
  custom:video-encoder-webm-vp8: eb34c28f22e8b96e1ab97ce403110664 -> 
  custom:audio-decoder-ogg-vorbis: bf7c407c2cedff20999df2af8eb42d56 -> 
  custom:audio-encoder-webm-vorbis: bf7c407c2cedff20999df2af8eb42d56 -> 
========================================================================
Received Prepare
Begin MonoManager ReloadAssembly
Duplicate assembly 'Supabase.Realtime.dll' with different versions detected, using 'Assets/Packages/Supabase.Realtime.7.0.2/lib/netstandard2.1/Supabase.Realtime.dll, AssemblyName=Supabase.Realtime, Version=7.0.2.0, Culture=neutral, PublicKeyToken=null' and ignoring 'Assets/Packages/realtime-csharp.6.0.4/lib/netstandard2.0/Supabase.Realtime.dll, AssemblyName=Supabase.Realtime, Version=6.0.4.0, Culture=neutral, PublicKeyToken=null'.Duplicate assembly 'Supabase.Functions.dll' with different versions detected, using 'Assets/Packages/Supabase.Functions.2.0.0/lib/netstandard2.0/Supabase.Functions.dll, AssemblyName=Supabase.Functions, Version=2.0.0.0, Culture=neutral, PublicKeyToken=null' and ignoring 'Assets/Packages/functions-csharp.1.3.2/lib/netstandard2.0/Supabase.Functions.dll, AssemblyName=Supabase.Functions, Version=1.3.2.0, Culture=neutral, PublicKeyToken=null'.Duplicate assembly 'Supabase.Gotrue.dll' with different versions detected, using 'Assets/Packages/Supabase.Gotrue.6.0.3/lib/netstandard2.1/Supabase.Gotrue.dll, AssemblyName=Supabase.Gotrue, Version=6.0.3.0, Culture=neutral, PublicKeyToken=null' and ignoring 'Assets/Packages/gotrue-csharp.4.2.7/lib/netstandard2.0/Supabase.Gotrue.dll, AssemblyName=Supabase.Gotrue, Version=4.2.7.0, Culture=neutral, PublicKeyToken=null'.Duplicate assembly 'Supabase.Storage.dll' with different versions detected, using 'Assets/Packages/Supabase.Storage.2.0.2/lib/netstandard2.0/Supabase.Storage.dll, AssemblyName=Supabase.Storage, Version=2.0.2.0, Culture=neutral, PublicKeyToken=null' and ignoring 'Assets/Packages/supabase-storage-csharp.1.4.0/lib/netstandard2.0/Supabase.Storage.dll, AssemblyName=Supabase.Storage, Version=1.4.0.0, Culture=neutral, PublicKeyToken=null'.Duplicate assembly 'Supabase.Postgrest.dll' with different versions detected, using 'Assets/Packages/Supabase.Postgrest.4.0.3/lib/netstandard2.0/Supabase.Postgrest.dll, AssemblyName=Supabase.Postgrest, Version=4.0.3.0, Culture=neutral, PublicKeyToken=null' and ignoring 'Assets/Packages/postgrest-csharp.3.5.1/lib/netstandard2.0/Supabase.Postgrest.dll, AssemblyName=Supabase.Postgrest, Version=3.5.1.0, Culture=neutral, PublicKeyToken=null'.Duplicate assembly 'Supabase.dll' with different versions detected, using 'Assets/Packages/Supabase.1.1.1/lib/netstandard2.1/Supabase.dll, AssemblyName=Supabase, Version=1.1.1.0, Culture=neutral, PublicKeyToken=null' and ignoring 'Assets/Packages/supabase-csharp.0.16.2/lib/netstandard2.0/Supabase.dll, AssemblyName=Supabase, Version=0.16.2.0, Culture=neutral, PublicKeyToken=null'.- Loaded All Assemblies, in  4.037 seconds
Refreshing native plugins compatible for Editor in 71.84 ms, found 4 plugins.
Native extension for WindowsStandalone target not found
Native extension for WebGL target not found
[Package Manager] Server::EnsureServerProcessIsRunning -- launch failed, reason: Unity was launched with the -noUpm command-line argument
[Package Manager] UpmClient::Send -- Unable to send message (not connected to UPM process).
[Package Manager] Cannot connect to Unity Package Manager local server
Mono: successfully reloaded assembly
- Finished resetting the current domain, in  6.781 seconds
Domain Reload Profiling: 10792ms
	BeginReloadAssembly (453ms)
		ExecutionOrderSort (0ms)
		DisableScriptedObjects (32ms)
		BackupInstance (0ms)
		ReleaseScriptingObjects (0ms)
		CreateAndSetChildDomain (152ms)
	RebuildCommonClasses (54ms)
	RebuildNativeTypeToScriptingClass (15ms)
	initialDomainReloadingComplete (137ms)
	LoadAllAssembliesAndSetupDomain (3351ms)
		LoadAssemblies (3487ms)
		RebuildTransferFunctionScriptingTraits (0ms)
		AnalyzeDomain (61ms)
			TypeCache.Refresh (23ms)
				TypeCache.ScanAssembly (6ms)
			ScanForSourceGeneratedMonoScriptInfo (21ms)
			ResolveRequiredComponents (15ms)
	FinalizeReload (6781ms)
		ReleaseScriptCaches (0ms)
		RebuildScriptCaches (0ms)
		SetupLoadedEditorAssemblies (895ms)
			LogAssemblyErrors (0ms)
			InitializePlatformSupportModulesInManaged (19ms)
			SetLoadedEditorAssemblies (8ms)
			RefreshPlugins (0ms)
			BeforeProcessingInitializeOnLoad (186ms)
			ProcessInitializeOnLoadAttributes (589ms)
			ProcessInitializeOnLoadMethodAttributes (55ms)
			AfterProcessingInitializeOnLoad (38ms)
			EditorAssembliesLoaded (0ms)
		ExecutionOrderSort2 (0ms)
		AwakeInstancesAfterBackupRestoration (24ms)
Refreshing native plugins compatible for Editor in 60.60 ms, found 4 plugins.
Preloading 0 native plugins for Editor in 0.00 ms.
Unloading 4636 Unused Serialized files (Serialized files now loaded: 0)
Unloading 114 unused Assets / (149.3 KB). Loaded Objects now: 5177.
Memory consumption went from 150.3 MB to 150.2 MB.
Total: 4.550800 ms (FindLiveObjects: 0.584700 ms CreateObjectMapping: 0.147000 ms MarkObjects: 3.662700 ms  DeleteObjects: 0.155400 ms)

Prepare: number of updated asset objects reloaded= 0
AssetImportParameters requested are different than current active one (requested -> active):
  custom:container-demuxer-ogg: 62fdf1f143b41e24485cea50d1cbac27 -> 
  custom:video-codec-MediaFoundation-h265: 746d11721c4dcdbdad8f713fa42b33f4 -> 
  custom:video-decoder-ogg-theora: a1e56fd34408186e4bbccfd4996cb3dc -> 
  custom:framework-win-MediaFoundation: 216162199b28c13a410421893ffa2e32 -> 
  custom:CustomObjectIndexerAttribute: 756ad292c208cfabdd7b50bc23989ffe -> 
  custom:container-demuxer-webm: 4f35f7cbe854078d1ac9338744f61a02 -> 
  custom:container-muxer-webm: aa71ff27fc2769a1b78a27578f13a17b -> 
  custom:video-decoder-webm-vp8: 9c59270c3fd7afecdb556c50c9e8de78 -> 
  custom:SearchIndexIgnoredProperties: e643bd26f0fe6173181afceb89e7c659 -> 
  custom:AudioImporter_EditorPlatform: d09bf68614088b80899f8185d706f6e7 -> 
  custom:video-encoder-webm-vp8: eb34c28f22e8b96e1ab97ce403110664 -> 
  custom:audio-decoder-ogg-vorbis: bf7c407c2cedff20999df2af8eb42d56 -> 
  custom:audio-encoder-webm-vorbis: bf7c407c2cedff20999df2af8eb42d56 -> 
========================================================================
Received Prepare
Begin MonoManager ReloadAssembly
Duplicate assembly 'Supabase.Realtime.dll' with different versions detected, using 'Assets/Packages/Supabase.Realtime.7.0.2/lib/netstandard2.1/Supabase.Realtime.dll, AssemblyName=Supabase.Realtime, Version=7.0.2.0, Culture=neutral, PublicKeyToken=null' and ignoring 'Assets/Packages/realtime-csharp.6.0.4/lib/netstandard2.0/Supabase.Realtime.dll, AssemblyName=Supabase.Realtime, Version=6.0.4.0, Culture=neutral, PublicKeyToken=null'.Duplicate assembly 'Supabase.Functions.dll' with different versions detected, using 'Assets/Packages/Supabase.Functions.2.0.0/lib/netstandard2.0/Supabase.Functions.dll, AssemblyName=Supabase.Functions, Version=2.0.0.0, Culture=neutral, PublicKeyToken=null' and ignoring 'Assets/Packages/functions-csharp.1.3.2/lib/netstandard2.0/Supabase.Functions.dll, AssemblyName=Supabase.Functions, Version=1.3.2.0, Culture=neutral, PublicKeyToken=null'.Duplicate assembly 'Supabase.Gotrue.dll' with different versions detected, using 'Assets/Packages/Supabase.Gotrue.6.0.3/lib/netstandard2.1/Supabase.Gotrue.dll, AssemblyName=Supabase.Gotrue, Version=6.0.3.0, Culture=neutral, PublicKeyToken=null' and ignoring 'Assets/Packages/gotrue-csharp.4.2.7/lib/netstandard2.0/Supabase.Gotrue.dll, AssemblyName=Supabase.Gotrue, Version=4.2.7.0, Culture=neutral, PublicKeyToken=null'.Duplicate assembly 'Supabase.Storage.dll' with different versions detected, using 'Assets/Packages/Supabase.Storage.2.0.2/lib/netstandard2.0/Supabase.Storage.dll, AssemblyName=Supabase.Storage, Version=2.0.2.0, Culture=neutral, PublicKeyToken=null' and ignoring 'Assets/Packages/supabase-storage-csharp.1.4.0/lib/netstandard2.0/Supabase.Storage.dll, AssemblyName=Supabase.Storage, Version=1.4.0.0, Culture=neutral, PublicKeyToken=null'.Duplicate assembly 'Supabase.Postgrest.dll' with different versions detected, using 'Assets/Packages/Supabase.Postgrest.4.0.3/lib/netstandard2.0/Supabase.Postgrest.dll, AssemblyName=Supabase.Postgrest, Version=4.0.3.0, Culture=neutral, PublicKeyToken=null' and ignoring 'Assets/Packages/postgrest-csharp.3.5.1/lib/netstandard2.0/Supabase.Postgrest.dll, AssemblyName=Supabase.Postgrest, Version=3.5.1.0, Culture=neutral, PublicKeyToken=null'.Duplicate assembly 'Supabase.dll' with different versions detected, using 'Assets/Packages/Supabase.1.1.1/lib/netstandard2.1/Supabase.dll, AssemblyName=Supabase, Version=1.1.1.0, Culture=neutral, PublicKeyToken=null' and ignoring 'Assets/Packages/supabase-csharp.0.16.2/lib/netstandard2.0/Supabase.dll, AssemblyName=Supabase, Version=0.16.2.0, Culture=neutral, PublicKeyToken=null'.- Loaded All Assemblies, in  2.005 seconds
Refreshing native plugins compatible for Editor in 58.29 ms, found 4 plugins.
Native extension for WindowsStandalone target not found
Native extension for WebGL target not found
[Package Manager] Server::EnsureServerProcessIsRunning -- launch failed, reason: Unity was launched with the -noUpm command-line argument
[Package Manager] UpmClient::Send -- Unable to send message (not connected to UPM process).
[Package Manager] Cannot connect to Unity Package Manager local server
Mono: successfully reloaded assembly
- Finished resetting the current domain, in  2.045 seconds
Domain Reload Profiling: 4023ms
	BeginReloadAssembly (276ms)
		ExecutionOrderSort (0ms)
		DisableScriptedObjects (17ms)
		BackupInstance (0ms)
		ReleaseScriptingObjects (0ms)
		CreateAndSetChildDomain (57ms)
	RebuildCommonClasses (39ms)
	RebuildNativeTypeToScriptingClass (15ms)
	initialDomainReloadingComplete (132ms)
	LoadAllAssembliesAndSetupDomain (1516ms)
		LoadAssemblies (1626ms)
		RebuildTransferFunctionScriptingTraits (0ms)
		AnalyzeDomain (42ms)
			TypeCache.Refresh (16ms)
				TypeCache.ScanAssembly (4ms)
			ScanForSourceGeneratedMonoScriptInfo (14ms)
			ResolveRequiredComponents (10ms)
	FinalizeReload (2045ms)
		ReleaseScriptCaches (0ms)
		RebuildScriptCaches (0ms)
		SetupLoadedEditorAssemblies (757ms)
			LogAssemblyErrors (0ms)
			InitializePlatformSupportModulesInManaged (14ms)
			SetLoadedEditorAssemblies (5ms)
			RefreshPlugins (0ms)
			BeforeProcessingInitializeOnLoad (155ms)
			ProcessInitializeOnLoadAttributes (515ms)
			ProcessInitializeOnLoadMethodAttributes (41ms)
			AfterProcessingInitializeOnLoad (26ms)
			EditorAssembliesLoaded (0ms)
		ExecutionOrderSort2 (0ms)
		AwakeInstancesAfterBackupRestoration (17ms)
Refreshing native plugins compatible for Editor in 54.77 ms, found 4 plugins.
Preloading 0 native plugins for Editor in 0.00 ms.
Unloading 4636 Unused Serialized files (Serialized files now loaded: 0)
Unloading 114 unused Assets / (149.5 KB). Loaded Objects now: 5193.
Memory consumption went from 150.3 MB to 150.2 MB.
Total: 3.692500 ms (FindLiveObjects: 0.318300 ms CreateObjectMapping: 0.256200 ms MarkObjects: 2.966300 ms  DeleteObjects: 0.150800 ms)

Prepare: number of updated asset objects reloaded= 0
AssetImportParameters requested are different than current active one (requested -> active):
  custom:container-demuxer-ogg: 62fdf1f143b41e24485cea50d1cbac27 -> 
  custom:video-codec-MediaFoundation-h265: 746d11721c4dcdbdad8f713fa42b33f4 -> 
  custom:video-decoder-ogg-theora: a1e56fd34408186e4bbccfd4996cb3dc -> 
  custom:framework-win-MediaFoundation: 216162199b28c13a410421893ffa2e32 -> 
  custom:CustomObjectIndexerAttribute: 756ad292c208cfabdd7b50bc23989ffe -> 
  custom:container-demuxer-webm: 4f35f7cbe854078d1ac9338744f61a02 -> 
  custom:container-muxer-webm: aa71ff27fc2769a1b78a27578f13a17b -> 
  custom:video-decoder-webm-vp8: 9c59270c3fd7afecdb556c50c9e8de78 -> 
  custom:SearchIndexIgnoredProperties: e643bd26f0fe6173181afceb89e7c659 -> 
  custom:AudioImporter_EditorPlatform: d09bf68614088b80899f8185d706f6e7 -> 
  custom:video-encoder-webm-vp8: eb34c28f22e8b96e1ab97ce403110664 -> 
  custom:audio-decoder-ogg-vorbis: bf7c407c2cedff20999df2af8eb42d56 -> 
  custom:audio-encoder-webm-vorbis: bf7c407c2cedff20999df2af8eb42d56 -> 
========================================================================
Received Prepare
Begin MonoManager ReloadAssembly
Duplicate assembly 'Supabase.Realtime.dll' with different versions detected, using 'Assets/Packages/Supabase.Realtime.7.0.2/lib/netstandard2.1/Supabase.Realtime.dll, AssemblyName=Supabase.Realtime, Version=7.0.2.0, Culture=neutral, PublicKeyToken=null' and ignoring 'Assets/Packages/realtime-csharp.6.0.4/lib/netstandard2.0/Supabase.Realtime.dll, AssemblyName=Supabase.Realtime, Version=6.0.4.0, Culture=neutral, PublicKeyToken=null'.Duplicate assembly 'Supabase.Functions.dll' with different versions detected, using 'Assets/Packages/Supabase.Functions.2.0.0/lib/netstandard2.0/Supabase.Functions.dll, AssemblyName=Supabase.Functions, Version=2.0.0.0, Culture=neutral, PublicKeyToken=null' and ignoring 'Assets/Packages/functions-csharp.1.3.2/lib/netstandard2.0/Supabase.Functions.dll, AssemblyName=Supabase.Functions, Version=1.3.2.0, Culture=neutral, PublicKeyToken=null'.Duplicate assembly 'Supabase.Gotrue.dll' with different versions detected, using 'Assets/Packages/Supabase.Gotrue.6.0.3/lib/netstandard2.1/Supabase.Gotrue.dll, AssemblyName=Supabase.Gotrue, Version=6.0.3.0, Culture=neutral, PublicKeyToken=null' and ignoring 'Assets/Packages/gotrue-csharp.4.2.7/lib/netstandard2.0/Supabase.Gotrue.dll, AssemblyName=Supabase.Gotrue, Version=4.2.7.0, Culture=neutral, PublicKeyToken=null'.Duplicate assembly 'Supabase.Storage.dll' with different versions detected, using 'Assets/Packages/Supabase.Storage.2.0.2/lib/netstandard2.0/Supabase.Storage.dll, AssemblyName=Supabase.Storage, Version=2.0.2.0, Culture=neutral, PublicKeyToken=null' and ignoring 'Assets/Packages/supabase-storage-csharp.1.4.0/lib/netstandard2.0/Supabase.Storage.dll, AssemblyName=Supabase.Storage, Version=1.4.0.0, Culture=neutral, PublicKeyToken=null'.Duplicate assembly 'Supabase.Postgrest.dll' with different versions detected, using 'Assets/Packages/Supabase.Postgrest.4.0.3/lib/netstandard2.0/Supabase.Postgrest.dll, AssemblyName=Supabase.Postgrest, Version=4.0.3.0, Culture=neutral, PublicKeyToken=null' and ignoring 'Assets/Packages/postgrest-csharp.3.5.1/lib/netstandard2.0/Supabase.Postgrest.dll, AssemblyName=Supabase.Postgrest, Version=3.5.1.0, Culture=neutral, PublicKeyToken=null'.Duplicate assembly 'Supabase.dll' with different versions detected, using 'Assets/Packages/Supabase.1.1.1/lib/netstandard2.1/Supabase.dll, AssemblyName=Supabase, Version=1.1.1.0, Culture=neutral, PublicKeyToken=null' and ignoring 'Assets/Packages/supabase-csharp.0.16.2/lib/netstandard2.0/Supabase.dll, AssemblyName=Supabase, Version=0.16.2.0, Culture=neutral, PublicKeyToken=null'.- Loaded All Assemblies, in  2.549 seconds
Refreshing native plugins compatible for Editor in 93.79 ms, found 4 plugins.
Native extension for WindowsStandalone target not found
Native extension for WebGL target not found
[Package Manager] Server::EnsureServerProcessIsRunning -- launch failed, reason: Unity was launched with the -noUpm command-line argument
[Package Manager] UpmClient::Send -- Unable to send message (not connected to UPM process).
[Package Manager] Cannot connect to Unity Package Manager local server
Mono: successfully reloaded assembly
- Finished resetting the current domain, in  2.413 seconds
Domain Reload Profiling: 4936ms
	BeginReloadAssembly (330ms)
		ExecutionOrderSort (0ms)
		DisableScriptedObjects (17ms)
		BackupInstance (0ms)
		ReleaseScriptingObjects (0ms)
		CreateAndSetChildDomain (66ms)
	RebuildCommonClasses (51ms)
	RebuildNativeTypeToScriptingClass (17ms)
	initialDomainReloadingComplete (138ms)
	LoadAllAssembliesAndSetupDomain (1985ms)
		LoadAssemblies (2113ms)
		RebuildTransferFunctionScriptingTraits (0ms)
		AnalyzeDomain (55ms)
			TypeCache.Refresh (20ms)
				TypeCache.ScanAssembly (5ms)
			ScanForSourceGeneratedMonoScriptInfo (19ms)
			ResolveRequiredComponents (15ms)
	FinalizeReload (2414ms)
		ReleaseScriptCaches (0ms)
		RebuildScriptCaches (0ms)
		SetupLoadedEditorAssemblies (947ms)
			LogAssemblyErrors (0ms)
			InitializePlatformSupportModulesInManaged (18ms)
			SetLoadedEditorAssemblies (8ms)
			RefreshPlugins (0ms)
			BeforeProcessingInitializeOnLoad (193ms)
			ProcessInitializeOnLoadAttributes (639ms)
			ProcessInitializeOnLoadMethodAttributes (52ms)
			AfterProcessingInitializeOnLoad (37ms)
			EditorAssembliesLoaded (0ms)
		ExecutionOrderSort2 (0ms)
		AwakeInstancesAfterBackupRestoration (21ms)
Refreshing native plugins compatible for Editor in 68.23 ms, found 4 plugins.
Preloading 0 native plugins for Editor in 0.00 ms.
Unloading 4636 Unused Serialized files (Serialized files now loaded: 0)
Unloading 114 unused Assets / (149.4 KB). Loaded Objects now: 5209.
Memory consumption went from 150.3 MB to 150.1 MB.
Total: 5.534900 ms (FindLiveObjects: 0.556500 ms CreateObjectMapping: 0.450800 ms MarkObjects: 4.329100 ms  DeleteObjects: 0.189600 ms)

Prepare: number of updated asset objects reloaded= 0
AssetImportParameters requested are different than current active one (requested -> active):
  custom:container-demuxer-ogg: 62fdf1f143b41e24485cea50d1cbac27 -> 
  custom:video-codec-MediaFoundation-h265: 746d11721c4dcdbdad8f713fa42b33f4 -> 
  custom:video-decoder-ogg-theora: a1e56fd34408186e4bbccfd4996cb3dc -> 
  custom:framework-win-MediaFoundation: 216162199b28c13a410421893ffa2e32 -> 
  custom:CustomObjectIndexerAttribute: 756ad292c208cfabdd7b50bc23989ffe -> 
  custom:container-demuxer-webm: 4f35f7cbe854078d1ac9338744f61a02 -> 
  custom:container-muxer-webm: aa71ff27fc2769a1b78a27578f13a17b -> 
  custom:video-decoder-webm-vp8: 9c59270c3fd7afecdb556c50c9e8de78 -> 
  custom:SearchIndexIgnoredProperties: e643bd26f0fe6173181afceb89e7c659 -> 
  custom:AudioImporter_EditorPlatform: d09bf68614088b80899f8185d706f6e7 -> 
  custom:video-encoder-webm-vp8: eb34c28f22e8b96e1ab97ce403110664 -> 
  custom:audio-decoder-ogg-vorbis: bf7c407c2cedff20999df2af8eb42d56 -> 
  custom:audio-encoder-webm-vorbis: bf7c407c2cedff20999df2af8eb42d56 -> 
========================================================================
Received Prepare
Begin MonoManager ReloadAssembly
Duplicate assembly 'Supabase.Realtime.dll' with different versions detected, using 'Assets/Packages/Supabase.Realtime.7.0.2/lib/netstandard2.1/Supabase.Realtime.dll, AssemblyName=Supabase.Realtime, Version=7.0.2.0, Culture=neutral, PublicKeyToken=null' and ignoring 'Assets/Packages/realtime-csharp.6.0.4/lib/netstandard2.0/Supabase.Realtime.dll, AssemblyName=Supabase.Realtime, Version=6.0.4.0, Culture=neutral, PublicKeyToken=null'.Duplicate assembly 'Supabase.Functions.dll' with different versions detected, using 'Assets/Packages/Supabase.Functions.2.0.0/lib/netstandard2.0/Supabase.Functions.dll, AssemblyName=Supabase.Functions, Version=2.0.0.0, Culture=neutral, PublicKeyToken=null' and ignoring 'Assets/Packages/functions-csharp.1.3.2/lib/netstandard2.0/Supabase.Functions.dll, AssemblyName=Supabase.Functions, Version=1.3.2.0, Culture=neutral, PublicKeyToken=null'.Duplicate assembly 'Supabase.Gotrue.dll' with different versions detected, using 'Assets/Packages/Supabase.Gotrue.6.0.3/lib/netstandard2.1/Supabase.Gotrue.dll, AssemblyName=Supabase.Gotrue, Version=6.0.3.0, Culture=neutral, PublicKeyToken=null' and ignoring 'Assets/Packages/gotrue-csharp.4.2.7/lib/netstandard2.0/Supabase.Gotrue.dll, AssemblyName=Supabase.Gotrue, Version=4.2.7.0, Culture=neutral, PublicKeyToken=null'.Duplicate assembly 'Supabase.Storage.dll' with different versions detected, using 'Assets/Packages/Supabase.Storage.2.0.2/lib/netstandard2.0/Supabase.Storage.dll, AssemblyName=Supabase.Storage, Version=2.0.2.0, Culture=neutral, PublicKeyToken=null' and ignoring 'Assets/Packages/supabase-storage-csharp.1.4.0/lib/netstandard2.0/Supabase.Storage.dll, AssemblyName=Supabase.Storage, Version=1.4.0.0, Culture=neutral, PublicKeyToken=null'.Duplicate assembly 'Supabase.Postgrest.dll' with different versions detected, using 'Assets/Packages/Supabase.Postgrest.4.0.3/lib/netstandard2.0/Supabase.Postgrest.dll, AssemblyName=Supabase.Postgrest, Version=4.0.3.0, Culture=neutral, PublicKeyToken=null' and ignoring 'Assets/Packages/postgrest-csharp.3.5.1/lib/netstandard2.0/Supabase.Postgrest.dll, AssemblyName=Supabase.Postgrest, Version=3.5.1.0, Culture=neutral, PublicKeyToken=null'.Duplicate assembly 'Supabase.dll' with different versions detected, using 'Assets/Packages/Supabase.1.1.1/lib/netstandard2.1/Supabase.dll, AssemblyName=Supabase, Version=1.1.1.0, Culture=neutral, PublicKeyToken=null' and ignoring 'Assets/Packages/supabase-csharp.0.16.2/lib/netstandard2.0/Supabase.dll, AssemblyName=Supabase, Version=0.16.2.0, Culture=neutral, PublicKeyToken=null'.- Loaded All Assemblies, in  2.279 seconds
Refreshing native plugins compatible for Editor in 80.48 ms, found 4 plugins.
Native extension for WindowsStandalone target not found
Native extension for WebGL target not found
[Package Manager] Server::EnsureServerProcessIsRunning -- launch failed, reason: Unity was launched with the -noUpm command-line argument
[Package Manager] UpmClient::Send -- Unable to send message (not connected to UPM process).
[Package Manager] Cannot connect to Unity Package Manager local server
Mono: successfully reloaded assembly
- Finished resetting the current domain, in  2.464 seconds
Domain Reload Profiling: 4712ms
	BeginReloadAssembly (293ms)
		ExecutionOrderSort (0ms)
		DisableScriptedObjects (14ms)
		BackupInstance (0ms)
		ReleaseScriptingObjects (0ms)
		CreateAndSetChildDomain (56ms)
	RebuildCommonClasses (48ms)
	RebuildNativeTypeToScriptingClass (14ms)
	initialDomainReloadingComplete (128ms)
	LoadAllAssembliesAndSetupDomain (1764ms)
		LoadAssemblies (1885ms)
		RebuildTransferFunctionScriptingTraits (0ms)
		AnalyzeDomain (44ms)
			TypeCache.Refresh (16ms)
				TypeCache.ScanAssembly (4ms)
			ScanForSourceGeneratedMonoScriptInfo (13ms)
			ResolveRequiredComponents (13ms)
	FinalizeReload (2464ms)
		ReleaseScriptCaches (0ms)
		RebuildScriptCaches (0ms)
		SetupLoadedEditorAssemblies (898ms)
			LogAssemblyErrors (0ms)
			InitializePlatformSupportModulesInManaged (20ms)
			SetLoadedEditorAssemblies (9ms)
			RefreshPlugins (0ms)
			BeforeProcessingInitializeOnLoad (219ms)
			ProcessInitializeOnLoadAttributes (569ms)
			ProcessInitializeOnLoadMethodAttributes (49ms)
			AfterProcessingInitializeOnLoad (32ms)
			EditorAssembliesLoaded (0ms)
		ExecutionOrderSort2 (0ms)
		AwakeInstancesAfterBackupRestoration (20ms)
Refreshing native plugins compatible for Editor in 99.52 ms, found 4 plugins.
Preloading 0 native plugins for Editor in 0.00 ms.
Unloading 4636 Unused Serialized files (Serialized files now loaded: 0)
Unloading 114 unused Assets / (149.3 KB). Loaded Objects now: 5225.
Memory consumption went from 150.3 MB to 150.2 MB.
Total: 9.020700 ms (FindLiveObjects: 0.736900 ms CreateObjectMapping: 0.646400 ms MarkObjects: 7.370800 ms  DeleteObjects: 0.264500 ms)

Prepare: number of updated asset objects reloaded= 0
AssetImportParameters requested are different than current active one (requested -> active):
  custom:container-demuxer-ogg: 62fdf1f143b41e24485cea50d1cbac27 -> 
  custom:video-codec-MediaFoundation-h265: 746d11721c4dcdbdad8f713fa42b33f4 -> 
  custom:video-decoder-ogg-theora: a1e56fd34408186e4bbccfd4996cb3dc -> 
  custom:framework-win-MediaFoundation: 216162199b28c13a410421893ffa2e32 -> 
  custom:CustomObjectIndexerAttribute: 756ad292c208cfabdd7b50bc23989ffe -> 
  custom:container-demuxer-webm: 4f35f7cbe854078d1ac9338744f61a02 -> 
  custom:container-muxer-webm: aa71ff27fc2769a1b78a27578f13a17b -> 
  custom:video-decoder-webm-vp8: 9c59270c3fd7afecdb556c50c9e8de78 -> 
  custom:SearchIndexIgnoredProperties: e643bd26f0fe6173181afceb89e7c659 -> 
  custom:AudioImporter_EditorPlatform: d09bf68614088b80899f8185d706f6e7 -> 
  custom:video-encoder-webm-vp8: eb34c28f22e8b96e1ab97ce403110664 -> 
  custom:audio-decoder-ogg-vorbis: bf7c407c2cedff20999df2af8eb42d56 -> 
  custom:audio-encoder-webm-vorbis: bf7c407c2cedff20999df2af8eb42d56 -> 
========================================================================
Received Prepare
Begin MonoManager ReloadAssembly
Duplicate assembly 'Supabase.Realtime.dll' with different versions detected, using 'Assets/Packages/Supabase.Realtime.7.0.2/lib/netstandard2.1/Supabase.Realtime.dll, AssemblyName=Supabase.Realtime, Version=7.0.2.0, Culture=neutral, PublicKeyToken=null' and ignoring 'Assets/Packages/realtime-csharp.6.0.4/lib/netstandard2.0/Supabase.Realtime.dll, AssemblyName=Supabase.Realtime, Version=6.0.4.0, Culture=neutral, PublicKeyToken=null'.Duplicate assembly 'Supabase.Functions.dll' with different versions detected, using 'Assets/Packages/Supabase.Functions.2.0.0/lib/netstandard2.0/Supabase.Functions.dll, AssemblyName=Supabase.Functions, Version=2.0.0.0, Culture=neutral, PublicKeyToken=null' and ignoring 'Assets/Packages/functions-csharp.1.3.2/lib/netstandard2.0/Supabase.Functions.dll, AssemblyName=Supabase.Functions, Version=1.3.2.0, Culture=neutral, PublicKeyToken=null'.Duplicate assembly 'Supabase.Gotrue.dll' with different versions detected, using 'Assets/Packages/Supabase.Gotrue.6.0.3/lib/netstandard2.1/Supabase.Gotrue.dll, AssemblyName=Supabase.Gotrue, Version=6.0.3.0, Culture=neutral, PublicKeyToken=null' and ignoring 'Assets/Packages/gotrue-csharp.4.2.7/lib/netstandard2.0/Supabase.Gotrue.dll, AssemblyName=Supabase.Gotrue, Version=4.2.7.0, Culture=neutral, PublicKeyToken=null'.Duplicate assembly 'Supabase.Storage.dll' with different versions detected, using 'Assets/Packages/Supabase.Storage.2.0.2/lib/netstandard2.0/Supabase.Storage.dll, AssemblyName=Supabase.Storage, Version=2.0.2.0, Culture=neutral, PublicKeyToken=null' and ignoring 'Assets/Packages/supabase-storage-csharp.1.4.0/lib/netstandard2.0/Supabase.Storage.dll, AssemblyName=Supabase.Storage, Version=1.4.0.0, Culture=neutral, PublicKeyToken=null'.Duplicate assembly 'Supabase.Postgrest.dll' with different versions detected, using 'Assets/Packages/Supabase.Postgrest.4.0.3/lib/netstandard2.0/Supabase.Postgrest.dll, AssemblyName=Supabase.Postgrest, Version=4.0.3.0, Culture=neutral, PublicKeyToken=null' and ignoring 'Assets/Packages/postgrest-csharp.3.5.1/lib/netstandard2.0/Supabase.Postgrest.dll, AssemblyName=Supabase.Postgrest, Version=3.5.1.0, Culture=neutral, PublicKeyToken=null'.Duplicate assembly 'Supabase.dll' with different versions detected, using 'Assets/Packages/Supabase.1.1.1/lib/netstandard2.1/Supabase.dll, AssemblyName=Supabase, Version=1.1.1.0, Culture=neutral, PublicKeyToken=null' and ignoring 'Assets/Packages/supabase-csharp.0.16.2/lib/netstandard2.0/Supabase.dll, AssemblyName=Supabase, Version=0.16.2.0, Culture=neutral, PublicKeyToken=null'.- Loaded All Assemblies, in  2.733 seconds
Refreshing native plugins compatible for Editor in 69.73 ms, found 4 plugins.
Native extension for WindowsStandalone target not found
Native extension for WebGL target not found
[Package Manager] Server::EnsureServerProcessIsRunning -- launch failed, reason: Unity was launched with the -noUpm command-line argument
[Package Manager] UpmClient::Send -- Unable to send message (not connected to UPM process).
[Package Manager] Cannot connect to Unity Package Manager local server
Mono: successfully reloaded assembly
- Finished resetting the current domain, in  2.512 seconds
Domain Reload Profiling: 5213ms
	BeginReloadAssembly (464ms)
		ExecutionOrderSort (0ms)
		DisableScriptedObjects (20ms)
		BackupInstance (0ms)
		ReleaseScriptingObjects (0ms)
		CreateAndSetChildDomain (90ms)
	RebuildCommonClasses (77ms)
	RebuildNativeTypeToScriptingClass (22ms)
	initialDomainReloadingComplete (167ms)
	LoadAllAssembliesAndSetupDomain (1971ms)
		LoadAssemblies (2182ms)
		RebuildTransferFunctionScriptingTraits (0ms)
		AnalyzeDomain (45ms)
			TypeCache.Refresh (18ms)
				TypeCache.ScanAssembly (5ms)
			ScanForSourceGeneratedMonoScriptInfo (14ms)
			ResolveRequiredComponents (12ms)
	FinalizeReload (2512ms)
		ReleaseScriptCaches (0ms)
		RebuildScriptCaches (0ms)
		SetupLoadedEditorAssemblies (980ms)
			LogAssemblyErrors (0ms)
			InitializePlatformSupportModulesInManaged (19ms)
			SetLoadedEditorAssemblies (5ms)
			RefreshPlugins (0ms)
			BeforeProcessingInitializeOnLoad (192ms)
			ProcessInitializeOnLoadAttributes (688ms)
			ProcessInitializeOnLoadMethodAttributes (45ms)
			AfterProcessingInitializeOnLoad (31ms)
			EditorAssembliesLoaded (0ms)
		ExecutionOrderSort2 (0ms)
		AwakeInstancesAfterBackupRestoration (20ms)
Refreshing native plugins compatible for Editor in 73.25 ms, found 4 plugins.
Preloading 0 native plugins for Editor in 0.00 ms.
Unloading 4636 Unused Serialized files (Serialized files now loaded: 0)
Unloading 114 unused Assets / (149.3 KB). Loaded Objects now: 5241.
Memory consumption went from 150.4 MB to 150.2 MB.
Total: 5.743100 ms (FindLiveObjects: 0.611500 ms CreateObjectMapping: 0.179400 ms MarkObjects: 4.758300 ms  DeleteObjects: 0.192500 ms)

Prepare: number of updated asset objects reloaded= 0
AssetImportParameters requested are different than current active one (requested -> active):
  custom:container-demuxer-ogg: 62fdf1f143b41e24485cea50d1cbac27 -> 
  custom:video-codec-MediaFoundation-h265: 746d11721c4dcdbdad8f713fa42b33f4 -> 
  custom:video-decoder-ogg-theora: a1e56fd34408186e4bbccfd4996cb3dc -> 
  custom:framework-win-MediaFoundation: 216162199b28c13a410421893ffa2e32 -> 
  custom:CustomObjectIndexerAttribute: 756ad292c208cfabdd7b50bc23989ffe -> 
  custom:container-demuxer-webm: 4f35f7cbe854078d1ac9338744f61a02 -> 
  custom:container-muxer-webm: aa71ff27fc2769a1b78a27578f13a17b -> 
  custom:video-decoder-webm-vp8: 9c59270c3fd7afecdb556c50c9e8de78 -> 
  custom:SearchIndexIgnoredProperties: e643bd26f0fe6173181afceb89e7c659 -> 
  custom:AudioImporter_EditorPlatform: d09bf68614088b80899f8185d706f6e7 -> 
  custom:video-encoder-webm-vp8: eb34c28f22e8b96e1ab97ce403110664 -> 
  custom:audio-decoder-ogg-vorbis: bf7c407c2cedff20999df2af8eb42d56 -> 
  custom:audio-encoder-webm-vorbis: bf7c407c2cedff20999df2af8eb42d56 -> 
========================================================================
Received Prepare
Begin MonoManager ReloadAssembly
Duplicate assembly 'Supabase.Realtime.dll' with different versions detected, using 'Assets/Packages/Supabase.Realtime.7.0.2/lib/netstandard2.1/Supabase.Realtime.dll, AssemblyName=Supabase.Realtime, Version=7.0.2.0, Culture=neutral, PublicKeyToken=null' and ignoring 'Assets/Packages/realtime-csharp.6.0.4/lib/netstandard2.0/Supabase.Realtime.dll, AssemblyName=Supabase.Realtime, Version=6.0.4.0, Culture=neutral, PublicKeyToken=null'.Duplicate assembly 'Supabase.Functions.dll' with different versions detected, using 'Assets/Packages/Supabase.Functions.2.0.0/lib/netstandard2.0/Supabase.Functions.dll, AssemblyName=Supabase.Functions, Version=2.0.0.0, Culture=neutral, PublicKeyToken=null' and ignoring 'Assets/Packages/functions-csharp.1.3.2/lib/netstandard2.0/Supabase.Functions.dll, AssemblyName=Supabase.Functions, Version=1.3.2.0, Culture=neutral, PublicKeyToken=null'.Duplicate assembly 'Supabase.Gotrue.dll' with different versions detected, using 'Assets/Packages/Supabase.Gotrue.6.0.3/lib/netstandard2.1/Supabase.Gotrue.dll, AssemblyName=Supabase.Gotrue, Version=6.0.3.0, Culture=neutral, PublicKeyToken=null' and ignoring 'Assets/Packages/gotrue-csharp.4.2.7/lib/netstandard2.0/Supabase.Gotrue.dll, AssemblyName=Supabase.Gotrue, Version=4.2.7.0, Culture=neutral, PublicKeyToken=null'.Duplicate assembly 'Supabase.Storage.dll' with different versions detected, using 'Assets/Packages/Supabase.Storage.2.0.2/lib/netstandard2.0/Supabase.Storage.dll, AssemblyName=Supabase.Storage, Version=2.0.2.0, Culture=neutral, PublicKeyToken=null' and ignoring 'Assets/Packages/supabase-storage-csharp.1.4.0/lib/netstandard2.0/Supabase.Storage.dll, AssemblyName=Supabase.Storage, Version=1.4.0.0, Culture=neutral, PublicKeyToken=null'.Duplicate assembly 'Supabase.Postgrest.dll' with different versions detected, using 'Assets/Packages/Supabase.Postgrest.4.0.3/lib/netstandard2.0/Supabase.Postgrest.dll, AssemblyName=Supabase.Postgrest, Version=4.0.3.0, Culture=neutral, PublicKeyToken=null' and ignoring 'Assets/Packages/postgrest-csharp.3.5.1/lib/netstandard2.0/Supabase.Postgrest.dll, AssemblyName=Supabase.Postgrest, Version=3.5.1.0, Culture=neutral, PublicKeyToken=null'.Duplicate assembly 'Supabase.dll' with different versions detected, using 'Assets/Packages/Supabase.1.1.1/lib/netstandard2.1/Supabase.dll, AssemblyName=Supabase, Version=1.1.1.0, Culture=neutral, PublicKeyToken=null' and ignoring 'Assets/Packages/supabase-csharp.0.16.2/lib/netstandard2.0/Supabase.dll, AssemblyName=Supabase, Version=0.16.2.0, Culture=neutral, PublicKeyToken=null'.- Loaded All Assemblies, in  2.509 seconds
Refreshing native plugins compatible for Editor in 96.79 ms, found 4 plugins.
Native extension for WindowsStandalone target not found
Native extension for WebGL target not found
[Package Manager] Server::EnsureServerProcessIsRunning -- launch failed, reason: Unity was launched with the -noUpm command-line argument
[Package Manager] UpmClient::Send -- Unable to send message (not connected to UPM process).
[Package Manager] Cannot connect to Unity Package Manager local server
Mono: successfully reloaded assembly
- Finished resetting the current domain, in  2.279 seconds
Domain Reload Profiling: 4762ms
	BeginReloadAssembly (312ms)
		ExecutionOrderSort (0ms)
		DisableScriptedObjects (15ms)
		BackupInstance (0ms)
		ReleaseScriptingObjects (0ms)
		CreateAndSetChildDomain (68ms)
	RebuildCommonClasses (56ms)
	RebuildNativeTypeToScriptingClass (18ms)
	initialDomainReloadingComplete (144ms)
	LoadAllAssembliesAndSetupDomain (1953ms)
		LoadAssemblies (2074ms)
		RebuildTransferFunctionScriptingTraits (0ms)
		AnalyzeDomain (51ms)
			TypeCache.Refresh (17ms)
				TypeCache.ScanAssembly (5ms)
			ScanForSourceGeneratedMonoScriptInfo (15ms)
			ResolveRequiredComponents (17ms)
	FinalizeReload (2280ms)
		ReleaseScriptCaches (0ms)
		RebuildScriptCaches (0ms)
		SetupLoadedEditorAssemblies (833ms)
			LogAssemblyErrors (0ms)
			InitializePlatformSupportModulesInManaged (16ms)
			SetLoadedEditorAssemblies (5ms)
			RefreshPlugins (0ms)
			BeforeProcessingInitializeOnLoad (178ms)
			ProcessInitializeOnLoadAttributes (557ms)
			ProcessInitializeOnLoadMethodAttributes (47ms)
			AfterProcessingInitializeOnLoad (30ms)
			EditorAssembliesLoaded (0ms)
		ExecutionOrderSort2 (0ms)
		AwakeInstancesAfterBackupRestoration (16ms)
Refreshing native plugins compatible for Editor in 61.78 ms, found 4 plugins.
Preloading 0 native plugins for Editor in 0.00 ms.
Unloading 4636 Unused Serialized files (Serialized files now loaded: 0)
Unloading 114 unused Assets / (149.3 KB). Loaded Objects now: 5257.
Memory consumption went from 150.4 MB to 150.2 MB.
Total: 4.289900 ms (FindLiveObjects: 0.349700 ms CreateObjectMapping: 0.290500 ms MarkObjects: 3.467200 ms  DeleteObjects: 0.181900 ms)

Prepare: number of updated asset objects reloaded= 0
AssetImportParameters requested are different than current active one (requested -> active):
  custom:container-demuxer-ogg: 62fdf1f143b41e24485cea50d1cbac27 -> 
  custom:video-codec-MediaFoundation-h265: 746d11721c4dcdbdad8f713fa42b33f4 -> 
  custom:video-decoder-ogg-theora: a1e56fd34408186e4bbccfd4996cb3dc -> 
  custom:framework-win-MediaFoundation: 216162199b28c13a410421893ffa2e32 -> 
  custom:CustomObjectIndexerAttribute: 756ad292c208cfabdd7b50bc23989ffe -> 
  custom:container-demuxer-webm: 4f35f7cbe854078d1ac9338744f61a02 -> 
  custom:container-muxer-webm: aa71ff27fc2769a1b78a27578f13a17b -> 
  custom:video-decoder-webm-vp8: 9c59270c3fd7afecdb556c50c9e8de78 -> 
  custom:SearchIndexIgnoredProperties: e643bd26f0fe6173181afceb89e7c659 -> 
  custom:AudioImporter_EditorPlatform: d09bf68614088b80899f8185d706f6e7 -> 
  custom:video-encoder-webm-vp8: eb34c28f22e8b96e1ab97ce403110664 -> 
  custom:audio-decoder-ogg-vorbis: bf7c407c2cedff20999df2af8eb42d56 -> 
  custom:audio-encoder-webm-vorbis: bf7c407c2cedff20999df2af8eb42d56 -> 
========================================================================
Received Prepare
Begin MonoManager ReloadAssembly
Duplicate assembly 'Supabase.Realtime.dll' with different versions detected, using 'Assets/Packages/Supabase.Realtime.7.0.2/lib/netstandard2.1/Supabase.Realtime.dll, AssemblyName=Supabase.Realtime, Version=7.0.2.0, Culture=neutral, PublicKeyToken=null' and ignoring 'Assets/Packages/realtime-csharp.6.0.4/lib/netstandard2.0/Supabase.Realtime.dll, AssemblyName=Supabase.Realtime, Version=6.0.4.0, Culture=neutral, PublicKeyToken=null'.Duplicate assembly 'Supabase.Functions.dll' with different versions detected, using 'Assets/Packages/Supabase.Functions.2.0.0/lib/netstandard2.0/Supabase.Functions.dll, AssemblyName=Supabase.Functions, Version=2.0.0.0, Culture=neutral, PublicKeyToken=null' and ignoring 'Assets/Packages/functions-csharp.1.3.2/lib/netstandard2.0/Supabase.Functions.dll, AssemblyName=Supabase.Functions, Version=1.3.2.0, Culture=neutral, PublicKeyToken=null'.Duplicate assembly 'Supabase.Gotrue.dll' with different versions detected, using 'Assets/Packages/Supabase.Gotrue.6.0.3/lib/netstandard2.1/Supabase.Gotrue.dll, AssemblyName=Supabase.Gotrue, Version=6.0.3.0, Culture=neutral, PublicKeyToken=null' and ignoring 'Assets/Packages/gotrue-csharp.4.2.7/lib/netstandard2.0/Supabase.Gotrue.dll, AssemblyName=Supabase.Gotrue, Version=4.2.7.0, Culture=neutral, PublicKeyToken=null'.Duplicate assembly 'Supabase.Storage.dll' with different versions detected, using 'Assets/Packages/Supabase.Storage.2.0.2/lib/netstandard2.0/Supabase.Storage.dll, AssemblyName=Supabase.Storage, Version=2.0.2.0, Culture=neutral, PublicKeyToken=null' and ignoring 'Assets/Packages/supabase-storage-csharp.1.4.0/lib/netstandard2.0/Supabase.Storage.dll, AssemblyName=Supabase.Storage, Version=1.4.0.0, Culture=neutral, PublicKeyToken=null'.Duplicate assembly 'Supabase.Postgrest.dll' with different versions detected, using 'Assets/Packages/Supabase.Postgrest.4.0.3/lib/netstandard2.0/Supabase.Postgrest.dll, AssemblyName=Supabase.Postgrest, Version=4.0.3.0, Culture=neutral, PublicKeyToken=null' and ignoring 'Assets/Packages/postgrest-csharp.3.5.1/lib/netstandard2.0/Supabase.Postgrest.dll, AssemblyName=Supabase.Postgrest, Version=3.5.1.0, Culture=neutral, PublicKeyToken=null'.Duplicate assembly 'Supabase.dll' with different versions detected, using 'Assets/Packages/Supabase.1.1.1/lib/netstandard2.1/Supabase.dll, AssemblyName=Supabase, Version=1.1.1.0, Culture=neutral, PublicKeyToken=null' and ignoring 'Assets/Packages/supabase-csharp.0.16.2/lib/netstandard2.0/Supabase.dll, AssemblyName=Supabase, Version=0.16.2.0, Culture=neutral, PublicKeyToken=null'.- Loaded All Assemblies, in  2.180 seconds
Refreshing native plugins compatible for Editor in 70.23 ms, found 4 plugins.
Native extension for WindowsStandalone target not found
Native extension for WebGL target not found
[Package Manager] Server::EnsureServerProcessIsRunning -- launch failed, reason: Unity was launched with the -noUpm command-line argument
[Package Manager] UpmClient::Send -- Unable to send message (not connected to UPM process).
[Package Manager] Cannot connect to Unity Package Manager local server
Mono: successfully reloaded assembly
- Finished resetting the current domain, in  2.334 seconds
Domain Reload Profiling: 4488ms
	BeginReloadAssembly (317ms)
		ExecutionOrderSort (0ms)
		DisableScriptedObjects (16ms)
		BackupInstance (0ms)
		ReleaseScriptingObjects (0ms)
		CreateAndSetChildDomain (63ms)
	RebuildCommonClasses (58ms)
	RebuildNativeTypeToScriptingClass (13ms)
	initialDomainReloadingComplete (142ms)
	LoadAllAssembliesAndSetupDomain (1624ms)
		LoadAssemblies (1767ms)
		RebuildTransferFunctionScriptingTraits (0ms)
		AnalyzeDomain (37ms)
			TypeCache.Refresh (15ms)
				TypeCache.ScanAssembly (5ms)
			ScanForSourceGeneratedMonoScriptInfo (12ms)
			ResolveRequiredComponents (9ms)
	FinalizeReload (2334ms)
		ReleaseScriptCaches (0ms)
		RebuildScriptCaches (0ms)
		SetupLoadedEditorAssemblies (882ms)
			LogAssemblyErrors (0ms)
			InitializePlatformSupportModulesInManaged (21ms)
			SetLoadedEditorAssemblies (8ms)
			RefreshPlugins (0ms)
			BeforeProcessingInitializeOnLoad (214ms)
			ProcessInitializeOnLoadAttributes (573ms)
			ProcessInitializeOnLoadMethodAttributes (41ms)
			AfterProcessingInitializeOnLoad (25ms)
			EditorAssembliesLoaded (0ms)
		ExecutionOrderSort2 (0ms)
		AwakeInstancesAfterBackupRestoration (18ms)
Refreshing native plugins compatible for Editor in 54.10 ms, found 4 plugins.
Preloading 0 native plugins for Editor in 0.00 ms.
Unloading 4636 Unused Serialized files (Serialized files now loaded: 0)
Unloading 114 unused Assets / (149.3 KB). Loaded Objects now: 5273.
Memory consumption went from 150.4 MB to 150.2 MB.
Total: 4.386700 ms (FindLiveObjects: 0.365700 ms CreateObjectMapping: 0.305200 ms MarkObjects: 3.562100 ms  DeleteObjects: 0.152800 ms)

Prepare: number of updated asset objects reloaded= 0
AssetImportParameters requested are different than current active one (requested -> active):
  custom:container-demuxer-ogg: 62fdf1f143b41e24485cea50d1cbac27 -> 
  custom:video-codec-MediaFoundation-h265: 746d11721c4dcdbdad8f713fa42b33f4 -> 
  custom:video-decoder-ogg-theora: a1e56fd34408186e4bbccfd4996cb3dc -> 
  custom:framework-win-MediaFoundation: 216162199b28c13a410421893ffa2e32 -> 
  custom:CustomObjectIndexerAttribute: 756ad292c208cfabdd7b50bc23989ffe -> 
  custom:container-demuxer-webm: 4f35f7cbe854078d1ac9338744f61a02 -> 
  custom:container-muxer-webm: aa71ff27fc2769a1b78a27578f13a17b -> 
  custom:video-decoder-webm-vp8: 9c59270c3fd7afecdb556c50c9e8de78 -> 
  custom:SearchIndexIgnoredProperties: e643bd26f0fe6173181afceb89e7c659 -> 
  custom:AudioImporter_EditorPlatform: d09bf68614088b80899f8185d706f6e7 -> 
  custom:video-encoder-webm-vp8: eb34c28f22e8b96e1ab97ce403110664 -> 
  custom:audio-decoder-ogg-vorbis: bf7c407c2cedff20999df2af8eb42d56 -> 
  custom:audio-encoder-webm-vorbis: bf7c407c2cedff20999df2af8eb42d56 -> 
========================================================================
Received Prepare
Begin MonoManager ReloadAssembly
Duplicate assembly 'Supabase.Realtime.dll' with different versions detected, using 'Assets/Packages/Supabase.Realtime.7.0.2/lib/netstandard2.1/Supabase.Realtime.dll, AssemblyName=Supabase.Realtime, Version=7.0.2.0, Culture=neutral, PublicKeyToken=null' and ignoring 'Assets/Packages/realtime-csharp.6.0.4/lib/netstandard2.0/Supabase.Realtime.dll, AssemblyName=Supabase.Realtime, Version=6.0.4.0, Culture=neutral, PublicKeyToken=null'.Duplicate assembly 'Supabase.Functions.dll' with different versions detected, using 'Assets/Packages/Supabase.Functions.2.0.0/lib/netstandard2.0/Supabase.Functions.dll, AssemblyName=Supabase.Functions, Version=2.0.0.0, Culture=neutral, PublicKeyToken=null' and ignoring 'Assets/Packages/functions-csharp.1.3.2/lib/netstandard2.0/Supabase.Functions.dll, AssemblyName=Supabase.Functions, Version=1.3.2.0, Culture=neutral, PublicKeyToken=null'.Duplicate assembly 'Supabase.Gotrue.dll' with different versions detected, using 'Assets/Packages/Supabase.Gotrue.6.0.3/lib/netstandard2.1/Supabase.Gotrue.dll, AssemblyName=Supabase.Gotrue, Version=6.0.3.0, Culture=neutral, PublicKeyToken=null' and ignoring 'Assets/Packages/gotrue-csharp.4.2.7/lib/netstandard2.0/Supabase.Gotrue.dll, AssemblyName=Supabase.Gotrue, Version=4.2.7.0, Culture=neutral, PublicKeyToken=null'.Duplicate assembly 'Supabase.Storage.dll' with different versions detected, using 'Assets/Packages/Supabase.Storage.2.0.2/lib/netstandard2.0/Supabase.Storage.dll, AssemblyName=Supabase.Storage, Version=2.0.2.0, Culture=neutral, PublicKeyToken=null' and ignoring 'Assets/Packages/supabase-storage-csharp.1.4.0/lib/netstandard2.0/Supabase.Storage.dll, AssemblyName=Supabase.Storage, Version=1.4.0.0, Culture=neutral, PublicKeyToken=null'.Duplicate assembly 'Supabase.Postgrest.dll' with different versions detected, using 'Assets/Packages/Supabase.Postgrest.4.0.3/lib/netstandard2.0/Supabase.Postgrest.dll, AssemblyName=Supabase.Postgrest, Version=4.0.3.0, Culture=neutral, PublicKeyToken=null' and ignoring 'Assets/Packages/postgrest-csharp.3.5.1/lib/netstandard2.0/Supabase.Postgrest.dll, AssemblyName=Supabase.Postgrest, Version=3.5.1.0, Culture=neutral, PublicKeyToken=null'.Duplicate assembly 'Supabase.dll' with different versions detected, using 'Assets/Packages/Supabase.1.1.1/lib/netstandard2.1/Supabase.dll, AssemblyName=Supabase, Version=1.1.1.0, Culture=neutral, PublicKeyToken=null' and ignoring 'Assets/Packages/supabase-csharp.0.16.2/lib/netstandard2.0/Supabase.dll, AssemblyName=Supabase, Version=0.16.2.0, Culture=neutral, PublicKeyToken=null'.- Loaded All Assemblies, in  1.808 seconds
Refreshing native plugins compatible for Editor in 52.01 ms, found 4 plugins.
Native extension for WindowsStandalone target not found
Native extension for WebGL target not found
[Package Manager] Server::EnsureServerProcessIsRunning -- launch failed, reason: Unity was launched with the -noUpm command-line argument
[Package Manager] UpmClient::Send -- Unable to send message (not connected to UPM process).
[Package Manager] Cannot connect to Unity Package Manager local server
Mono: successfully reloaded assembly
- Finished resetting the current domain, in  1.804 seconds
Domain Reload Profiling: 3590ms
	BeginReloadAssembly (242ms)
		ExecutionOrderSort (0ms)
		DisableScriptedObjects (12ms)
		BackupInstance (0ms)
		ReleaseScriptingObjects (0ms)
		CreateAndSetChildDomain (50ms)
	RebuildCommonClasses (37ms)
	RebuildNativeTypeToScriptingClass (11ms)
	initialDomainReloadingComplete (113ms)
	LoadAllAssembliesAndSetupDomain (1383ms)
		LoadAssemblies (1500ms)
		RebuildTransferFunctionScriptingTraits (0ms)
		AnalyzeDomain (15ms)
			TypeCache.Refresh (6ms)
				TypeCache.ScanAssembly (0ms)
			ScanForSourceGeneratedMonoScriptInfo (0ms)
			ResolveRequiredComponents (8ms)
	FinalizeReload (1804ms)
		ReleaseScriptCaches (0ms)
		RebuildScriptCaches (0ms)
		SetupLoadedEditorAssemblies (654ms)
			LogAssemblyErrors (0ms)
			InitializePlatformSupportModulesInManaged (13ms)
			SetLoadedEditorAssemblies (4ms)
			RefreshPlugins (0ms)
			BeforeProcessingInitializeOnLoad (136ms)
			ProcessInitializeOnLoadAttributes (439ms)
			ProcessInitializeOnLoadMethodAttributes (37ms)
			AfterProcessingInitializeOnLoad (24ms)
			EditorAssembliesLoaded (0ms)
		ExecutionOrderSort2 (0ms)
		AwakeInstancesAfterBackupRestoration (16ms)
Refreshing native plugins compatible for Editor in 50.91 ms, found 4 plugins.
Preloading 0 native plugins for Editor in 0.00 ms.
Unloading 4636 Unused Serialized files (Serialized files now loaded: 0)
Unloading 114 unused Assets / (149.5 KB). Loaded Objects now: 5289.
Memory consumption went from 150.3 MB to 150.2 MB.
Total: 4.654000 ms (FindLiveObjects: 0.409600 ms CreateObjectMapping: 0.362200 ms MarkObjects: 3.713400 ms  DeleteObjects: 0.168000 ms)

Prepare: number of updated asset objects reloaded= 0
AssetImportParameters requested are different than current active one (requested -> active):
  custom:container-demuxer-ogg: 62fdf1f143b41e24485cea50d1cbac27 -> 
  custom:video-codec-MediaFoundation-h265: 746d11721c4dcdbdad8f713fa42b33f4 -> 
  custom:video-decoder-ogg-theora: a1e56fd34408186e4bbccfd4996cb3dc -> 
  custom:framework-win-MediaFoundation: 216162199b28c13a410421893ffa2e32 -> 
  custom:CustomObjectIndexerAttribute: 756ad292c208cfabdd7b50bc23989ffe -> 
  custom:container-demuxer-webm: 4f35f7cbe854078d1ac9338744f61a02 -> 
  custom:container-muxer-webm: aa71ff27fc2769a1b78a27578f13a17b -> 
  custom:video-decoder-webm-vp8: 9c59270c3fd7afecdb556c50c9e8de78 -> 
  custom:SearchIndexIgnoredProperties: e643bd26f0fe6173181afceb89e7c659 -> 
  custom:AudioImporter_EditorPlatform: d09bf68614088b80899f8185d706f6e7 -> 
  custom:video-encoder-webm-vp8: eb34c28f22e8b96e1ab97ce403110664 -> 
  custom:audio-decoder-ogg-vorbis: bf7c407c2cedff20999df2af8eb42d56 -> 
  custom:audio-encoder-webm-vorbis: bf7c407c2cedff20999df2af8eb42d56 -> 
========================================================================
Received Prepare
Refreshing native plugins compatible for Editor in 60.46 ms, found 4 plugins.
Preloading 0 native plugins for Editor in 0.00 ms.
Unloading 2 Unused Serialized files (Serialized files now loaded: 0)
Unloading 2 unused Assets / (76.5 KB). Loaded Objects now: 5289.
Memory consumption went from 78.3 MB to 78.2 MB.
Total: 3.752500 ms (FindLiveObjects: 0.332200 ms CreateObjectMapping: 0.118800 ms MarkObjects: 3.259700 ms  DeleteObjects: 0.040500 ms)

Prepare: number of updated asset objects reloaded= 0
AssetImportParameters requested are different than current active one (requested -> active):
  custom:container-demuxer-ogg: 62fdf1f143b41e24485cea50d1cbac27 -> 
  custom:video-codec-MediaFoundation-h265: 746d11721c4dcdbdad8f713fa42b33f4 -> 
  custom:video-decoder-ogg-theora: a1e56fd34408186e4bbccfd4996cb3dc -> 
  custom:framework-win-MediaFoundation: 216162199b28c13a410421893ffa2e32 -> 
  custom:CustomObjectIndexerAttribute: 756ad292c208cfabdd7b50bc23989ffe -> 
  custom:container-demuxer-webm: 4f35f7cbe854078d1ac9338744f61a02 -> 
  custom:container-muxer-webm: aa71ff27fc2769a1b78a27578f13a17b -> 
  custom:video-decoder-webm-vp8: 9c59270c3fd7afecdb556c50c9e8de78 -> 
  custom:SearchIndexIgnoredProperties: e643bd26f0fe6173181afceb89e7c659 -> 
  custom:AudioImporter_EditorPlatform: d09bf68614088b80899f8185d706f6e7 -> 
  custom:video-encoder-webm-vp8: eb34c28f22e8b96e1ab97ce403110664 -> 
  custom:audio-decoder-ogg-vorbis: bf7c407c2cedff20999df2af8eb42d56 -> 
  custom:audio-encoder-webm-vorbis: bf7c407c2cedff20999df2af8eb42d56 -> 
========================================================================
Received Prepare
Begin MonoManager ReloadAssembly
Duplicate assembly 'Supabase.Realtime.dll' with different versions detected, using 'Assets/Packages/Supabase.Realtime.7.0.2/lib/netstandard2.1/Supabase.Realtime.dll, AssemblyName=Supabase.Realtime, Version=7.0.2.0, Culture=neutral, PublicKeyToken=null' and ignoring 'Assets/Packages/realtime-csharp.6.0.4/lib/netstandard2.0/Supabase.Realtime.dll, AssemblyName=Supabase.Realtime, Version=6.0.4.0, Culture=neutral, PublicKeyToken=null'.Duplicate assembly 'Supabase.Functions.dll' with different versions detected, using 'Assets/Packages/Supabase.Functions.2.0.0/lib/netstandard2.0/Supabase.Functions.dll, AssemblyName=Supabase.Functions, Version=2.0.0.0, Culture=neutral, PublicKeyToken=null' and ignoring 'Assets/Packages/functions-csharp.1.3.2/lib/netstandard2.0/Supabase.Functions.dll, AssemblyName=Supabase.Functions, Version=1.3.2.0, Culture=neutral, PublicKeyToken=null'.Duplicate assembly 'Supabase.Gotrue.dll' with different versions detected, using 'Assets/Packages/Supabase.Gotrue.6.0.3/lib/netstandard2.1/Supabase.Gotrue.dll, AssemblyName=Supabase.Gotrue, Version=6.0.3.0, Culture=neutral, PublicKeyToken=null' and ignoring 'Assets/Packages/gotrue-csharp.4.2.7/lib/netstandard2.0/Supabase.Gotrue.dll, AssemblyName=Supabase.Gotrue, Version=4.2.7.0, Culture=neutral, PublicKeyToken=null'.Duplicate assembly 'Supabase.Storage.dll' with different versions detected, using 'Assets/Packages/Supabase.Storage.2.0.2/lib/netstandard2.0/Supabase.Storage.dll, AssemblyName=Supabase.Storage, Version=2.0.2.0, Culture=neutral, PublicKeyToken=null' and ignoring 'Assets/Packages/supabase-storage-csharp.1.4.0/lib/netstandard2.0/Supabase.Storage.dll, AssemblyName=Supabase.Storage, Version=1.4.0.0, Culture=neutral, PublicKeyToken=null'.Duplicate assembly 'Supabase.Postgrest.dll' with different versions detected, using 'Assets/Packages/Supabase.Postgrest.4.0.3/lib/netstandard2.0/Supabase.Postgrest.dll, AssemblyName=Supabase.Postgrest, Version=4.0.3.0, Culture=neutral, PublicKeyToken=null' and ignoring 'Assets/Packages/postgrest-csharp.3.5.1/lib/netstandard2.0/Supabase.Postgrest.dll, AssemblyName=Supabase.Postgrest, Version=3.5.1.0, Culture=neutral, PublicKeyToken=null'.Duplicate assembly 'Supabase.dll' with different versions detected, using 'Assets/Packages/Supabase.1.1.1/lib/netstandard2.1/Supabase.dll, AssemblyName=Supabase, Version=1.1.1.0, Culture=neutral, PublicKeyToken=null' and ignoring 'Assets/Packages/supabase-csharp.0.16.2/lib/netstandard2.0/Supabase.dll, AssemblyName=Supabase, Version=0.16.2.0, Culture=neutral, PublicKeyToken=null'.- Loaded All Assemblies, in  2.167 seconds
Refreshing native plugins compatible for Editor in 66.94 ms, found 4 plugins.
Native extension for WindowsStandalone target not found
Native extension for WebGL target not found
[Package Manager] Server::EnsureServerProcessIsRunning -- launch failed, reason: Unity was launched with the -noUpm command-line argument
[Package Manager] UpmClient::Send -- Unable to send message (not connected to UPM process).
[Package Manager] Cannot connect to Unity Package Manager local server
Mono: successfully reloaded assembly
- Finished resetting the current domain, in  2.328 seconds
Domain Reload Profiling: 4473ms
	BeginReloadAssembly (259ms)
		ExecutionOrderSort (0ms)
		DisableScriptedObjects (14ms)
		BackupInstance (0ms)
		ReleaseScriptingObjects (0ms)
		CreateAndSetChildDomain (56ms)
	RebuildCommonClasses (39ms)
	RebuildNativeTypeToScriptingClass (10ms)
	initialDomainReloadingComplete (103ms)
	LoadAllAssembliesAndSetupDomain (1734ms)
		LoadAssemblies (1850ms)
		RebuildTransferFunctionScriptingTraits (0ms)
		AnalyzeDomain (20ms)
			TypeCache.Refresh (7ms)
				TypeCache.ScanAssembly (0ms)
			ScanForSourceGeneratedMonoScriptInfo (0ms)
			ResolveRequiredComponents (12ms)
	FinalizeReload (2328ms)
		ReleaseScriptCaches (0ms)
		RebuildScriptCaches (0ms)
		SetupLoadedEditorAssemblies (878ms)
			LogAssemblyErrors (0ms)
			InitializePlatformSupportModulesInManaged (17ms)
			SetLoadedEditorAssemblies (5ms)
			RefreshPlugins (0ms)
			BeforeProcessingInitializeOnLoad (177ms)
			ProcessInitializeOnLoadAttributes (599ms)
			ProcessInitializeOnLoadMethodAttributes (50ms)
			AfterProcessingInitializeOnLoad (29ms)
			EditorAssembliesLoaded (0ms)
		ExecutionOrderSort2 (0ms)
		AwakeInstancesAfterBackupRestoration (23ms)
Refreshing native plugins compatible for Editor in 68.28 ms, found 4 plugins.
Preloading 0 native plugins for Editor in 0.00 ms.
Unloading 4636 Unused Serialized files (Serialized files now loaded: 0)
Unloading 114 unused Assets / (149.4 KB). Loaded Objects now: 5305.
Memory consumption went from 150.4 MB to 150.3 MB.
Total: 5.298700 ms (FindLiveObjects: 0.456700 ms CreateObjectMapping: 0.416700 ms MarkObjects: 4.256100 ms  DeleteObjects: 0.168200 ms)

Prepare: number of updated asset objects reloaded= 0
AssetImportParameters requested are different than current active one (requested -> active):
  custom:container-demuxer-ogg: 62fdf1f143b41e24485cea50d1cbac27 -> 
  custom:video-codec-MediaFoundation-h265: 746d11721c4dcdbdad8f713fa42b33f4 -> 
  custom:video-decoder-ogg-theora: a1e56fd34408186e4bbccfd4996cb3dc -> 
  custom:framework-win-MediaFoundation: 216162199b28c13a410421893ffa2e32 -> 
  custom:CustomObjectIndexerAttribute: 756ad292c208cfabdd7b50bc23989ffe -> 
  custom:container-demuxer-webm: 4f35f7cbe854078d1ac9338744f61a02 -> 
  custom:container-muxer-webm: aa71ff27fc2769a1b78a27578f13a17b -> 
  custom:video-decoder-webm-vp8: 9c59270c3fd7afecdb556c50c9e8de78 -> 
  custom:SearchIndexIgnoredProperties: e643bd26f0fe6173181afceb89e7c659 -> 
  custom:AudioImporter_EditorPlatform: d09bf68614088b80899f8185d706f6e7 -> 
  custom:video-encoder-webm-vp8: eb34c28f22e8b96e1ab97ce403110664 -> 
  custom:audio-decoder-ogg-vorbis: bf7c407c2cedff20999df2af8eb42d56 -> 
  custom:audio-encoder-webm-vorbis: bf7c407c2cedff20999df2af8eb42d56 -> 
========================================================================
Received Prepare
Begin MonoManager ReloadAssembly
Duplicate assembly 'Supabase.Realtime.dll' with different versions detected, using 'Assets/Packages/Supabase.Realtime.7.0.2/lib/netstandard2.1/Supabase.Realtime.dll, AssemblyName=Supabase.Realtime, Version=7.0.2.0, Culture=neutral, PublicKeyToken=null' and ignoring 'Assets/Packages/realtime-csharp.6.0.4/lib/netstandard2.0/Supabase.Realtime.dll, AssemblyName=Supabase.Realtime, Version=6.0.4.0, Culture=neutral, PublicKeyToken=null'.Duplicate assembly 'Supabase.Functions.dll' with different versions detected, using 'Assets/Packages/Supabase.Functions.2.0.0/lib/netstandard2.0/Supabase.Functions.dll, AssemblyName=Supabase.Functions, Version=2.0.0.0, Culture=neutral, PublicKeyToken=null' and ignoring 'Assets/Packages/functions-csharp.1.3.2/lib/netstandard2.0/Supabase.Functions.dll, AssemblyName=Supabase.Functions, Version=1.3.2.0, Culture=neutral, PublicKeyToken=null'.Duplicate assembly 'Supabase.Gotrue.dll' with different versions detected, using 'Assets/Packages/Supabase.Gotrue.6.0.3/lib/netstandard2.1/Supabase.Gotrue.dll, AssemblyName=Supabase.Gotrue, Version=6.0.3.0, Culture=neutral, PublicKeyToken=null' and ignoring 'Assets/Packages/gotrue-csharp.4.2.7/lib/netstandard2.0/Supabase.Gotrue.dll, AssemblyName=Supabase.Gotrue, Version=4.2.7.0, Culture=neutral, PublicKeyToken=null'.Duplicate assembly 'Supabase.Storage.dll' with different versions detected, using 'Assets/Packages/Supabase.Storage.2.0.2/lib/netstandard2.0/Supabase.Storage.dll, AssemblyName=Supabase.Storage, Version=2.0.2.0, Culture=neutral, PublicKeyToken=null' and ignoring 'Assets/Packages/supabase-storage-csharp.1.4.0/lib/netstandard2.0/Supabase.Storage.dll, AssemblyName=Supabase.Storage, Version=1.4.0.0, Culture=neutral, PublicKeyToken=null'.Duplicate assembly 'Supabase.Postgrest.dll' with different versions detected, using 'Assets/Packages/Supabase.Postgrest.4.0.3/lib/netstandard2.0/Supabase.Postgrest.dll, AssemblyName=Supabase.Postgrest, Version=4.0.3.0, Culture=neutral, PublicKeyToken=null' and ignoring 'Assets/Packages/postgrest-csharp.3.5.1/lib/netstandard2.0/Supabase.Postgrest.dll, AssemblyName=Supabase.Postgrest, Version=3.5.1.0, Culture=neutral, PublicKeyToken=null'.Duplicate assembly 'Supabase.dll' with different versions detected, using 'Assets/Packages/Supabase.1.1.1/lib/netstandard2.1/Supabase.dll, AssemblyName=Supabase, Version=1.1.1.0, Culture=neutral, PublicKeyToken=null' and ignoring 'Assets/Packages/supabase-csharp.0.16.2/lib/netstandard2.0/Supabase.dll, AssemblyName=Supabase, Version=0.16.2.0, Culture=neutral, PublicKeyToken=null'.- Loaded All Assemblies, in  2.124 seconds
Refreshing native plugins compatible for Editor in 55.83 ms, found 4 plugins.
Native extension for WindowsStandalone target not found
Native extension for WebGL target not found
[Package Manager] Server::EnsureServerProcessIsRunning -- launch failed, reason: Unity was launched with the -noUpm command-line argument
[Package Manager] UpmClient::Send -- Unable to send message (not connected to UPM process).
[Package Manager] Cannot connect to Unity Package Manager local server
Mono: successfully reloaded assembly
- Finished resetting the current domain, in  1.839 seconds
Domain Reload Profiling: 3936ms
	BeginReloadAssembly (330ms)
		ExecutionOrderSort (0ms)
		DisableScriptedObjects (19ms)
		BackupInstance (0ms)
		ReleaseScriptingObjects (0ms)
		CreateAndSetChildDomain (65ms)
	RebuildCommonClasses (50ms)
	RebuildNativeTypeToScriptingClass (16ms)
	initialDomainReloadingComplete (136ms)
	LoadAllAssembliesAndSetupDomain (1565ms)
		LoadAssemblies (1721ms)
		RebuildTransferFunctionScriptingTraits (0ms)
		AnalyzeDomain (33ms)
			TypeCache.Refresh (13ms)
				TypeCache.ScanAssembly (4ms)
			ScanForSourceGeneratedMonoScriptInfo (9ms)
			ResolveRequiredComponents (9ms)
	FinalizeReload (1839ms)
		ReleaseScriptCaches (0ms)
		RebuildScriptCaches (0ms)
		SetupLoadedEditorAssemblies (683ms)
			LogAssemblyErrors (0ms)
			InitializePlatformSupportModulesInManaged (14ms)
			SetLoadedEditorAssemblies (4ms)
			RefreshPlugins (0ms)
			BeforeProcessingInitializeOnLoad (140ms)
			ProcessInitializeOnLoadAttributes (455ms)
			ProcessInitializeOnLoadMethodAttributes (44ms)
			AfterProcessingInitializeOnLoad (26ms)
			EditorAssembliesLoaded (0ms)
		ExecutionOrderSort2 (0ms)
		AwakeInstancesAfterBackupRestoration (17ms)
Refreshing native plugins compatible for Editor in 52.65 ms, found 4 plugins.
Preloading 0 native plugins for Editor in 0.00 ms.
Unloading 4636 Unused Serialized files (Serialized files now loaded: 0)
Unloading 114 unused Assets / (149.5 KB). Loaded Objects now: 5321.
Memory consumption went from 150.4 MB to 150.3 MB.
Total: 4.444500 ms (FindLiveObjects: 0.376700 ms CreateObjectMapping: 0.309100 ms MarkObjects: 3.438900 ms  DeleteObjects: 0.318800 ms)

Prepare: number of updated asset objects reloaded= 0
AssetImportParameters requested are different than current active one (requested -> active):
  custom:container-demuxer-ogg: 62fdf1f143b41e24485cea50d1cbac27 -> 
  custom:video-codec-MediaFoundation-h265: 746d11721c4dcdbdad8f713fa42b33f4 -> 
  custom:video-decoder-ogg-theora: a1e56fd34408186e4bbccfd4996cb3dc -> 
  custom:framework-win-MediaFoundation: 216162199b28c13a410421893ffa2e32 -> 
  custom:CustomObjectIndexerAttribute: 756ad292c208cfabdd7b50bc23989ffe -> 
  custom:container-demuxer-webm: 4f35f7cbe854078d1ac9338744f61a02 -> 
  custom:container-muxer-webm: aa71ff27fc2769a1b78a27578f13a17b -> 
  custom:video-decoder-webm-vp8: 9c59270c3fd7afecdb556c50c9e8de78 -> 
  custom:SearchIndexIgnoredProperties: e643bd26f0fe6173181afceb89e7c659 -> 
  custom:AudioImporter_EditorPlatform: d09bf68614088b80899f8185d706f6e7 -> 
  custom:video-encoder-webm-vp8: eb34c28f22e8b96e1ab97ce403110664 -> 
  custom:audio-decoder-ogg-vorbis: bf7c407c2cedff20999df2af8eb42d56 -> 
  custom:audio-encoder-webm-vorbis: bf7c407c2cedff20999df2af8eb42d56 -> 
========================================================================
Received Prepare
Begin MonoManager ReloadAssembly
Duplicate assembly 'Supabase.Realtime.dll' with different versions detected, using 'Assets/Packages/Supabase.Realtime.7.0.2/lib/netstandard2.1/Supabase.Realtime.dll, AssemblyName=Supabase.Realtime, Version=7.0.2.0, Culture=neutral, PublicKeyToken=null' and ignoring 'Assets/Packages/realtime-csharp.6.0.4/lib/netstandard2.0/Supabase.Realtime.dll, AssemblyName=Supabase.Realtime, Version=6.0.4.0, Culture=neutral, PublicKeyToken=null'.Duplicate assembly 'Supabase.Functions.dll' with different versions detected, using 'Assets/Packages/Supabase.Functions.2.0.0/lib/netstandard2.0/Supabase.Functions.dll, AssemblyName=Supabase.Functions, Version=2.0.0.0, Culture=neutral, PublicKeyToken=null' and ignoring 'Assets/Packages/functions-csharp.1.3.2/lib/netstandard2.0/Supabase.Functions.dll, AssemblyName=Supabase.Functions, Version=1.3.2.0, Culture=neutral, PublicKeyToken=null'.Duplicate assembly 'Supabase.Gotrue.dll' with different versions detected, using 'Assets/Packages/Supabase.Gotrue.6.0.3/lib/netstandard2.1/Supabase.Gotrue.dll, AssemblyName=Supabase.Gotrue, Version=6.0.3.0, Culture=neutral, PublicKeyToken=null' and ignoring 'Assets/Packages/gotrue-csharp.4.2.7/lib/netstandard2.0/Supabase.Gotrue.dll, AssemblyName=Supabase.Gotrue, Version=4.2.7.0, Culture=neutral, PublicKeyToken=null'.Duplicate assembly 'Supabase.Storage.dll' with different versions detected, using 'Assets/Packages/Supabase.Storage.2.0.2/lib/netstandard2.0/Supabase.Storage.dll, AssemblyName=Supabase.Storage, Version=2.0.2.0, Culture=neutral, PublicKeyToken=null' and ignoring 'Assets/Packages/supabase-storage-csharp.1.4.0/lib/netstandard2.0/Supabase.Storage.dll, AssemblyName=Supabase.Storage, Version=1.4.0.0, Culture=neutral, PublicKeyToken=null'.Duplicate assembly 'Supabase.Postgrest.dll' with different versions detected, using 'Assets/Packages/Supabase.Postgrest.4.0.3/lib/netstandard2.0/Supabase.Postgrest.dll, AssemblyName=Supabase.Postgrest, Version=4.0.3.0, Culture=neutral, PublicKeyToken=null' and ignoring 'Assets/Packages/postgrest-csharp.3.5.1/lib/netstandard2.0/Supabase.Postgrest.dll, AssemblyName=Supabase.Postgrest, Version=3.5.1.0, Culture=neutral, PublicKeyToken=null'.Duplicate assembly 'Supabase.dll' with different versions detected, using 'Assets/Packages/Supabase.1.1.1/lib/netstandard2.1/Supabase.dll, AssemblyName=Supabase, Version=1.1.1.0, Culture=neutral, PublicKeyToken=null' and ignoring 'Assets/Packages/supabase-csharp.0.16.2/lib/netstandard2.0/Supabase.dll, AssemblyName=Supabase, Version=0.16.2.0, Culture=neutral, PublicKeyToken=null'.- Loaded All Assemblies, in  2.461 seconds
Refreshing native plugins compatible for Editor in 59.18 ms, found 4 plugins.
Native extension for WindowsStandalone target not found
Native extension for WebGL target not found
[Package Manager] Server::EnsureServerProcessIsRunning -- launch failed, reason: Unity was launched with the -noUpm command-line argument
[Package Manager] UpmClient::Send -- Unable to send message (not connected to UPM process).
[Package Manager] Cannot connect to Unity Package Manager local server
Mono: successfully reloaded assembly
- Finished resetting the current domain, in  2.448 seconds
Domain Reload Profiling: 4881ms
	BeginReloadAssembly (351ms)
		ExecutionOrderSort (0ms)
		DisableScriptedObjects (29ms)
		BackupInstance (0ms)
		ReleaseScriptingObjects (0ms)
		CreateAndSetChildDomain (77ms)
	RebuildCommonClasses (52ms)
	RebuildNativeTypeToScriptingClass (14ms)
	initialDomainReloadingComplete (136ms)
	LoadAllAssembliesAndSetupDomain (1880ms)
		LoadAssemblies (2023ms)
		RebuildTransferFunctionScriptingTraits (0ms)
		AnalyzeDomain (37ms)
			TypeCache.Refresh (15ms)
				TypeCache.ScanAssembly (4ms)
			ScanForSourceGeneratedMonoScriptInfo (9ms)
			ResolveRequiredComponents (11ms)
	FinalizeReload (2449ms)
		ReleaseScriptCaches (0ms)
		RebuildScriptCaches (0ms)
		SetupLoadedEditorAssemblies (930ms)
			LogAssemblyErrors (0ms)
			InitializePlatformSupportModulesInManaged (17ms)
			SetLoadedEditorAssemblies (5ms)
			RefreshPlugins (0ms)
			BeforeProcessingInitializeOnLoad (168ms)
			ProcessInitializeOnLoadAttributes (672ms)
			ProcessInitializeOnLoadMethodAttributes (41ms)
			AfterProcessingInitializeOnLoad (27ms)
			EditorAssembliesLoaded (0ms)
		ExecutionOrderSort2 (0ms)
		AwakeInstancesAfterBackupRestoration (17ms)
Refreshing native plugins compatible for Editor in 67.75 ms, found 4 plugins.
Preloading 0 native plugins for Editor in 0.00 ms.
Unloading 4636 Unused Serialized files (Serialized files now loaded: 0)
Unloading 114 unused Assets / (149.4 KB). Loaded Objects now: 5337.
Memory consumption went from 150.5 MB to 150.3 MB.
Total: 4.718700 ms (FindLiveObjects: 0.590200 ms CreateObjectMapping: 0.183800 ms MarkObjects: 3.783800 ms  DeleteObjects: 0.159800 ms)

Prepare: number of updated asset objects reloaded= 0
AssetImportParameters requested are different than current active one (requested -> active):
  custom:container-demuxer-ogg: 62fdf1f143b41e24485cea50d1cbac27 -> 
  custom:video-codec-MediaFoundation-h265: 746d11721c4dcdbdad8f713fa42b33f4 -> 
  custom:video-decoder-ogg-theora: a1e56fd34408186e4bbccfd4996cb3dc -> 
  custom:framework-win-MediaFoundation: 216162199b28c13a410421893ffa2e32 -> 
  custom:CustomObjectIndexerAttribute: 756ad292c208cfabdd7b50bc23989ffe -> 
  custom:container-demuxer-webm: 4f35f7cbe854078d1ac9338744f61a02 -> 
  custom:container-muxer-webm: aa71ff27fc2769a1b78a27578f13a17b -> 
  custom:video-decoder-webm-vp8: 9c59270c3fd7afecdb556c50c9e8de78 -> 
  custom:SearchIndexIgnoredProperties: e643bd26f0fe6173181afceb89e7c659 -> 
  custom:AudioImporter_EditorPlatform: d09bf68614088b80899f8185d706f6e7 -> 
  custom:video-encoder-webm-vp8: eb34c28f22e8b96e1ab97ce403110664 -> 
  custom:audio-decoder-ogg-vorbis: bf7c407c2cedff20999df2af8eb42d56 -> 
  custom:audio-encoder-webm-vorbis: bf7c407c2cedff20999df2af8eb42d56 -> 
========================================================================
Received Prepare
Begin MonoManager ReloadAssembly
Duplicate assembly 'Supabase.Realtime.dll' with different versions detected, using 'Assets/Packages/Supabase.Realtime.7.0.2/lib/netstandard2.1/Supabase.Realtime.dll, AssemblyName=Supabase.Realtime, Version=7.0.2.0, Culture=neutral, PublicKeyToken=null' and ignoring 'Assets/Packages/realtime-csharp.6.0.4/lib/netstandard2.0/Supabase.Realtime.dll, AssemblyName=Supabase.Realtime, Version=6.0.4.0, Culture=neutral, PublicKeyToken=null'.Duplicate assembly 'Supabase.Functions.dll' with different versions detected, using 'Assets/Packages/Supabase.Functions.2.0.0/lib/netstandard2.0/Supabase.Functions.dll, AssemblyName=Supabase.Functions, Version=2.0.0.0, Culture=neutral, PublicKeyToken=null' and ignoring 'Assets/Packages/functions-csharp.1.3.2/lib/netstandard2.0/Supabase.Functions.dll, AssemblyName=Supabase.Functions, Version=1.3.2.0, Culture=neutral, PublicKeyToken=null'.Duplicate assembly 'Supabase.Gotrue.dll' with different versions detected, using 'Assets/Packages/Supabase.Gotrue.6.0.3/lib/netstandard2.1/Supabase.Gotrue.dll, AssemblyName=Supabase.Gotrue, Version=6.0.3.0, Culture=neutral, PublicKeyToken=null' and ignoring 'Assets/Packages/gotrue-csharp.4.2.7/lib/netstandard2.0/Supabase.Gotrue.dll, AssemblyName=Supabase.Gotrue, Version=4.2.7.0, Culture=neutral, PublicKeyToken=null'.Duplicate assembly 'Supabase.Storage.dll' with different versions detected, using 'Assets/Packages/Supabase.Storage.2.0.2/lib/netstandard2.0/Supabase.Storage.dll, AssemblyName=Supabase.Storage, Version=2.0.2.0, Culture=neutral, PublicKeyToken=null' and ignoring 'Assets/Packages/supabase-storage-csharp.1.4.0/lib/netstandard2.0/Supabase.Storage.dll, AssemblyName=Supabase.Storage, Version=1.4.0.0, Culture=neutral, PublicKeyToken=null'.Duplicate assembly 'Supabase.Postgrest.dll' with different versions detected, using 'Assets/Packages/Supabase.Postgrest.4.0.3/lib/netstandard2.0/Supabase.Postgrest.dll, AssemblyName=Supabase.Postgrest, Version=4.0.3.0, Culture=neutral, PublicKeyToken=null' and ignoring 'Assets/Packages/postgrest-csharp.3.5.1/lib/netstandard2.0/Supabase.Postgrest.dll, AssemblyName=Supabase.Postgrest, Version=3.5.1.0, Culture=neutral, PublicKeyToken=null'.Duplicate assembly 'Supabase.dll' with different versions detected, using 'Assets/Packages/Supabase.1.1.1/lib/netstandard2.1/Supabase.dll, AssemblyName=Supabase, Version=1.1.1.0, Culture=neutral, PublicKeyToken=null' and ignoring 'Assets/Packages/supabase-csharp.0.16.2/lib/netstandard2.0/Supabase.dll, AssemblyName=Supabase, Version=0.16.2.0, Culture=neutral, PublicKeyToken=null'.- Loaded All Assemblies, in  2.299 seconds
Refreshing native plugins compatible for Editor in 57.43 ms, found 4 plugins.
Native extension for WindowsStandalone target not found
Native extension for WebGL target not found
[Package Manager] Server::EnsureServerProcessIsRunning -- launch failed, reason: Unity was launched with the -noUpm command-line argument
[Package Manager] UpmClient::Send -- Unable to send message (not connected to UPM process).
[Package Manager] Cannot connect to Unity Package Manager local server
Mono: successfully reloaded assembly
- Finished resetting the current domain, in  2.108 seconds
Domain Reload Profiling: 4371ms
	BeginReloadAssembly (342ms)
		ExecutionOrderSort (0ms)
		DisableScriptedObjects (17ms)
		BackupInstance (0ms)
		ReleaseScriptingObjects (0ms)
		CreateAndSetChildDomain (59ms)
	RebuildCommonClasses (58ms)
	RebuildNativeTypeToScriptingClass (20ms)
	initialDomainReloadingComplete (175ms)
	LoadAllAssembliesAndSetupDomain (1667ms)
		LoadAssemblies (1830ms)
		RebuildTransferFunctionScriptingTraits (0ms)
		AnalyzeDomain (35ms)
			TypeCache.Refresh (16ms)
				TypeCache.ScanAssembly (5ms)
			ScanForSourceGeneratedMonoScriptInfo (10ms)
			ResolveRequiredComponents (8ms)
	FinalizeReload (2109ms)
		ReleaseScriptCaches (0ms)
		RebuildScriptCaches (0ms)
		SetupLoadedEditorAssemblies (852ms)
			LogAssemblyErrors (0ms)
			InitializePlatformSupportModulesInManaged (15ms)
			SetLoadedEditorAssemblies (5ms)
			RefreshPlugins (0ms)
			BeforeProcessingInitializeOnLoad (198ms)
			ProcessInitializeOnLoadAttributes (557ms)
			ProcessInitializeOnLoadMethodAttributes (50ms)
			AfterProcessingInitializeOnLoad (27ms)
			EditorAssembliesLoaded (0ms)
		ExecutionOrderSort2 (0ms)
		AwakeInstancesAfterBackupRestoration (19ms)
Refreshing native plugins compatible for Editor in 70.95 ms, found 4 plugins.
Preloading 0 native plugins for Editor in 0.00 ms.
Unloading 4636 Unused Serialized files (Serialized files now loaded: 0)
Unloading 114 unused Assets / (149.3 KB). Loaded Objects now: 5353.
Memory consumption went from 150.7 MB to 150.5 MB.
Total: 7.713000 ms (FindLiveObjects: 0.806500 ms CreateObjectMapping: 0.461800 ms MarkObjects: 6.242800 ms  DeleteObjects: 0.200400 ms)

Prepare: number of updated asset objects reloaded= 0
AssetImportParameters requested are different than current active one (requested -> active):
  custom:container-demuxer-ogg: 62fdf1f143b41e24485cea50d1cbac27 -> 
  custom:video-codec-MediaFoundation-h265: 746d11721c4dcdbdad8f713fa42b33f4 -> 
  custom:video-decoder-ogg-theora: a1e56fd34408186e4bbccfd4996cb3dc -> 
  custom:framework-win-MediaFoundation: 216162199b28c13a410421893ffa2e32 -> 
  custom:CustomObjectIndexerAttribute: 756ad292c208cfabdd7b50bc23989ffe -> 
  custom:container-demuxer-webm: 4f35f7cbe854078d1ac9338744f61a02 -> 
  custom:container-muxer-webm: aa71ff27fc2769a1b78a27578f13a17b -> 
  custom:video-decoder-webm-vp8: 9c59270c3fd7afecdb556c50c9e8de78 -> 
  custom:SearchIndexIgnoredProperties: e643bd26f0fe6173181afceb89e7c659 -> 
  custom:AudioImporter_EditorPlatform: d09bf68614088b80899f8185d706f6e7 -> 
  custom:video-encoder-webm-vp8: eb34c28f22e8b96e1ab97ce403110664 -> 
  custom:audio-decoder-ogg-vorbis: bf7c407c2cedff20999df2af8eb42d56 -> 
  custom:audio-encoder-webm-vorbis: bf7c407c2cedff20999df2af8eb42d56 -> 
========================================================================
Received Prepare
Begin MonoManager ReloadAssembly
Duplicate assembly 'Supabase.Realtime.dll' with different versions detected, using 'Assets/Packages/Supabase.Realtime.7.0.2/lib/netstandard2.1/Supabase.Realtime.dll, AssemblyName=Supabase.Realtime, Version=7.0.2.0, Culture=neutral, PublicKeyToken=null' and ignoring 'Assets/Packages/realtime-csharp.6.0.4/lib/netstandard2.0/Supabase.Realtime.dll, AssemblyName=Supabase.Realtime, Version=6.0.4.0, Culture=neutral, PublicKeyToken=null'.Duplicate assembly 'Supabase.Functions.dll' with different versions detected, using 'Assets/Packages/Supabase.Functions.2.0.0/lib/netstandard2.0/Supabase.Functions.dll, AssemblyName=Supabase.Functions, Version=2.0.0.0, Culture=neutral, PublicKeyToken=null' and ignoring 'Assets/Packages/functions-csharp.1.3.2/lib/netstandard2.0/Supabase.Functions.dll, AssemblyName=Supabase.Functions, Version=1.3.2.0, Culture=neutral, PublicKeyToken=null'.Duplicate assembly 'Supabase.Gotrue.dll' with different versions detected, using 'Assets/Packages/Supabase.Gotrue.6.0.3/lib/netstandard2.1/Supabase.Gotrue.dll, AssemblyName=Supabase.Gotrue, Version=6.0.3.0, Culture=neutral, PublicKeyToken=null' and ignoring 'Assets/Packages/gotrue-csharp.4.2.7/lib/netstandard2.0/Supabase.Gotrue.dll, AssemblyName=Supabase.Gotrue, Version=4.2.7.0, Culture=neutral, PublicKeyToken=null'.Duplicate assembly 'Supabase.Storage.dll' with different versions detected, using 'Assets/Packages/Supabase.Storage.2.0.2/lib/netstandard2.0/Supabase.Storage.dll, AssemblyName=Supabase.Storage, Version=2.0.2.0, Culture=neutral, PublicKeyToken=null' and ignoring 'Assets/Packages/supabase-storage-csharp.1.4.0/lib/netstandard2.0/Supabase.Storage.dll, AssemblyName=Supabase.Storage, Version=1.4.0.0, Culture=neutral, PublicKeyToken=null'.Duplicate assembly 'Supabase.Postgrest.dll' with different versions detected, using 'Assets/Packages/Supabase.Postgrest.4.0.3/lib/netstandard2.0/Supabase.Postgrest.dll, AssemblyName=Supabase.Postgrest, Version=4.0.3.0, Culture=neutral, PublicKeyToken=null' and ignoring 'Assets/Packages/postgrest-csharp.3.5.1/lib/netstandard2.0/Supabase.Postgrest.dll, AssemblyName=Supabase.Postgrest, Version=3.5.1.0, Culture=neutral, PublicKeyToken=null'.Duplicate assembly 'Supabase.dll' with different versions detected, using 'Assets/Packages/Supabase.1.1.1/lib/netstandard2.1/Supabase.dll, AssemblyName=Supabase, Version=1.1.1.0, Culture=neutral, PublicKeyToken=null' and ignoring 'Assets/Packages/supabase-csharp.0.16.2/lib/netstandard2.0/Supabase.dll, AssemblyName=Supabase, Version=0.16.2.0, Culture=neutral, PublicKeyToken=null'.- Loaded All Assemblies, in  1.911 seconds
Refreshing native plugins compatible for Editor in 57.17 ms, found 4 plugins.
Native extension for WindowsStandalone target not found
Native extension for WebGL target not found
[Package Manager] Server::EnsureServerProcessIsRunning -- launch failed, reason: Unity was launched with the -noUpm command-line argument
[Package Manager] UpmClient::Send -- Unable to send message (not connected to UPM process).
[Package Manager] Cannot connect to Unity Package Manager local server
Mono: successfully reloaded assembly
- Finished resetting the current domain, in  1.905 seconds
Domain Reload Profiling: 3791ms
	BeginReloadAssembly (291ms)
		ExecutionOrderSort (0ms)
		DisableScriptedObjects (18ms)
		BackupInstance (0ms)
		ReleaseScriptingObjects (0ms)
		CreateAndSetChildDomain (52ms)
	RebuildCommonClasses (45ms)
	RebuildNativeTypeToScriptingClass (15ms)
	initialDomainReloadingComplete (113ms)
	LoadAllAssembliesAndSetupDomain (1422ms)
		LoadAssemblies (1555ms)
		RebuildTransferFunctionScriptingTraits (0ms)
		AnalyzeDomain (32ms)
			TypeCache.Refresh (13ms)
				TypeCache.ScanAssembly (4ms)
			ScanForSourceGeneratedMonoScriptInfo (9ms)
			ResolveRequiredComponents (8ms)
	FinalizeReload (1905ms)
		ReleaseScriptCaches (0ms)
		RebuildScriptCaches (0ms)
		SetupLoadedEditorAssemblies (658ms)
			LogAssemblyErrors (0ms)
			InitializePlatformSupportModulesInManaged (13ms)
			SetLoadedEditorAssemblies (5ms)
			RefreshPlugins (0ms)
			BeforeProcessingInitializeOnLoad (143ms)
			ProcessInitializeOnLoadAttributes (439ms)
			ProcessInitializeOnLoadMethodAttributes (35ms)
			AfterProcessingInitializeOnLoad (23ms)
			EditorAssembliesLoaded (0ms)
		ExecutionOrderSort2 (0ms)
		AwakeInstancesAfterBackupRestoration (19ms)
Refreshing native plugins compatible for Editor in 53.48 ms, found 4 plugins.
Preloading 0 native plugins for Editor in 0.00 ms.
Unloading 4636 Unused Serialized files (Serialized files now loaded: 0)
Unloading 114 unused Assets / (149.4 KB). Loaded Objects now: 5369.
Memory consumption went from 150.6 MB to 150.5 MB.
Total: 4.282200 ms (FindLiveObjects: 0.390200 ms CreateObjectMapping: 0.160400 ms MarkObjects: 3.580800 ms  DeleteObjects: 0.149900 ms)

Prepare: number of updated asset objects reloaded= 0
AssetImportParameters requested are different than current active one (requested -> active):
  custom:container-demuxer-ogg: 62fdf1f143b41e24485cea50d1cbac27 -> 
  custom:video-codec-MediaFoundation-h265: 746d11721c4dcdbdad8f713fa42b33f4 -> 
  custom:video-decoder-ogg-theora: a1e56fd34408186e4bbccfd4996cb3dc -> 
  custom:framework-win-MediaFoundation: 216162199b28c13a410421893ffa2e32 -> 
  custom:CustomObjectIndexerAttribute: 756ad292c208cfabdd7b50bc23989ffe -> 
  custom:container-demuxer-webm: 4f35f7cbe854078d1ac9338744f61a02 -> 
  custom:container-muxer-webm: aa71ff27fc2769a1b78a27578f13a17b -> 
  custom:video-decoder-webm-vp8: 9c59270c3fd7afecdb556c50c9e8de78 -> 
  custom:SearchIndexIgnoredProperties: e643bd26f0fe6173181afceb89e7c659 -> 
  custom:AudioImporter_EditorPlatform: d09bf68614088b80899f8185d706f6e7 -> 
  custom:video-encoder-webm-vp8: eb34c28f22e8b96e1ab97ce403110664 -> 
  custom:audio-decoder-ogg-vorbis: bf7c407c2cedff20999df2af8eb42d56 -> 
  custom:audio-encoder-webm-vorbis: bf7c407c2cedff20999df2af8eb42d56 -> 
========================================================================
Received Prepare
Begin MonoManager ReloadAssembly
Duplicate assembly 'Supabase.Realtime.dll' with different versions detected, using 'Assets/Packages/Supabase.Realtime.7.0.2/lib/netstandard2.1/Supabase.Realtime.dll, AssemblyName=Supabase.Realtime, Version=7.0.2.0, Culture=neutral, PublicKeyToken=null' and ignoring 'Assets/Packages/realtime-csharp.6.0.4/lib/netstandard2.0/Supabase.Realtime.dll, AssemblyName=Supabase.Realtime, Version=6.0.4.0, Culture=neutral, PublicKeyToken=null'.Duplicate assembly 'Supabase.Functions.dll' with different versions detected, using 'Assets/Packages/Supabase.Functions.2.0.0/lib/netstandard2.0/Supabase.Functions.dll, AssemblyName=Supabase.Functions, Version=2.0.0.0, Culture=neutral, PublicKeyToken=null' and ignoring 'Assets/Packages/functions-csharp.1.3.2/lib/netstandard2.0/Supabase.Functions.dll, AssemblyName=Supabase.Functions, Version=1.3.2.0, Culture=neutral, PublicKeyToken=null'.Duplicate assembly 'Supabase.Gotrue.dll' with different versions detected, using 'Assets/Packages/Supabase.Gotrue.6.0.3/lib/netstandard2.1/Supabase.Gotrue.dll, AssemblyName=Supabase.Gotrue, Version=6.0.3.0, Culture=neutral, PublicKeyToken=null' and ignoring 'Assets/Packages/gotrue-csharp.4.2.7/lib/netstandard2.0/Supabase.Gotrue.dll, AssemblyName=Supabase.Gotrue, Version=4.2.7.0, Culture=neutral, PublicKeyToken=null'.Duplicate assembly 'Supabase.Storage.dll' with different versions detected, using 'Assets/Packages/Supabase.Storage.2.0.2/lib/netstandard2.0/Supabase.Storage.dll, AssemblyName=Supabase.Storage, Version=2.0.2.0, Culture=neutral, PublicKeyToken=null' and ignoring 'Assets/Packages/supabase-storage-csharp.1.4.0/lib/netstandard2.0/Supabase.Storage.dll, AssemblyName=Supabase.Storage, Version=1.4.0.0, Culture=neutral, PublicKeyToken=null'.Duplicate assembly 'Supabase.Postgrest.dll' with different versions detected, using 'Assets/Packages/Supabase.Postgrest.4.0.3/lib/netstandard2.0/Supabase.Postgrest.dll, AssemblyName=Supabase.Postgrest, Version=4.0.3.0, Culture=neutral, PublicKeyToken=null' and ignoring 'Assets/Packages/postgrest-csharp.3.5.1/lib/netstandard2.0/Supabase.Postgrest.dll, AssemblyName=Supabase.Postgrest, Version=3.5.1.0, Culture=neutral, PublicKeyToken=null'.Duplicate assembly 'Supabase.dll' with different versions detected, using 'Assets/Packages/Supabase.1.1.1/lib/netstandard2.1/Supabase.dll, AssemblyName=Supabase, Version=1.1.1.0, Culture=neutral, PublicKeyToken=null' and ignoring 'Assets/Packages/supabase-csharp.0.16.2/lib/netstandard2.0/Supabase.dll, AssemblyName=Supabase, Version=0.16.2.0, Culture=neutral, PublicKeyToken=null'.- Loaded All Assemblies, in  2.041 seconds
Refreshing native plugins compatible for Editor in 66.94 ms, found 4 plugins.
Native extension for WindowsStandalone target not found
Native extension for WebGL target not found
[Package Manager] Server::EnsureServerProcessIsRunning -- launch failed, reason: Unity was launched with the -noUpm command-line argument
[Package Manager] UpmClient::Send -- Unable to send message (not connected to UPM process).
[Package Manager] Cannot connect to Unity Package Manager local server
Mono: successfully reloaded assembly
- Finished resetting the current domain, in  2.379 seconds
Domain Reload Profiling: 4401ms
	BeginReloadAssembly (243ms)
		ExecutionOrderSort (0ms)
		DisableScriptedObjects (11ms)
		BackupInstance (0ms)
		ReleaseScriptingObjects (0ms)
		CreateAndSetChildDomain (45ms)
	RebuildCommonClasses (39ms)
	RebuildNativeTypeToScriptingClass (10ms)
	initialDomainReloadingComplete (101ms)
	LoadAllAssembliesAndSetupDomain (1627ms)
		LoadAssemblies (1748ms)
		RebuildTransferFunctionScriptingTraits (0ms)
		AnalyzeDomain (20ms)
			TypeCache.Refresh (6ms)
				TypeCache.ScanAssembly (0ms)
			ScanForSourceGeneratedMonoScriptInfo (0ms)
			ResolveRequiredComponents (11ms)
	FinalizeReload (2380ms)
		ReleaseScriptCaches (0ms)
		RebuildScriptCaches (0ms)
		SetupLoadedEditorAssemblies (904ms)
			LogAssemblyErrors (0ms)
			InitializePlatformSupportModulesInManaged (14ms)
			SetLoadedEditorAssemblies (6ms)
			RefreshPlugins (0ms)
			BeforeProcessingInitializeOnLoad (182ms)
			ProcessInitializeOnLoadAttributes (621ms)
			ProcessInitializeOnLoadMethodAttributes (48ms)
			AfterProcessingInitializeOnLoad (32ms)
			EditorAssembliesLoaded (0ms)
		ExecutionOrderSort2 (0ms)
		AwakeInstancesAfterBackupRestoration (20ms)
Refreshing native plugins compatible for Editor in 66.69 ms, found 4 plugins.
Preloading 0 native plugins for Editor in 0.00 ms.
Unloading 4636 Unused Serialized files (Serialized files now loaded: 0)
Unloading 114 unused Assets / (149.4 KB). Loaded Objects now: 5385.
Memory consumption went from 150.7 MB to 150.5 MB.
Total: 4.145900 ms (FindLiveObjects: 0.368500 ms CreateObjectMapping: 0.144700 ms MarkObjects: 3.426800 ms  DeleteObjects: 0.205100 ms)

Prepare: number of updated asset objects reloaded= 0
AssetImportParameters requested are different than current active one (requested -> active):
  custom:container-demuxer-ogg: 62fdf1f143b41e24485cea50d1cbac27 -> 
  custom:video-codec-MediaFoundation-h265: 746d11721c4dcdbdad8f713fa42b33f4 -> 
  custom:video-decoder-ogg-theora: a1e56fd34408186e4bbccfd4996cb3dc -> 
  custom:framework-win-MediaFoundation: 216162199b28c13a410421893ffa2e32 -> 
  custom:CustomObjectIndexerAttribute: 756ad292c208cfabdd7b50bc23989ffe -> 
  custom:container-demuxer-webm: 4f35f7cbe854078d1ac9338744f61a02 -> 
  custom:container-muxer-webm: aa71ff27fc2769a1b78a27578f13a17b -> 
  custom:video-decoder-webm-vp8: 9c59270c3fd7afecdb556c50c9e8de78 -> 
  custom:SearchIndexIgnoredProperties: e643bd26f0fe6173181afceb89e7c659 -> 
  custom:AudioImporter_EditorPlatform: d09bf68614088b80899f8185d706f6e7 -> 
  custom:video-encoder-webm-vp8: eb34c28f22e8b96e1ab97ce403110664 -> 
  custom:audio-decoder-ogg-vorbis: bf7c407c2cedff20999df2af8eb42d56 -> 
  custom:audio-encoder-webm-vorbis: bf7c407c2cedff20999df2af8eb42d56 -> 
========================================================================
Received Prepare
Begin MonoManager ReloadAssembly
Duplicate assembly 'Supabase.Realtime.dll' with different versions detected, using 'Assets/Packages/Supabase.Realtime.7.0.2/lib/netstandard2.1/Supabase.Realtime.dll, AssemblyName=Supabase.Realtime, Version=7.0.2.0, Culture=neutral, PublicKeyToken=null' and ignoring 'Assets/Packages/realtime-csharp.6.0.4/lib/netstandard2.0/Supabase.Realtime.dll, AssemblyName=Supabase.Realtime, Version=6.0.4.0, Culture=neutral, PublicKeyToken=null'.Duplicate assembly 'Supabase.Functions.dll' with different versions detected, using 'Assets/Packages/Supabase.Functions.2.0.0/lib/netstandard2.0/Supabase.Functions.dll, AssemblyName=Supabase.Functions, Version=2.0.0.0, Culture=neutral, PublicKeyToken=null' and ignoring 'Assets/Packages/functions-csharp.1.3.2/lib/netstandard2.0/Supabase.Functions.dll, AssemblyName=Supabase.Functions, Version=1.3.2.0, Culture=neutral, PublicKeyToken=null'.Duplicate assembly 'Supabase.Gotrue.dll' with different versions detected, using 'Assets/Packages/Supabase.Gotrue.6.0.3/lib/netstandard2.1/Supabase.Gotrue.dll, AssemblyName=Supabase.Gotrue, Version=6.0.3.0, Culture=neutral, PublicKeyToken=null' and ignoring 'Assets/Packages/gotrue-csharp.4.2.7/lib/netstandard2.0/Supabase.Gotrue.dll, AssemblyName=Supabase.Gotrue, Version=4.2.7.0, Culture=neutral, PublicKeyToken=null'.Duplicate assembly 'Supabase.Storage.dll' with different versions detected, using 'Assets/Packages/Supabase.Storage.2.0.2/lib/netstandard2.0/Supabase.Storage.dll, AssemblyName=Supabase.Storage, Version=2.0.2.0, Culture=neutral, PublicKeyToken=null' and ignoring 'Assets/Packages/supabase-storage-csharp.1.4.0/lib/netstandard2.0/Supabase.Storage.dll, AssemblyName=Supabase.Storage, Version=1.4.0.0, Culture=neutral, PublicKeyToken=null'.Duplicate assembly 'Supabase.Postgrest.dll' with different versions detected, using 'Assets/Packages/Supabase.Postgrest.4.0.3/lib/netstandard2.0/Supabase.Postgrest.dll, AssemblyName=Supabase.Postgrest, Version=4.0.3.0, Culture=neutral, PublicKeyToken=null' and ignoring 'Assets/Packages/postgrest-csharp.3.5.1/lib/netstandard2.0/Supabase.Postgrest.dll, AssemblyName=Supabase.Postgrest, Version=3.5.1.0, Culture=neutral, PublicKeyToken=null'.Duplicate assembly 'Supabase.dll' with different versions detected, using 'Assets/Packages/Supabase.1.1.1/lib/netstandard2.1/Supabase.dll, AssemblyName=Supabase, Version=1.1.1.0, Culture=neutral, PublicKeyToken=null' and ignoring 'Assets/Packages/supabase-csharp.0.16.2/lib/netstandard2.0/Supabase.dll, AssemblyName=Supabase, Version=0.16.2.0, Culture=neutral, PublicKeyToken=null'.- Loaded All Assemblies, in  1.768 seconds
Refreshing native plugins compatible for Editor in 48.13 ms, found 4 plugins.
Native extension for WindowsStandalone target not found
Native extension for WebGL target not found
[Package Manager] Server::EnsureServerProcessIsRunning -- launch failed, reason: Unity was launched with the -noUpm command-line argument
[Package Manager] UpmClient::Send -- Unable to send message (not connected to UPM process).
[Package Manager] Cannot connect to Unity Package Manager local server
Mono: successfully reloaded assembly
- Finished resetting the current domain, in  1.783 seconds
Domain Reload Profiling: 3531ms
	BeginReloadAssembly (242ms)
		ExecutionOrderSort (0ms)
		DisableScriptedObjects (12ms)
		BackupInstance (0ms)
		ReleaseScriptingObjects (0ms)
		CreateAndSetChildDomain (45ms)
	RebuildCommonClasses (50ms)
	RebuildNativeTypeToScriptingClass (10ms)
	initialDomainReloadingComplete (100ms)
	LoadAllAssembliesAndSetupDomain (1346ms)
		LoadAssemblies (1444ms)
		RebuildTransferFunctionScriptingTraits (0ms)
		AnalyzeDomain (39ms)
			TypeCache.Refresh (14ms)
				TypeCache.ScanAssembly (4ms)
			ScanForSourceGeneratedMonoScriptInfo (10ms)
			ResolveRequiredComponents (14ms)
	FinalizeReload (1783ms)
		ReleaseScriptCaches (0ms)
		RebuildScriptCaches (0ms)
		SetupLoadedEditorAssemblies (643ms)
			LogAssemblyErrors (0ms)
			InitializePlatformSupportModulesInManaged (13ms)
			SetLoadedEditorAssemblies (4ms)
			RefreshPlugins (0ms)
			BeforeProcessingInitializeOnLoad (135ms)
			ProcessInitializeOnLoadAttributes (432ms)
			ProcessInitializeOnLoadMethodAttributes (36ms)
			AfterProcessingInitializeOnLoad (22ms)
			EditorAssembliesLoaded (0ms)
		ExecutionOrderSort2 (0ms)
		AwakeInstancesAfterBackupRestoration (15ms)
Refreshing native plugins compatible for Editor in 54.24 ms, found 4 plugins.
Preloading 0 native plugins for Editor in 0.00 ms.
Unloading 4636 Unused Serialized files (Serialized files now loaded: 0)
Unloading 114 unused Assets / (149.4 KB). Loaded Objects now: 5401.
Memory consumption went from 150.7 MB to 150.6 MB.
Total: 4.819500 ms (FindLiveObjects: 0.366600 ms CreateObjectMapping: 0.148100 ms MarkObjects: 4.154300 ms  DeleteObjects: 0.149700 ms)

Prepare: number of updated asset objects reloaded= 0
AssetImportParameters requested are different than current active one (requested -> active):
  custom:container-demuxer-ogg: 62fdf1f143b41e24485cea50d1cbac27 -> 
  custom:video-codec-MediaFoundation-h265: 746d11721c4dcdbdad8f713fa42b33f4 -> 
  custom:video-decoder-ogg-theora: a1e56fd34408186e4bbccfd4996cb3dc -> 
  custom:framework-win-MediaFoundation: 216162199b28c13a410421893ffa2e32 -> 
  custom:CustomObjectIndexerAttribute: 756ad292c208cfabdd7b50bc23989ffe -> 
  custom:container-demuxer-webm: 4f35f7cbe854078d1ac9338744f61a02 -> 
  custom:container-muxer-webm: aa71ff27fc2769a1b78a27578f13a17b -> 
  custom:video-decoder-webm-vp8: 9c59270c3fd7afecdb556c50c9e8de78 -> 
  custom:SearchIndexIgnoredProperties: e643bd26f0fe6173181afceb89e7c659 -> 
  custom:AudioImporter_EditorPlatform: d09bf68614088b80899f8185d706f6e7 -> 
  custom:video-encoder-webm-vp8: eb34c28f22e8b96e1ab97ce403110664 -> 
  custom:audio-decoder-ogg-vorbis: bf7c407c2cedff20999df2af8eb42d56 -> 
  custom:audio-encoder-webm-vorbis: bf7c407c2cedff20999df2af8eb42d56 -> 
========================================================================
Received Import Request.
  Time since last request: 8159.311934 seconds.
  path: Assets/Prefabs/Skills/AimDot.prefab
  artifactKey: Guid(5e4a7745cf1d09840b73d39b761e1f77) Importer(815301076,1909f56bfc062723c751e8b465ee728b)
Start importing Assets/Prefabs/Skills/AimDot.prefab using Guid(5e4a7745cf1d09840b73d39b761e1f77) Importer(815301076,1909f56bfc062723c751e8b465ee728b)  -> (artifact id: '8e5610c439bddd00d1658273f0128070') in 0.211299 seconds
Number of updated asset objects reloaded before import = 0
Number of asset objects unloaded after import = 7
========================================================================
Received Import Request.
  Time since last request: 0.000028 seconds.
  path: Assets/Prefabs/Skills/Crystal.prefab
  artifactKey: Guid(dc0a3fa34257af146a6a54bbdfdf5719) Importer(815301076,1909f56bfc062723c751e8b465ee728b)
Start importing Assets/Prefabs/Skills/Crystal.prefab using Guid(dc0a3fa34257af146a6a54bbdfdf5719) Importer(815301076,1909f56bfc062723c751e8b465ee728b)  -> (artifact id: '4a4207fc9be826a5627174f830f82003') in 0.061913 seconds
Number of updated asset objects reloaded before import = 0
Number of asset objects unloaded after import = 35
========================================================================
Received Import Request.
  Time since last request: 0.000025 seconds.
  path: Assets/Prefabs/Skills/Blackhole_HotKey.prefab
  artifactKey: Guid(b3d2e3ff92063e64ea3874bc2100eaef) Importer(815301076,1909f56bfc062723c751e8b465ee728b)
Start importing Assets/Prefabs/Skills/Blackhole_HotKey.prefab using Guid(b3d2e3ff92063e64ea3874bc2100eaef) Importer(815301076,1909f56bfc062723c751e8b465ee728b)  -> (artifact id: '13b04cdc65817eec2d77894465a0c857') in 0.124221 seconds
Number of updated asset objects reloaded before import = 0
Number of asset objects unloaded after import = 30
========================================================================
Received Import Request.
  Time since last request: 0.000018 seconds.
  path: Assets/Prefabs/Skills/Sword.prefab
  artifactKey: Guid(659acffda8d07394ca42277b739b9d14) Importer(815301076,1909f56bfc062723c751e8b465ee728b)
Start importing Assets/Prefabs/Skills/Sword.prefab using Guid(659acffda8d07394ca42277b739b9d14) Importer(815301076,1909f56bfc062723c751e8b465ee728b)  -> (artifact id: 'bfb577b10edc70c5b36a0e13840fad72') in 0.049352 seconds
Number of updated asset objects reloaded before import = 0
Number of asset objects unloaded after import = 31
========================================================================
Received Import Request.
  Time since last request: 0.000020 seconds.
  path: Assets/Prefabs/UI/Menu's header.prefab
  artifactKey: Guid(782e75253fb731c479b99ecf1dfbe932) Importer(815301076,1909f56bfc062723c751e8b465ee728b)
Start importing Assets/Prefabs/UI/Menu's header.prefab using Guid(782e75253fb731c479b99ecf1dfbe932) Importer(815301076,1909f56bfc062723c751e8b465ee728b)  -> (artifact id: 'c93c284aadf2c4db586d7886a0dabcdd') in 0.020892 seconds
Number of updated asset objects reloaded before import = 0
Number of asset objects unloaded after import = 50
========================================================================
Received Import Request.
  Time since last request: 0.000015 seconds.
  path: Assets/Prefabs/FX/ShockFX.prefab
  artifactKey: Guid(5ee4612ebbfdefb488b04fed763655b1) Importer(815301076,1909f56bfc062723c751e8b465ee728b)
Start importing Assets/Prefabs/FX/ShockFX.prefab using Guid(5ee4612ebbfdefb488b04fed763655b1) Importer(815301076,1909f56bfc062723c751e8b465ee728b)  -> (artifact id: 'bd601e209eedc867a84c3b4b0886ac38') in 0.026663 seconds
Number of updated asset objects reloaded before import = 0
Number of asset objects unloaded after import = 8
========================================================================
Received Import Request.
  Time since last request: 0.000021 seconds.
  path: Assets/Prefabs/Managers/SaveManager.prefab
  artifactKey: Guid(5a8289e8ec83b5d4494cd1673f89e114) Importer(815301076,1909f56bfc062723c751e8b465ee728b)
Start importing Assets/Prefabs/Managers/SaveManager.prefab using Guid(5a8289e8ec83b5d4494cd1673f89e114) Importer(815301076,1909f56bfc062723c751e8b465ee728b)  -> (artifact id: '185bef9380ae1e4ce9673927ce190d90') in 0.004964 seconds
Number of updated asset objects reloaded before import = 0
Number of asset objects unloaded after import = 5
========================================================================
Received Import Request.
  Time since last request: 0.000036 seconds.
  path: Assets/Prefabs/FX/FireFlies_FX.prefab
  artifactKey: Guid(42513bcce50708d4ab153327512d8fa0) Importer(815301076,1909f56bfc062723c751e8b465ee728b)
Start importing Assets/Prefabs/FX/FireFlies_FX.prefab using Guid(42513bcce50708d4ab153327512d8fa0) Importer(815301076,1909f56bfc062723c751e8b465ee728b)  -> (artifact id: '616224ecf47a72e3706a1080cd141c78') in 0.021466 seconds
Number of updated asset objects reloaded before import = 0
Number of asset objects unloaded after import = 6
========================================================================
Received Import Request.
  Time since last request: 0.000019 seconds.
  path: Assets/Prefabs/FX/HitFX_00.prefab
  artifactKey: Guid(2f387d67210ae6246b602d015d7b9968) Importer(815301076,1909f56bfc062723c751e8b465ee728b)
Start importing Assets/Prefabs/FX/HitFX_00.prefab using Guid(2f387d67210ae6246b602d015d7b9968) Importer(815301076,1909f56bfc062723c751e8b465ee728b)  -> (artifact id: 'f15db1037100f5e3856839e579d021a5') in 0.051187 seconds
Number of updated asset objects reloaded before import = 0
Number of asset objects unloaded after import = 20
========================================================================
Received Import Request.
  Time since last request: 0.000020 seconds.
  path: Assets/Prefabs/Checkpoint.prefab
  artifactKey: Guid(46317e74ae695e8488b496bd5e2cbfdf) Importer(815301076,1909f56bfc062723c751e8b465ee728b)
Start importing Assets/Prefabs/Checkpoint.prefab using Guid(46317e74ae695e8488b496bd5e2cbfdf) Importer(815301076,1909f56bfc062723c751e8b465ee728b)  -> (artifact id: '0f27197b79228b2fb407ff10ebbb48d4') in 0.072654 seconds
Number of updated asset objects reloaded before import = 0
Number of asset objects unloaded after import = 30
========================================================================
Received Import Request.
  Time since last request: 0.000022 seconds.
  path: Assets/Prefabs/Item object - No data.prefab
  artifactKey: Guid(7aaa3324c1c4b054ebebaafe3343bf25) Importer(815301076,1909f56bfc062723c751e8b465ee728b)
Start importing Assets/Prefabs/Item object - No data.prefab using Guid(7aaa3324c1c4b054ebebaafe3343bf25) Importer(815301076,1909f56bfc062723c751e8b465ee728b)  -> (artifact id: 'a429c670243ce520cb22aac21ba9ed70') in 0.025174 seconds
Number of updated asset objects reloaded before import = 0
Number of asset objects unloaded after import = 14
========================================================================
Received Import Request.
  Time since last request: 0.000020 seconds.
  path: Assets/Prefabs/UI/CraftSlot.prefab
  artifactKey: Guid(a93e19c4640c99943a423fc2311077c6) Importer(815301076,1909f56bfc062723c751e8b465ee728b)
Start importing Assets/Prefabs/UI/CraftSlot.prefab using Guid(a93e19c4640c99943a423fc2311077c6) Importer(815301076,1909f56bfc062723c751e8b465ee728b)  -> (artifact id: 'ab6aba777d87cee7831dda852803eab4') in 0.021885 seconds
Number of updated asset objects reloaded before import = 0
Number of asset objects unloaded after import = 27
========================================================================
Received Import Request.
  Time since last request: 0.000019 seconds.
  path: Assets/Prefabs/Clone.prefab
  artifactKey: Guid(82e390aff33e3be438c8291885f243a7) Importer(815301076,1909f56bfc062723c751e8b465ee728b)
Start importing Assets/Prefabs/Clone.prefab using Guid(82e390aff33e3be438c8291885f243a7) Importer(815301076,1909f56bfc062723c751e8b465ee728b)  -> (artifact id: '2a0dc39974e8b6e73292dd7471d9c369') in 0.083528 seconds
Number of updated asset objects reloaded before import = 0
Number of asset objects unloaded after import = 50
========================================================================
Received Import Request.
  Time since last request: 0.000022 seconds.
  path: Assets/Prefabs/ThunderStrike.prefab
  artifactKey: Guid(ff111d5fe0929d540a19943f26b4890e) Importer(815301076,1909f56bfc062723c751e8b465ee728b)
Start importing Assets/Prefabs/ThunderStrike.prefab using Guid(ff111d5fe0929d540a19943f26b4890e) Importer(815301076,1909f56bfc062723c751e8b465ee728b)  -> (artifact id: '62c253bc7fcf1de60ac7d261c4edc261') in 0.024682 seconds
Number of updated asset objects reloaded before import = 0
Number of asset objects unloaded after import = 25
========================================================================
Received Import Request.
  Time since last request: 0.000029 seconds.
  path: Assets/Prefabs/UI/ItemSlot.prefab
  artifactKey: Guid(96597bbbd35b78248a5603efe6e20bff) Importer(815301076,1909f56bfc062723c751e8b465ee728b)
Start importing Assets/Prefabs/UI/ItemSlot.prefab using Guid(96597bbbd35b78248a5603efe6e20bff) Importer(815301076,1909f56bfc062723c751e8b465ee728b)  -> (artifact id: 'b72429be6deb8dcb2ab620e7f6ae7c9b') in 0.021637 seconds
Number of updated asset objects reloaded before import = 0
Number of asset objects unloaded after import = 19
========================================================================
Received Import Request.
  Time since last request: 0.000014 seconds.
  path: Assets/Prefabs/Enemies/Enemy_Skeleton.prefab
  artifactKey: Guid(c1a2356bb51a6194d985ea5b453dfdfb) Importer(815301076,1909f56bfc062723c751e8b465ee728b)
Start importing Assets/Prefabs/Enemies/Enemy_Skeleton.prefab using Guid(c1a2356bb51a6194d985ea5b453dfdfb) Importer(815301076,1909f56bfc062723c751e8b465ee728b)  -> (artifact id: 'c90a902ac800411e12c4346d619b6c22') in 0.108401 seconds
Number of updated asset objects reloaded before import = 0
Number of asset objects unloaded after import = 189
========================================================================
Received Import Request.
  Time since last request: 0.000023 seconds.
  path: Assets/Prefabs/FX/FireSnow_FX.prefab
  artifactKey: Guid(10312ba1f5742634faa43163cbbbae71) Importer(815301076,1909f56bfc062723c751e8b465ee728b)
Start importing Assets/Prefabs/FX/FireSnow_FX.prefab using Guid(10312ba1f5742634faa43163cbbbae71) Importer(815301076,1909f56bfc062723c751e8b465ee728b)  -> (artifact id: 'bd84a4e5ed8bb56188c885cb438a57b8') in 0.023525 seconds
Number of updated asset objects reloaded before import = 0
Number of asset objects unloaded after import = 6
========================================================================
Received Import Request.
  Time since last request: 0.000025 seconds.
  path: Assets/Prefabs/FX/HitFx_Critical.prefab
  artifactKey: Guid(b74d5da7ef04de04099c0144d41367ce) Importer(815301076,1909f56bfc062723c751e8b465ee728b)
Start importing Assets/Prefabs/FX/HitFx_Critical.prefab using Guid(b74d5da7ef04de04099c0144d41367ce) Importer(815301076,1909f56bfc062723c751e8b465ee728b)  -> (artifact id: '7622316a0884f7ad3ab779157a172e89') in 0.050500 seconds
Number of updated asset objects reloaded before import = 0
Number of asset objects unloaded after import = 24
Editor requested this worker to shutdown with reason: Scaling down because of idle timeout
TcpMessagingSession - receive error
AssetImportWorkerClient::OnTransportError - code=2 error=End of file
AssetImportWorker is now disconnected from the server
Process exiting
Exiting without the bug reporter. Application will terminate with return code 0