Using pre-set license
Built from '2022.3/staging' branch; Version is '2022.3.9f1 (ea401c316338) revision 15351836'; Using compiler version '192829333'; Build Type 'Release'
OS: 'Windows 10  (10.0.19045) 64bit CoreSingleLanguage' Language: 'en' Physical Memory: 23761 MB
BatchMode: 1, IsHumanControllingUs: 0, StartBugReporterOnCrash: 0, Is64bit: 1, IsPro: 1

COMMAND LINE ARGUMENTS:
C:\Program Files\2022.3.9f1\Editor\Unity.exe
-adb2
-batchMode
-noUpm
-name
AssetImportWorker2
-projectPath
C:/Users/Test/Documents/GitHub/patrick-star-public
-logFile
Logs/AssetImportWorker2.log
-srvPort
51925
Successfully changed project path to: C:/Users/Test/Documents/GitHub/patrick-star-public
C:/Users/Test/Documents/GitHub/patrick-star-public
[UnityMemory] Configuration Parameters - Can be set up in boot.config
    "memorysetup-bucket-allocator-granularity=16"
    "memorysetup-bucket-allocator-bucket-count=8"
    "memorysetup-bucket-allocator-block-size=33554432"
    "memorysetup-bucket-allocator-block-count=8"
    "memorysetup-main-allocator-block-size=16777216"
    "memorysetup-thread-allocator-block-size=16777216"
    "memorysetup-gfx-main-allocator-block-size=16777216"
    "memorysetup-gfx-thread-allocator-block-size=16777216"
    "memorysetup-cache-allocator-block-size=4194304"
    "memorysetup-typetree-allocator-block-size=2097152"
    "memorysetup-profiler-bucket-allocator-granularity=16"
    "memorysetup-profiler-bucket-allocator-bucket-count=8"
    "memorysetup-profiler-bucket-allocator-block-size=33554432"
    "memorysetup-profiler-bucket-allocator-block-count=8"
    "memorysetup-profiler-allocator-block-size=16777216"
    "memorysetup-profiler-editor-allocator-block-size=1048576"
    "memorysetup-temp-allocator-size-main=16777216"
    "memorysetup-job-temp-allocator-block-size=2097152"
    "memorysetup-job-temp-allocator-block-size-background=1048576"
    "memorysetup-job-temp-allocator-reduction-small-platforms=262144"
    "memorysetup-allocator-temp-initial-block-size-main=262144"
    "memorysetup-allocator-temp-initial-block-size-worker=262144"
    "memorysetup-temp-allocator-size-background-worker=32768"
    "memorysetup-temp-allocator-size-job-worker=262144"
    "memorysetup-temp-allocator-size-preload-manager=33554432"
    "memorysetup-temp-allocator-size-nav-mesh-worker=65536"
    "memorysetup-temp-allocator-size-audio-worker=65536"
    "memorysetup-temp-allocator-size-cloud-worker=32768"
    "memorysetup-temp-allocator-size-gi-baking-worker=262144"
    "memorysetup-temp-allocator-size-gfx=262144"
Unable to join player connection multicast group (err: 10013).
Player connection [38344] Host "[IP] 169.254.130.64 [Port] 0 [Flags] 2 [Guid] 666673748 [EditorId] 666673748 [Version] 1048832 [Id] WindowsEditor(7,LAPTOP-05AVRVMV) [Debug] 1 [PackageName] WindowsEditor [ProjectName] Editor" joined alternative multi-casting on [225.0.0.222:34997]...

[Physics::Module] Initialized MultithreadedJobDispatcher with 11 workers.
Refreshing native plugins compatible for Editor in 28.81 ms, found 4 plugins.
Preloading 0 native plugins for Editor in 0.00 ms.
Initialize engine version: 2022.3.9f1 (ea401c316338)
[Subsystems] Discovering subsystems at path C:/Program Files/2022.3.9f1/Editor/Data/Resources/UnitySubsystems
[Subsystems] Discovering subsystems at path C:/Users/Test/Documents/GitHub/patrick-star-public/Assets
GfxDevice: creating device client; threaded=0; jobified=0
Direct3D:
    Version:  Direct3D 11.0 [level 11.1]
    Renderer: NVIDIA GeForce RTX 4050 Laptop GPU (ID=0x28a1)
    Vendor:   NVIDIA
    VRAM:     5921 MB
    Driver:   32.0.15.6603
Initialize mono
Mono path[0] = 'C:/Program Files/2022.3.9f1/Editor/Data/Managed'
Mono path[1] = 'C:/Program Files/2022.3.9f1/Editor/Data/MonoBleedingEdge/lib/mono/unityjit-win32'
Mono config path = 'C:/Program Files/2022.3.9f1/Editor/Data/MonoBleedingEdge/etc'
Using monoOptions --debugger-agent=transport=dt_socket,embedding=1,server=y,suspend=n,address=127.0.0.1:56888
Begin MonoManager ReloadAssembly
Registering precompiled unity dll's ...
Register platform support module: C:/Program Files/2022.3.9f1/Editor/Data/PlaybackEngines/WebGLSupport/UnityEditor.WebGL.Extensions.dll
Register platform support module: C:/Program Files/2022.3.9f1/Editor/Data/PlaybackEngines/WindowsStandaloneSupport/UnityEditor.WindowsStandalone.Extensions.dll
Registered in 0.024521 seconds.
- Loaded All Assemblies, in  0.452 seconds
Native extension for WindowsStandalone target not found
Native extension for WebGL target not found
Mono: successfully reloaded assembly
- Finished resetting the current domain, in  0.264 seconds
Domain Reload Profiling: 710ms
	BeginReloadAssembly (157ms)
		ExecutionOrderSort (0ms)
		DisableScriptedObjects (0ms)
		BackupInstance (0ms)
		ReleaseScriptingObjects (0ms)
		CreateAndSetChildDomain (1ms)
	RebuildCommonClasses (36ms)
	RebuildNativeTypeToScriptingClass (9ms)
	initialDomainReloadingComplete (94ms)
	LoadAllAssembliesAndSetupDomain (149ms)
		LoadAssemblies (150ms)
		RebuildTransferFunctionScriptingTraits (0ms)
		AnalyzeDomain (146ms)
			TypeCache.Refresh (144ms)
				TypeCache.ScanAssembly (131ms)
			ScanForSourceGeneratedMonoScriptInfo (1ms)
			ResolveRequiredComponents (1ms)
	FinalizeReload (265ms)
		ReleaseScriptCaches (0ms)
		RebuildScriptCaches (0ms)
		SetupLoadedEditorAssemblies (204ms)
			LogAssemblyErrors (0ms)
			InitializePlatformSupportModulesInManaged (16ms)
			SetLoadedEditorAssemblies (6ms)
			RefreshPlugins (0ms)
			BeforeProcessingInitializeOnLoad (2ms)
			ProcessInitializeOnLoadAttributes (131ms)
			ProcessInitializeOnLoadMethodAttributes (48ms)
			AfterProcessingInitializeOnLoad (0ms)
			EditorAssembliesLoaded (0ms)
		ExecutionOrderSort2 (0ms)
		AwakeInstancesAfterBackupRestoration (0ms)
========================================================================
Worker process is ready to serve import requests
Begin MonoManager ReloadAssembly
- Loaded All Assemblies, in  0.898 seconds
Refreshing native plugins compatible for Editor in 13.70 ms, found 4 plugins.
Native extension for WindowsStandalone target not found
Native extension for WebGL target not found
Package Manager log level set to [2]
[Package Manager] Server::EnsureServerProcessIsRunning -- launch failed, reason: Unity was launched with the -noUpm command-line argument
[Package Manager] UpmClient::Send -- Unable to send message (not connected to UPM process).
[Package Manager] Cannot connect to Unity Package Manager local server
Mono: successfully reloaded assembly
- Finished resetting the current domain, in  0.967 seconds
Domain Reload Profiling: 1850ms
	BeginReloadAssembly (187ms)
		ExecutionOrderSort (0ms)
		DisableScriptedObjects (5ms)
		BackupInstance (0ms)
		ReleaseScriptingObjects (0ms)
		CreateAndSetChildDomain (21ms)
	RebuildCommonClasses (36ms)
	RebuildNativeTypeToScriptingClass (9ms)
	initialDomainReloadingComplete (62ms)
	LoadAllAssembliesAndSetupDomain (589ms)
		LoadAssemblies (522ms)
		RebuildTransferFunctionScriptingTraits (0ms)
		AnalyzeDomain (186ms)
			TypeCache.Refresh (157ms)
				TypeCache.ScanAssembly (141ms)
			ScanForSourceGeneratedMonoScriptInfo (20ms)
			ResolveRequiredComponents (7ms)
	FinalizeReload (968ms)
		ReleaseScriptCaches (0ms)
		RebuildScriptCaches (0ms)
		SetupLoadedEditorAssemblies (805ms)
			LogAssemblyErrors (0ms)
			InitializePlatformSupportModulesInManaged (13ms)
			SetLoadedEditorAssemblies (4ms)
			RefreshPlugins (0ms)
			BeforeProcessingInitializeOnLoad (122ms)
			ProcessInitializeOnLoadAttributes (605ms)
			ProcessInitializeOnLoadMethodAttributes (39ms)
			AfterProcessingInitializeOnLoad (22ms)
			EditorAssembliesLoaded (0ms)
		ExecutionOrderSort2 (0ms)
		AwakeInstancesAfterBackupRestoration (10ms)
Launched and connected shader compiler UnityShaderCompiler.exe after 0.05 seconds
Refreshing native plugins compatible for Editor in 19.06 ms, found 4 plugins.
Preloading 0 native plugins for Editor in 0.00 ms.
Unloading 4349 Unused Serialized files (Serialized files now loaded: 0)
Unloading 78 unused Assets / (136.0 KB). Loaded Objects now: 4809.
Memory consumption went from 147.8 MB to 147.6 MB.
Total: 3.655700 ms (FindLiveObjects: 0.305800 ms CreateObjectMapping: 0.129700 ms MarkObjects: 3.040600 ms  DeleteObjects: 0.178600 ms)

AssetImportParameters requested are different than current active one (requested -> active):
  custom:container-demuxer-ogg: 62fdf1f143b41e24485cea50d1cbac27 -> 
  custom:video-codec-MediaFoundation-h265: 746d11721c4dcdbdad8f713fa42b33f4 -> 
  custom:video-decoder-ogg-theora: a1e56fd34408186e4bbccfd4996cb3dc -> 
  custom:framework-win-MediaFoundation: 216162199b28c13a410421893ffa2e32 -> 
  custom:CustomObjectIndexerAttribute: 756ad292c208cfabdd7b50bc23989ffe -> 
  custom:container-demuxer-webm: 4f35f7cbe854078d1ac9338744f61a02 -> 
  custom:container-muxer-webm: aa71ff27fc2769a1b78a27578f13a17b -> 
  custom:video-decoder-webm-vp8: 9c59270c3fd7afecdb556c50c9e8de78 -> 
  custom:SearchIndexIgnoredProperties: e643bd26f0fe6173181afceb89e7c659 -> 
  custom:AudioImporter_EditorPlatform: d09bf68614088b80899f8185d706f6e7 -> 
  custom:video-encoder-webm-vp8: eb34c28f22e8b96e1ab97ce403110664 -> 
  custom:audio-decoder-ogg-vorbis: bf7c407c2cedff20999df2af8eb42d56 -> 
  custom:audio-encoder-webm-vorbis: bf7c407c2cedff20999df2af8eb42d56 -> 
========================================================================
Received Import Request.
  Time since last request: 47143.062060 seconds.
  path: Assets/Animation/Animations/Player/playerDie.anim
  artifactKey: Guid(bcbb7648eb137314a99ea30791259e10) Importer(2089858483,0ecaa5967403d082aa24f35e1b516d23)
Start importing Assets/Animation/Animations/Player/playerDie.anim using Guid(bcbb7648eb137314a99ea30791259e10) Importer(2089858483,0ecaa5967403d082aa24f35e1b516d23) Generated GUIDs only implemented for interfaces!
 -> (artifact id: 'c5068fc2c93637c316425a19523a0ee3') in 0.111946 seconds
Number of updated asset objects reloaded before import = 0
Number of asset objects unloaded after import = 1
========================================================================
Received Import Request.
  Time since last request: 0.000023 seconds.
  path: Assets/Scripts/Skills/Dodge_Skill.cs
  artifactKey: Guid(7fda7aea9a9dd6b4294e32016723ae61) Importer(2089858483,0ecaa5967403d082aa24f35e1b516d23)
Start importing Assets/Scripts/Skills/Dodge_Skill.cs using Guid(7fda7aea9a9dd6b4294e32016723ae61) Importer(2089858483,0ecaa5967403d082aa24f35e1b516d23) Generated GUIDs only implemented for interfaces!
 -> (artifact id: '8d187daaf96c8cd4a67ebc41fc14c306') in 0.013987 seconds
Number of updated asset objects reloaded before import = 0
Number of asset objects unloaded after import = 1
========================================================================
Received Import Request.
  Time since last request: 0.000046 seconds.
  path: Assets/Scripts/Items and Inventory/ItemObject_Trigger.cs
  artifactKey: Guid(2e8718434e107e942830733447e294d1) Importer(2089858483,0ecaa5967403d082aa24f35e1b516d23)
Start importing Assets/Scripts/Items and Inventory/ItemObject_Trigger.cs using Guid(2e8718434e107e942830733447e294d1) Importer(2089858483,0ecaa5967403d082aa24f35e1b516d23) Generated GUIDs only implemented for interfaces!
 -> (artifact id: '7a332d04a57b2c3f1fd1a73cd41a34b6') in 0.014960 seconds
Number of updated asset objects reloaded before import = 0
Number of asset objects unloaded after import = 1
========================================================================
Received Import Request.
  Time since last request: 0.000061 seconds.
  path: Assets/Animation/Animations/Player/playerAttack3.anim
  artifactKey: Guid(23761d864d3929343a4693d0e06c5f14) Importer(2089858483,0ecaa5967403d082aa24f35e1b516d23)
Start importing Assets/Animation/Animations/Player/playerAttack3.anim using Guid(23761d864d3929343a4693d0e06c5f14) Importer(2089858483,0ecaa5967403d082aa24f35e1b516d23) Generated GUIDs only implemented for interfaces!
 -> (artifact id: '12400a9e4ae72d0ee64fbed9314a0023') in 0.014805 seconds
Number of updated asset objects reloaded before import = 0
Number of asset objects unloaded after import = 1
========================================================================
Received Import Request.
  Time since last request: 0.000021 seconds.
  path: Assets/Animation/Controllers/Clone_AC.controller
  artifactKey: Guid(edcc02a5d1254334a812f7a095370c34) Importer(2089858483,0ecaa5967403d082aa24f35e1b516d23)
Start importing Assets/Animation/Controllers/Clone_AC.controller using Guid(edcc02a5d1254334a812f7a095370c34) Importer(2089858483,0ecaa5967403d082aa24f35e1b516d23) Generated GUIDs only implemented for interfaces!
 -> (artifact id: '2eb1fd06e2ef0ab25aab688cc016a9ad') in 0.019124 seconds
Number of updated asset objects reloaded before import = 0
Number of asset objects unloaded after import = 15
========================================================================
Received Import Request.
  Time since last request: 0.000015 seconds.
  path: Assets/Graphics/Main Character/Sword+Aim+Throw.png
  artifactKey: Guid(c6177298f360d314495bba27f9950671) Importer(2089858483,0ecaa5967403d082aa24f35e1b516d23)
Start importing Assets/Graphics/Main Character/Sword+Aim+Throw.png using Guid(c6177298f360d314495bba27f9950671) Importer(2089858483,0ecaa5967403d082aa24f35e1b516d23) Generated GUIDs only implemented for interfaces!
 -> (artifact id: '7fce9699d5ac81f10ba7e9127a3779e9') in 0.096162 seconds
Number of updated asset objects reloaded before import = 0
Number of asset objects unloaded after import = 8
========================================================================
Received Import Request.
  Time since last request: 0.000015 seconds.
  path: Assets/Graphics/FX/Hit/Hits_2/hits-2-5.png
  artifactKey: Guid(bdd7c87243edccf4c95e4b673a88de62) Importer(2089858483,0ecaa5967403d082aa24f35e1b516d23)
Start importing Assets/Graphics/FX/Hit/Hits_2/hits-2-5.png using Guid(bdd7c87243edccf4c95e4b673a88de62) Importer(2089858483,0ecaa5967403d082aa24f35e1b516d23) Generated GUIDs only implemented for interfaces!
 -> (artifact id: '3f113b0185fd8491ec65e88b7ba0567e') in 0.045808 seconds
Number of updated asset objects reloaded before import = 0
Number of asset objects unloaded after import = 3
========================================================================
Received Import Request.
  Time since last request: 0.000019 seconds.
  path: Assets/Graphics/FX/Hit/Hits_3/hits-3-2.png
  artifactKey: Guid(0b12aade962e52a42808a4c1271dc7eb) Importer(2089858483,0ecaa5967403d082aa24f35e1b516d23)
Start importing Assets/Graphics/FX/Hit/Hits_3/hits-3-2.png using Guid(0b12aade962e52a42808a4c1271dc7eb) Importer(2089858483,0ecaa5967403d082aa24f35e1b516d23) Generated GUIDs only implemented for interfaces!
 -> (artifact id: 'e54bb3d25f6ee7a6ef9f0109dd773aea') in 0.056584 seconds
Number of updated asset objects reloaded before import = 0
Number of asset objects unloaded after import = 3
========================================================================
Received Import Request.
  Time since last request: 0.000029 seconds.
  path: Assets/Graphics/FX/Hit/Hits_3/hits-3-4.png
  artifactKey: Guid(c0f85a7a7f4e14242a0b8b9d51c5349a) Importer(2089858483,0ecaa5967403d082aa24f35e1b516d23)
Start importing Assets/Graphics/FX/Hit/Hits_3/hits-3-4.png using Guid(c0f85a7a7f4e14242a0b8b9d51c5349a) Importer(2089858483,0ecaa5967403d082aa24f35e1b516d23) Generated GUIDs only implemented for interfaces!
 -> (artifact id: '75650842a2590e3c6bdd831044cd2687') in 0.045080 seconds
Number of updated asset objects reloaded before import = 0
Number of asset objects unloaded after import = 3
========================================================================
Received Import Request.
  Time since last request: 0.000019 seconds.
  path: Assets/Graphics/FX/Hit/Hits_2/hits-2-2.png
  artifactKey: Guid(8611a113538ac9946b11a35e465250a4) Importer(2089858483,0ecaa5967403d082aa24f35e1b516d23)
Start importing Assets/Graphics/FX/Hit/Hits_2/hits-2-2.png using Guid(8611a113538ac9946b11a35e465250a4) Importer(2089858483,0ecaa5967403d082aa24f35e1b516d23) Generated GUIDs only implemented for interfaces!
 -> (artifact id: 'c36a45de3850c1004af14198a75ccc0d') in 0.046085 seconds
Number of updated asset objects reloaded before import = 0
Number of asset objects unloaded after import = 3
========================================================================
Received Import Request.
  Time since last request: 0.000016 seconds.
  path: Assets/Graphics/FX/Arcane/Arcane_Bolt_2/spark-preview2.png
  artifactKey: Guid(ba39e0cd039d177438ff75c4ff973e59) Importer(2089858483,0ecaa5967403d082aa24f35e1b516d23)
Start importing Assets/Graphics/FX/Arcane/Arcane_Bolt_2/spark-preview2.png using Guid(ba39e0cd039d177438ff75c4ff973e59) Importer(2089858483,0ecaa5967403d082aa24f35e1b516d23) Generated GUIDs only implemented for interfaces!
 -> (artifact id: '323eb8249f14c74da9002b4206adbf66') in 0.043617 seconds
Number of updated asset objects reloaded before import = 0
Number of asset objects unloaded after import = 3
========================================================================
Received Import Request.
  Time since last request: 0.000018 seconds.
  path: Assets/Graphics/FX/Hit/hits_4/hits-4-4.png
  artifactKey: Guid(e76e9db89729d804a962877ee8ab1646) Importer(2089858483,0ecaa5967403d082aa24f35e1b516d23)
Start importing Assets/Graphics/FX/Hit/hits_4/hits-4-4.png using Guid(e76e9db89729d804a962877ee8ab1646) Importer(2089858483,0ecaa5967403d082aa24f35e1b516d23) Generated GUIDs only implemented for interfaces!
 -> (artifact id: '074fbabe8fb8144056f72c13e658cd7d') in 0.041258 seconds
Number of updated asset objects reloaded before import = 0
Number of asset objects unloaded after import = 3
========================================================================
Received Import Request.
  Time since last request: 0.000016 seconds.
  path: Assets/Graphics/FX/Arcane/Arcane_Charged_Bolt/charged6.png
  artifactKey: Guid(41238c6db10883943818d113bd77f38a) Importer(2089858483,0ecaa5967403d082aa24f35e1b516d23)
Start importing Assets/Graphics/FX/Arcane/Arcane_Charged_Bolt/charged6.png using Guid(41238c6db10883943818d113bd77f38a) Importer(2089858483,0ecaa5967403d082aa24f35e1b516d23) Generated GUIDs only implemented for interfaces!
 -> (artifact id: '7fb951dda1fb2e1520969c9712eb2c68') in 0.045611 seconds
Number of updated asset objects reloaded before import = 0
Number of asset objects unloaded after import = 3
========================================================================
Received Import Request.
  Time since last request: 0.000015 seconds.
  path: Assets/Graphics/FX/Hit/Hits_1/hits-1-2.png
  artifactKey: Guid(4776ff8e7cd97c249b8418231f9c0f1e) Importer(2089858483,0ecaa5967403d082aa24f35e1b516d23)
Start importing Assets/Graphics/FX/Hit/Hits_1/hits-1-2.png using Guid(4776ff8e7cd97c249b8418231f9c0f1e) Importer(2089858483,0ecaa5967403d082aa24f35e1b516d23) Generated GUIDs only implemented for interfaces!
 -> (artifact id: '1db0086fe26c9424f2205b86473052a0') in 0.047055 seconds
Number of updated asset objects reloaded before import = 0
Number of asset objects unloaded after import = 3
========================================================================
Received Import Request.
  Time since last request: 0.000021 seconds.
  path: Assets/Graphics/FX/Arcane/Arcane_Charged_Bolt/charged5.png
  artifactKey: Guid(007dbbe25d6ab3d47aef2fd9f9f90d8b) Importer(2089858483,0ecaa5967403d082aa24f35e1b516d23)
Start importing Assets/Graphics/FX/Arcane/Arcane_Charged_Bolt/charged5.png using Guid(007dbbe25d6ab3d47aef2fd9f9f90d8b) Importer(2089858483,0ecaa5967403d082aa24f35e1b516d23) Generated GUIDs only implemented for interfaces!
 -> (artifact id: '54b0abab85d86f8b8faaa5165f93e9b6') in 0.047134 seconds
Number of updated asset objects reloaded before import = 0
Number of asset objects unloaded after import = 3
========================================================================
Received Import Request.
  Time since last request: 0.000018 seconds.
  path: Assets/Graphics/FX/Arcane/Arcane_Pulse/pulse3.png
  artifactKey: Guid(22ce0ea97ada5f74fa93ee6cecdc5b95) Importer(2089858483,0ecaa5967403d082aa24f35e1b516d23)
Start importing Assets/Graphics/FX/Arcane/Arcane_Pulse/pulse3.png using Guid(22ce0ea97ada5f74fa93ee6cecdc5b95) Importer(2089858483,0ecaa5967403d082aa24f35e1b516d23) Generated GUIDs only implemented for interfaces!
 -> (artifact id: 'f285c33f26946420eca876548c8af6bd') in 0.046568 seconds
Number of updated asset objects reloaded before import = 0
Number of asset objects unloaded after import = 3
========================================================================
Received Import Request.
  Time since last request: 0.000019 seconds.
  path: Assets/Graphics/FX/Arcane/Arcane_Wave/waveform4.png
  artifactKey: Guid(8c60ee04287f80948bade9c70da1d9d2) Importer(2089858483,0ecaa5967403d082aa24f35e1b516d23)
Start importing Assets/Graphics/FX/Arcane/Arcane_Wave/waveform4.png using Guid(8c60ee04287f80948bade9c70da1d9d2) Importer(2089858483,0ecaa5967403d082aa24f35e1b516d23) Generated GUIDs only implemented for interfaces!
 -> (artifact id: '5f1bcdab510eea6b0a0e602262896bcf') in 0.042748 seconds
Number of updated asset objects reloaded before import = 0
Number of asset objects unloaded after import = 3
========================================================================
Received Import Request.
  Time since last request: 0.000016 seconds.
  path: Assets/Graphics/FX/Arcane/Arcane_Beam/projetilNew.png
  artifactKey: Guid(9e0433213013cc641882d1d455938409) Importer(2089858483,0ecaa5967403d082aa24f35e1b516d23)
Start importing Assets/Graphics/FX/Arcane/Arcane_Beam/projetilNew.png using Guid(9e0433213013cc641882d1d455938409) Importer(2089858483,0ecaa5967403d082aa24f35e1b516d23) Generated GUIDs only implemented for interfaces!
 -> (artifact id: '92eacd8b40cfd2b0a3c6b4740d552c57') in 0.048449 seconds
Number of updated asset objects reloaded before import = 0
Number of asset objects unloaded after import = 3
========================================================================
Received Import Request.
  Time since last request: 0.000022 seconds.
  path: Assets/Graphics/FX/Hit/Hits_6/hits-6-preview1.png
  artifactKey: Guid(fb2030ccbbf4836408fd3538d32fe187) Importer(2089858483,0ecaa5967403d082aa24f35e1b516d23)
Start importing Assets/Graphics/FX/Hit/Hits_6/hits-6-preview1.png using Guid(fb2030ccbbf4836408fd3538d32fe187) Importer(2089858483,0ecaa5967403d082aa24f35e1b516d23) Generated GUIDs only implemented for interfaces!
 -> (artifact id: 'c7ed46f83bd5be5d5b97417aa1c43559') in 0.050113 seconds
Number of updated asset objects reloaded before import = 0
Number of asset objects unloaded after import = 3
========================================================================
Received Import Request.
  Time since last request: 0.000016 seconds.
  path: Assets/Graphics/FX/Hit/Hits_5/hits-5-6.png
  artifactKey: Guid(571e9743812ad7147af80c3b284d3de4) Importer(2089858483,0ecaa5967403d082aa24f35e1b516d23)
Start importing Assets/Graphics/FX/Hit/Hits_5/hits-5-6.png using Guid(571e9743812ad7147af80c3b284d3de4) Importer(2089858483,0ecaa5967403d082aa24f35e1b516d23) Generated GUIDs only implemented for interfaces!
 -> (artifact id: 'bb169b4c59156562fa99a4e3cff6709b') in 0.045893 seconds
Number of updated asset objects reloaded before import = 0
Number of asset objects unloaded after import = 3
========================================================================
Received Import Request.
  Time since last request: 0.000022 seconds.
  path: Assets/Graphics/FX/Hit/Hit_7/FX024_6.png
  artifactKey: Guid(9bbbc2c0257722f488c02db11d65d033) Importer(2089858483,0ecaa5967403d082aa24f35e1b516d23)
Start importing Assets/Graphics/FX/Hit/Hit_7/FX024_6.png using Guid(9bbbc2c0257722f488c02db11d65d033) Importer(2089858483,0ecaa5967403d082aa24f35e1b516d23) Generated GUIDs only implemented for interfaces!
 -> (artifact id: 'c5b253f6fb8b3eec3c2462ffd6fc16b6') in 0.047296 seconds
Number of updated asset objects reloaded before import = 0
Number of asset objects unloaded after import = 3
========================================================================
Received Import Request.
  Time since last request: 0.000018 seconds.
  path: Assets/Graphics/FX/Hit/Hits_5/hits-5-2.png
  artifactKey: Guid(dd9113fb05f6cc4408db1d7e6e31b8e0) Importer(2089858483,0ecaa5967403d082aa24f35e1b516d23)
Start importing Assets/Graphics/FX/Hit/Hits_5/hits-5-2.png using Guid(dd9113fb05f6cc4408db1d7e6e31b8e0) Importer(2089858483,0ecaa5967403d082aa24f35e1b516d23) Generated GUIDs only implemented for interfaces!
 -> (artifact id: '6f355a3462bee1767ecb6583103e6b84') in 0.046648 seconds
Number of updated asset objects reloaded before import = 0
Number of asset objects unloaded after import = 3
========================================================================
Received Import Request.
  Time since last request: 0.000016 seconds.
  path: Assets/Graphics/FX/Thunder/Thunder Splash/Thunder splash w blur.png
  artifactKey: Guid(29fd89fd6657b8444b7c1b62563f0aa7) Importer(2089858483,0ecaa5967403d082aa24f35e1b516d23)
Start importing Assets/Graphics/FX/Thunder/Thunder Splash/Thunder splash w blur.png using Guid(29fd89fd6657b8444b7c1b62563f0aa7) Importer(2089858483,0ecaa5967403d082aa24f35e1b516d23) Generated GUIDs only implemented for interfaces!
 -> (artifact id: '17a49aa7ee4539e20ee6400c9457772f') in 0.046944 seconds
Number of updated asset objects reloaded before import = 0
Number of asset objects unloaded after import = 3
========================================================================
Received Import Request.
  Time since last request: 0.000016 seconds.
  path: Assets/Graphics/FX/Hit/Hit_7/FX024_4.png
  artifactKey: Guid(bfe106a5f7b9bd54ea47aa6e724f2246) Importer(2089858483,0ecaa5967403d082aa24f35e1b516d23)
Start importing Assets/Graphics/FX/Hit/Hit_7/FX024_4.png using Guid(bfe106a5f7b9bd54ea47aa6e724f2246) Importer(2089858483,0ecaa5967403d082aa24f35e1b516d23) Generated GUIDs only implemented for interfaces!
 -> (artifact id: '9b84beacf8dfaefd76f9f1b51bb5d69d') in 0.044826 seconds
Number of updated asset objects reloaded before import = 0
Number of asset objects unloaded after import = 3
========================================================================
Received Import Request.
  Time since last request: 0.000013 seconds.
  path: Assets/Graphics/FX/Thunder/Thunder Strike/Thunderstrike wo blur.png
  artifactKey: Guid(9c80e2731ce8c0d4c9d1fa0b402c524a) Importer(2089858483,0ecaa5967403d082aa24f35e1b516d23)
Start importing Assets/Graphics/FX/Thunder/Thunder Strike/Thunderstrike wo blur.png using Guid(9c80e2731ce8c0d4c9d1fa0b402c524a) Importer(2089858483,0ecaa5967403d082aa24f35e1b516d23) Generated GUIDs only implemented for interfaces!
 -> (artifact id: '18886ed30501f46002ec87728770e45b') in 0.077428 seconds
Number of updated asset objects reloaded before import = 0
Number of asset objects unloaded after import = 14
========================================================================
Received Import Request.
  Time since last request: 0.000019 seconds.
  path: Assets/Graphics/FX/Arcane/Arcane_Charged_Bolt/charged1.png
  artifactKey: Guid(c8c38bfa9273e8e4cb70e5e274a54ac2) Importer(2089858483,0ecaa5967403d082aa24f35e1b516d23)
Start importing Assets/Graphics/FX/Arcane/Arcane_Charged_Bolt/charged1.png using Guid(c8c38bfa9273e8e4cb70e5e274a54ac2) Importer(2089858483,0ecaa5967403d082aa24f35e1b516d23) Generated GUIDs only implemented for interfaces!
 -> (artifact id: '4ee8f32c3d620a74ff5a74efdc9cdea3') in 0.056954 seconds
Number of updated asset objects reloaded before import = 0
Number of asset objects unloaded after import = 3
========================================================================
Received Import Request.
  Time since last request: 0.000020 seconds.
  path: Assets/Graphics/FX/Arcane/Arcane_Wave/waveform2.png
  artifactKey: Guid(61934beceeeeb7a4d9f3c2627c0df00c) Importer(2089858483,0ecaa5967403d082aa24f35e1b516d23)
Start importing Assets/Graphics/FX/Arcane/Arcane_Wave/waveform2.png using Guid(61934beceeeeb7a4d9f3c2627c0df00c) Importer(2089858483,0ecaa5967403d082aa24f35e1b516d23) Generated GUIDs only implemented for interfaces!
 -> (artifact id: 'd2fb96d532c939b0733004d09a22dd6d') in 0.057927 seconds
Number of updated asset objects reloaded before import = 0
Number of asset objects unloaded after import = 3
========================================================================
Received Import Request.
  Time since last request: 0.000016 seconds.
  path: Assets/Graphics/FX/Thunder/Thunder Splash/Thunder splash wo blur.png
  artifactKey: Guid(14993075ac498e44cb633d353ea2703e) Importer(2089858483,0ecaa5967403d082aa24f35e1b516d23)
Start importing Assets/Graphics/FX/Thunder/Thunder Splash/Thunder splash wo blur.png using Guid(14993075ac498e44cb633d353ea2703e) Importer(2089858483,0ecaa5967403d082aa24f35e1b516d23) Generated GUIDs only implemented for interfaces!
 -> (artifact id: '98c9f1165da70db4663477b1ed538ec7') in 0.047734 seconds
Number of updated asset objects reloaded before import = 0
Number of asset objects unloaded after import = 3
========================================================================
Received Import Request.
  Time since last request: 0.000017 seconds.
  path: Assets/Graphics/Surroundings/Medieval_Castle/Decorations/bookshelf_2.png
  artifactKey: Guid(550795fa2a3ca1145933d021eccf3a03) Importer(2089858483,0ecaa5967403d082aa24f35e1b516d23)
Start importing Assets/Graphics/Surroundings/Medieval_Castle/Decorations/bookshelf_2.png using Guid(550795fa2a3ca1145933d021eccf3a03) Importer(2089858483,0ecaa5967403d082aa24f35e1b516d23) Generated GUIDs only implemented for interfaces!
 -> (artifact id: '4cda746100501d954b50cba50c6dc11c') in 0.051294 seconds
Number of updated asset objects reloaded before import = 0
Number of asset objects unloaded after import = 3
========================================================================
Received Import Request.
  Time since last request: 0.000016 seconds.
  path: Assets/Graphics/Surroundings/Medieval_Castle/Decorations/bag_1.png
  artifactKey: Guid(9204943f0eacdb74baf3cba4d4bb8f4a) Importer(2089858483,0ecaa5967403d082aa24f35e1b516d23)
Start importing Assets/Graphics/Surroundings/Medieval_Castle/Decorations/bag_1.png using Guid(9204943f0eacdb74baf3cba4d4bb8f4a) Importer(2089858483,0ecaa5967403d082aa24f35e1b516d23) Generated GUIDs only implemented for interfaces!
 -> (artifact id: 'cbde54d4ca73f31f583f6566d3d5aceb') in 0.048555 seconds
Number of updated asset objects reloaded before import = 0
Number of asset objects unloaded after import = 3
========================================================================
Received Import Request.
  Time since last request: 0.000025 seconds.
  path: Assets/Graphics/Surroundings/Medieval_Castle/Decorations/crate_2.png
  artifactKey: Guid(61529b5e56ddbe94e9ab642de5dd827a) Importer(2089858483,0ecaa5967403d082aa24f35e1b516d23)
Start importing Assets/Graphics/Surroundings/Medieval_Castle/Decorations/crate_2.png using Guid(61529b5e56ddbe94e9ab642de5dd827a) Importer(2089858483,0ecaa5967403d082aa24f35e1b516d23) Generated GUIDs only implemented for interfaces!
 -> (artifact id: '93a95d77b1fb77fa5a18b325daa67f4b') in 0.048118 seconds
Number of updated asset objects reloaded before import = 0
Number of asset objects unloaded after import = 3
========================================================================
Received Import Request.
  Time since last request: 0.000023 seconds.
  path: Assets/Graphics/Surroundings/Medieval_Castle/Decorations/books.png
  artifactKey: Guid(6dafea31fe94dd149a8ce1a0ef196bab) Importer(2089858483,0ecaa5967403d082aa24f35e1b516d23)
Start importing Assets/Graphics/Surroundings/Medieval_Castle/Decorations/books.png using Guid(6dafea31fe94dd149a8ce1a0ef196bab) Importer(2089858483,0ecaa5967403d082aa24f35e1b516d23) Generated GUIDs only implemented for interfaces!
 -> (artifact id: 'ef215866c735ffc9e81927cdf3655718') in 0.047942 seconds
Number of updated asset objects reloaded before import = 0
Number of asset objects unloaded after import = 3
========================================================================
Received Import Request.
  Time since last request: 0.000017 seconds.
  path: Assets/Graphics/Surroundings/Medieval_Castle/Background/layer_2.png
  artifactKey: Guid(99a4a23701ec66e4f993efdcb794e764) Importer(2089858483,0ecaa5967403d082aa24f35e1b516d23)
Start importing Assets/Graphics/Surroundings/Medieval_Castle/Background/layer_2.png using Guid(99a4a23701ec66e4f993efdcb794e764) Importer(2089858483,0ecaa5967403d082aa24f35e1b516d23) Generated GUIDs only implemented for interfaces!
 -> (artifact id: '2044d824705892ffc18ca098b330a12b') in 0.041557 seconds
Number of updated asset objects reloaded before import = 0
Number of asset objects unloaded after import = 3
========================================================================
Received Import Request.
  Time since last request: 0.000016 seconds.
  path: Assets/Graphics/FX/Arcane/Arcane_Ball/EnergyBall.png
  artifactKey: Guid(8d7f384fc01a27d488ec166fb9aa30cd) Importer(2089858483,0ecaa5967403d082aa24f35e1b516d23)
Start importing Assets/Graphics/FX/Arcane/Arcane_Ball/EnergyBall.png using Guid(8d7f384fc01a27d488ec166fb9aa30cd) Importer(2089858483,0ecaa5967403d082aa24f35e1b516d23) Generated GUIDs only implemented for interfaces!
 -> (artifact id: '8c7678b045514cffc55ef9ba824a6bca') in 0.051561 seconds
Number of updated asset objects reloaded before import = 0
Number of asset objects unloaded after import = 3
========================================================================
Received Import Request.
  Time since last request: 0.000020 seconds.
  path: Assets/Graphics/FX/Hit/Hits_6/hits-6-preview4.png
  artifactKey: Guid(5fca294405e02ac41b72cfb041c44b24) Importer(2089858483,0ecaa5967403d082aa24f35e1b516d23)
Start importing Assets/Graphics/FX/Hit/Hits_6/hits-6-preview4.png using Guid(5fca294405e02ac41b72cfb041c44b24) Importer(2089858483,0ecaa5967403d082aa24f35e1b516d23) Generated GUIDs only implemented for interfaces!
 -> (artifact id: 'd1af93d0d66af141e83beb7c9688b328') in 0.044003 seconds
Number of updated asset objects reloaded before import = 0
Number of asset objects unloaded after import = 3
========================================================================
Received Import Request.
  Time since last request: 0.000018 seconds.
  path: Assets/Graphics/FX/Hit/Hit_7/FX024_3.png
  artifactKey: Guid(ad2da9190c92bd04a97b91da587fc108) Importer(2089858483,0ecaa5967403d082aa24f35e1b516d23)
Start importing Assets/Graphics/FX/Hit/Hit_7/FX024_3.png using Guid(ad2da9190c92bd04a97b91da587fc108) Importer(2089858483,0ecaa5967403d082aa24f35e1b516d23) Generated GUIDs only implemented for interfaces!
 -> (artifact id: '20648ee6f5d3e72dd21649be235b2b0c') in 0.047746 seconds
Number of updated asset objects reloaded before import = 0
Number of asset objects unloaded after import = 3
========================================================================
Received Import Request.
  Time since last request: 0.000021 seconds.
  path: Assets/Graphics/Surroundings/Medieval_Castle/Decorations/curtain_blue_1.png
  artifactKey: Guid(3e950528dbee1e849ac88cd6d61cae22) Importer(2089858483,0ecaa5967403d082aa24f35e1b516d23)
Start importing Assets/Graphics/Surroundings/Medieval_Castle/Decorations/curtain_blue_1.png using Guid(3e950528dbee1e849ac88cd6d61cae22) Importer(2089858483,0ecaa5967403d082aa24f35e1b516d23) Generated GUIDs only implemented for interfaces!
 -> (artifact id: '2eb793deb1f5d9980cbbad46da0ec887') in 0.048254 seconds
Number of updated asset objects reloaded before import = 0
Number of asset objects unloaded after import = 3
========================================================================
Received Import Request.
  Time since last request: 0.000024 seconds.
  path: Assets/Graphics/FX/Arcane/Arcane_Bolt/bolt4.png
  artifactKey: Guid(38787c0a17d8d1147b565903f8cb52e0) Importer(2089858483,0ecaa5967403d082aa24f35e1b516d23)
Start importing Assets/Graphics/FX/Arcane/Arcane_Bolt/bolt4.png using Guid(38787c0a17d8d1147b565903f8cb52e0) Importer(2089858483,0ecaa5967403d082aa24f35e1b516d23) Generated GUIDs only implemented for interfaces!
 -> (artifact id: 'fe288e365bad1dd032c961acc2dfe0ef') in 0.045938 seconds
Number of updated asset objects reloaded before import = 0
Number of asset objects unloaded after import = 3
========================================================================
Received Import Request.
  Time since last request: 0.000017 seconds.
  path: Assets/Graphics/FX/Hit/Hits_3/hits-3-5.png
  artifactKey: Guid(ec265e953773e54439cadbd3ff34794b) Importer(2089858483,0ecaa5967403d082aa24f35e1b516d23)
Start importing Assets/Graphics/FX/Hit/Hits_3/hits-3-5.png using Guid(ec265e953773e54439cadbd3ff34794b) Importer(2089858483,0ecaa5967403d082aa24f35e1b516d23) Generated GUIDs only implemented for interfaces!
 -> (artifact id: 'a4cefbf6aca116266c0073a230d95297') in 0.053127 seconds
Number of updated asset objects reloaded before import = 0
Number of asset objects unloaded after import = 3
========================================================================
Received Import Request.
  Time since last request: 0.000016 seconds.
  path: Assets/Graphics/Surroundings/Medieval_Castle/Decorations/potions_2.png
  artifactKey: Guid(094e3e97fde0bfc45ab590d41d31b624) Importer(2089858483,0ecaa5967403d082aa24f35e1b516d23)
Start importing Assets/Graphics/Surroundings/Medieval_Castle/Decorations/potions_2.png using Guid(094e3e97fde0bfc45ab590d41d31b624) Importer(2089858483,0ecaa5967403d082aa24f35e1b516d23) Generated GUIDs only implemented for interfaces!
 -> (artifact id: 'be7485520cbedfe8c4267708c2575f72') in 0.046499 seconds
Number of updated asset objects reloaded before import = 0
Number of asset objects unloaded after import = 3
========================================================================
Received Import Request.
  Time since last request: 0.000013 seconds.
  path: Assets/Graphics/Surroundings/Medieval_Castle/Tiles/arch_2.png
  artifactKey: Guid(e304f0905b9817145925173225717182) Importer(2089858483,0ecaa5967403d082aa24f35e1b516d23)
Start importing Assets/Graphics/Surroundings/Medieval_Castle/Tiles/arch_2.png using Guid(e304f0905b9817145925173225717182) Importer(2089858483,0ecaa5967403d082aa24f35e1b516d23) Generated GUIDs only implemented for interfaces!
 -> (artifact id: '3bd5c22afcd42cce628dc379266fa9f0') in 0.046493 seconds
Number of updated asset objects reloaded before import = 0
Number of asset objects unloaded after import = 3
========================================================================
Received Import Request.
  Time since last request: 0.000013 seconds.
  path: Assets/Graphics/Surroundings/Medieval_Castle/Tiles/arch_6.png
  artifactKey: Guid(667a0cfe5f65b5e41a378f8dc0fe16df) Importer(2089858483,0ecaa5967403d082aa24f35e1b516d23)
Start importing Assets/Graphics/Surroundings/Medieval_Castle/Tiles/arch_6.png using Guid(667a0cfe5f65b5e41a378f8dc0fe16df) Importer(2089858483,0ecaa5967403d082aa24f35e1b516d23) Generated GUIDs only implemented for interfaces!
 -> (artifact id: '247feb6823fac14eb430da871a4b14b1') in 0.046590 seconds
Number of updated asset objects reloaded before import = 0
Number of asset objects unloaded after import = 3
========================================================================
Received Import Request.
  Time since last request: 0.000017 seconds.
  path: Assets/Graphics/Surroundings/Medieval_Castle/Tiles/arch_4.png
  artifactKey: Guid(f68480ff96a44bc448159a5a580fb362) Importer(2089858483,0ecaa5967403d082aa24f35e1b516d23)
Start importing Assets/Graphics/Surroundings/Medieval_Castle/Tiles/arch_4.png using Guid(f68480ff96a44bc448159a5a580fb362) Importer(2089858483,0ecaa5967403d082aa24f35e1b516d23) Generated GUIDs only implemented for interfaces!
 -> (artifact id: '73215f3ad063a94cea9df0f5fb94c72e') in 0.046768 seconds
Number of updated asset objects reloaded before import = 0
Number of asset objects unloaded after import = 3
========================================================================
Received Import Request.
  Time since last request: 0.000024 seconds.
  path: Assets/Graphics/Surroundings/Medieval_Castle/Tiles/brick_10.png
  artifactKey: Guid(9e6c2c224003ae748b50c28deaedf011) Importer(2089858483,0ecaa5967403d082aa24f35e1b516d23)
Start importing Assets/Graphics/Surroundings/Medieval_Castle/Tiles/brick_10.png using Guid(9e6c2c224003ae748b50c28deaedf011) Importer(2089858483,0ecaa5967403d082aa24f35e1b516d23) Generated GUIDs only implemented for interfaces!
 -> (artifact id: '57dfb017306a57fb3632bd901d7155c9') in 0.047260 seconds
Number of updated asset objects reloaded before import = 0
Number of asset objects unloaded after import = 3
========================================================================
Received Import Request.
  Time since last request: 0.000017 seconds.
  path: Assets/Graphics/Surroundings/Medieval_Castle/Decorations/table_shadow.png
  artifactKey: Guid(bdd66e2978529184588fee9c6ddf0519) Importer(2089858483,0ecaa5967403d082aa24f35e1b516d23)
Start importing Assets/Graphics/Surroundings/Medieval_Castle/Decorations/table_shadow.png using Guid(bdd66e2978529184588fee9c6ddf0519) Importer(2089858483,0ecaa5967403d082aa24f35e1b516d23) Generated GUIDs only implemented for interfaces!
 -> (artifact id: '789ef4b69f84133258a95eb346cd0d22') in 0.050403 seconds
Number of updated asset objects reloaded before import = 0
Number of asset objects unloaded after import = 3
========================================================================
Received Import Request.
  Time since last request: 0.000019 seconds.
  path: Assets/Graphics/Surroundings/Medieval_Castle/Tiles/arch_7.png
  artifactKey: Guid(2ff1ab1e04276884eb1de48be63d6cce) Importer(2089858483,0ecaa5967403d082aa24f35e1b516d23)
Start importing Assets/Graphics/Surroundings/Medieval_Castle/Tiles/arch_7.png using Guid(2ff1ab1e04276884eb1de48be63d6cce) Importer(2089858483,0ecaa5967403d082aa24f35e1b516d23) Generated GUIDs only implemented for interfaces!
 -> (artifact id: '1eacee5faf9137cdeffb4b9592dbb765') in 0.046852 seconds
Number of updated asset objects reloaded before import = 0
Number of asset objects unloaded after import = 3
========================================================================
Received Import Request.
  Time since last request: 0.000017 seconds.
  path: Assets/Graphics/Surroundings/Medieval_Castle/HUD/weapon_icon.png
  artifactKey: Guid(7317f0e620e2df948a12e2ff38460e7d) Importer(2089858483,0ecaa5967403d082aa24f35e1b516d23)
Start importing Assets/Graphics/Surroundings/Medieval_Castle/HUD/weapon_icon.png using Guid(7317f0e620e2df948a12e2ff38460e7d) Importer(2089858483,0ecaa5967403d082aa24f35e1b516d23) Generated GUIDs only implemented for interfaces!
 -> (artifact id: '9112310976f3564551198223b204072f') in 0.048960 seconds
Number of updated asset objects reloaded before import = 0
Number of asset objects unloaded after import = 3
========================================================================
Received Import Request.
  Time since last request: 0.000014 seconds.
  path: Assets/Graphics/Surroundings/Medieval_Castle/Tiles/arch_5.png
  artifactKey: Guid(ea0d14634f3229545bf579347c52f9c0) Importer(2089858483,0ecaa5967403d082aa24f35e1b516d23)
Start importing Assets/Graphics/Surroundings/Medieval_Castle/Tiles/arch_5.png using Guid(ea0d14634f3229545bf579347c52f9c0) Importer(2089858483,0ecaa5967403d082aa24f35e1b516d23) Generated GUIDs only implemented for interfaces!
 -> (artifact id: '9d1f502e39f72254ba59a1988f1a5d87') in 0.057350 seconds
Number of updated asset objects reloaded before import = 0
Number of asset objects unloaded after import = 3
========================================================================
Received Import Request.
  Time since last request: 0.000020 seconds.
  path: Assets/Graphics/FX/Hit/Hit_7/FX024_5.png
  artifactKey: Guid(7927c3b1cb797d648a8c37d03f78b47f) Importer(2089858483,0ecaa5967403d082aa24f35e1b516d23)
Start importing Assets/Graphics/FX/Hit/Hit_7/FX024_5.png using Guid(7927c3b1cb797d648a8c37d03f78b47f) Importer(2089858483,0ecaa5967403d082aa24f35e1b516d23) Generated GUIDs only implemented for interfaces!
 -> (artifact id: 'd93c9a1d3ed7230bd451453af0c3cfe7') in 0.049523 seconds
Number of updated asset objects reloaded before import = 0
Number of asset objects unloaded after import = 3
========================================================================
Received Import Request.
  Time since last request: 0.000030 seconds.
  path: Assets/Graphics/Surroundings/Medieval_Castle/Tiles/brick_16.png
  artifactKey: Guid(d7b76aea606fc8042b2a65c95575c7fb) Importer(2089858483,0ecaa5967403d082aa24f35e1b516d23)
Start importing Assets/Graphics/Surroundings/Medieval_Castle/Tiles/brick_16.png using Guid(d7b76aea606fc8042b2a65c95575c7fb) Importer(2089858483,0ecaa5967403d082aa24f35e1b516d23) Generated GUIDs only implemented for interfaces!
 -> (artifact id: 'aa28ff6f96c59aebbce9f73bddc83321') in 0.046253 seconds
Number of updated asset objects reloaded before import = 0
Number of asset objects unloaded after import = 3
========================================================================
Received Import Request.
  Time since last request: 0.000014 seconds.
  path: Assets/Graphics/Surroundings/Medieval_Castle/Tiles/brick_13.png
  artifactKey: Guid(1c90277997fa8ee4686bdb4c4bbb4edf) Importer(2089858483,0ecaa5967403d082aa24f35e1b516d23)
Start importing Assets/Graphics/Surroundings/Medieval_Castle/Tiles/brick_13.png using Guid(1c90277997fa8ee4686bdb4c4bbb4edf) Importer(2089858483,0ecaa5967403d082aa24f35e1b516d23) Generated GUIDs only implemented for interfaces!
 -> (artifact id: '0b2602bfdd3489ded684f5ffd8cc6ee6') in 0.048740 seconds
Number of updated asset objects reloaded before import = 0
Number of asset objects unloaded after import = 3
========================================================================
Received Import Request.
  Time since last request: 0.000019 seconds.
  path: Assets/Graphics/Surroundings/Medieval_Castle/Tiles/brick_15.png
  artifactKey: Guid(5f6f2b834f9bd7d44bd8eb3ef4bacb78) Importer(2089858483,0ecaa5967403d082aa24f35e1b516d23)
Start importing Assets/Graphics/Surroundings/Medieval_Castle/Tiles/brick_15.png using Guid(5f6f2b834f9bd7d44bd8eb3ef4bacb78) Importer(2089858483,0ecaa5967403d082aa24f35e1b516d23) Generated GUIDs only implemented for interfaces!
 -> (artifact id: 'c221e9d300337f47c07399df6e33001c') in 0.053239 seconds
Number of updated asset objects reloaded before import = 0
Number of asset objects unloaded after import = 3
========================================================================
Received Import Request.
  Time since last request: 0.000014 seconds.
  path: Assets/Graphics/Surroundings/Medieval_Castle/Tiles/ceiling_corner_right.png
  artifactKey: Guid(595eec6e7a5a85149ac1bcc064d0d630) Importer(2089858483,0ecaa5967403d082aa24f35e1b516d23)
Start importing Assets/Graphics/Surroundings/Medieval_Castle/Tiles/ceiling_corner_right.png using Guid(595eec6e7a5a85149ac1bcc064d0d630) Importer(2089858483,0ecaa5967403d082aa24f35e1b516d23) Generated GUIDs only implemented for interfaces!
 -> (artifact id: '020ad6f298db1ff6445a54e33777b724') in 0.053216 seconds
Number of updated asset objects reloaded before import = 0
Number of asset objects unloaded after import = 3
========================================================================
Received Import Request.
  Time since last request: 0.000016 seconds.
  path: Assets/Graphics/Surroundings/Medieval_Castle/Tiles/column_3.png
  artifactKey: Guid(6f96e51e35b1f5843add46383d9ea0c4) Importer(2089858483,0ecaa5967403d082aa24f35e1b516d23)
Start importing Assets/Graphics/Surroundings/Medieval_Castle/Tiles/column_3.png using Guid(6f96e51e35b1f5843add46383d9ea0c4) Importer(2089858483,0ecaa5967403d082aa24f35e1b516d23) Generated GUIDs only implemented for interfaces!
 -> (artifact id: '7061c1e21e5436d5682155e177cbec5a') in 0.043173 seconds
Number of updated asset objects reloaded before import = 0
Number of asset objects unloaded after import = 3
========================================================================
Received Import Request.
  Time since last request: 0.000015 seconds.
  path: Assets/Graphics/Surroundings/Medieval_Castle/Tiles/brick_side_left_1.png
  artifactKey: Guid(aa3862d8737be4944907802e10279e62) Importer(2089858483,0ecaa5967403d082aa24f35e1b516d23)
Start importing Assets/Graphics/Surroundings/Medieval_Castle/Tiles/brick_side_left_1.png using Guid(aa3862d8737be4944907802e10279e62) Importer(2089858483,0ecaa5967403d082aa24f35e1b516d23) Generated GUIDs only implemented for interfaces!
 -> (artifact id: 'd30789515bfaeb96ef0f060f822c4de6') in 0.047847 seconds
Number of updated asset objects reloaded before import = 0
Number of asset objects unloaded after import = 3
========================================================================
Received Import Request.
  Time since last request: 0.000025 seconds.
  path: Assets/Graphics/Surroundings/Medieval_Castle/Tiles/brick_side_left_2.png
  artifactKey: Guid(a26b128cf9fa2564e96985f75eb1b3ae) Importer(2089858483,0ecaa5967403d082aa24f35e1b516d23)
Start importing Assets/Graphics/Surroundings/Medieval_Castle/Tiles/brick_side_left_2.png using Guid(a26b128cf9fa2564e96985f75eb1b3ae) Importer(2089858483,0ecaa5967403d082aa24f35e1b516d23) Generated GUIDs only implemented for interfaces!
 -> (artifact id: '85f775cb8697d69921ac60bb7750a18b') in 0.049211 seconds
Number of updated asset objects reloaded before import = 0
Number of asset objects unloaded after import = 3
========================================================================
Received Import Request.
  Time since last request: 0.000020 seconds.
  path: Assets/Graphics/Surroundings/Medieval_Castle/Tiles/column_5.png
  artifactKey: Guid(9766537c54c445c48af63db6a8b9639a) Importer(2089858483,0ecaa5967403d082aa24f35e1b516d23)
Start importing Assets/Graphics/Surroundings/Medieval_Castle/Tiles/column_5.png using Guid(9766537c54c445c48af63db6a8b9639a) Importer(2089858483,0ecaa5967403d082aa24f35e1b516d23) Generated GUIDs only implemented for interfaces!
 -> (artifact id: 'a8d752e806dde56fed4288f9cd8770cd') in 0.050765 seconds
Number of updated asset objects reloaded before import = 0
Number of asset objects unloaded after import = 3
========================================================================
Received Import Request.
  Time since last request: 0.000014 seconds.
  path: Assets/Graphics/Surroundings/Medieval_Castle/Tiles/brick_8.png
  artifactKey: Guid(d33234c48850b3448b80a1775dc6c8fd) Importer(2089858483,0ecaa5967403d082aa24f35e1b516d23)
Start importing Assets/Graphics/Surroundings/Medieval_Castle/Tiles/brick_8.png using Guid(d33234c48850b3448b80a1775dc6c8fd) Importer(2089858483,0ecaa5967403d082aa24f35e1b516d23) Generated GUIDs only implemented for interfaces!
 -> (artifact id: 'bc775082db75b2ef84d4a22f4a0bc1e6') in 0.037639 seconds
Number of updated asset objects reloaded before import = 0
Number of asset objects unloaded after import = 3
========================================================================
Received Import Request.
  Time since last request: 0.000021 seconds.
  path: Assets/Graphics/FX/Hit/Hits_5/hits-5-4.png
  artifactKey: Guid(2c40420e0b7567a46ba21a82033f39a0) Importer(2089858483,0ecaa5967403d082aa24f35e1b516d23)
Start importing Assets/Graphics/FX/Hit/Hits_5/hits-5-4.png using Guid(2c40420e0b7567a46ba21a82033f39a0) Importer(2089858483,0ecaa5967403d082aa24f35e1b516d23) Generated GUIDs only implemented for interfaces!
 -> (artifact id: '9e1681caa9508d068e6bfa4a50fd3a16') in 0.047582 seconds
Number of updated asset objects reloaded before import = 0
Number of asset objects unloaded after import = 3
========================================================================
Received Import Request.
  Time since last request: 0.000018 seconds.
  path: Assets/Graphics/FX/Hit/Hits_0/SP103_01.png
  artifactKey: Guid(4283951784519e34881c9ee0efd93b88) Importer(2089858483,0ecaa5967403d082aa24f35e1b516d23)
Start importing Assets/Graphics/FX/Hit/Hits_0/SP103_01.png using Guid(4283951784519e34881c9ee0efd93b88) Importer(2089858483,0ecaa5967403d082aa24f35e1b516d23) Generated GUIDs only implemented for interfaces!
 -> (artifact id: 'bc5a1ffb2c812483768514f10639bedc') in 0.050208 seconds
Number of updated asset objects reloaded before import = 0
Number of asset objects unloaded after import = 3
========================================================================
Received Import Request.
  Time since last request: 0.000022 seconds.
  path: Assets/Animation/Animations/Checkpoint/active.anim
  artifactKey: Guid(79b932ac9b71e1f498001c200f4e247f) Importer(2089858483,0ecaa5967403d082aa24f35e1b516d23)
Start importing Assets/Animation/Animations/Checkpoint/active.anim using Guid(79b932ac9b71e1f498001c200f4e247f) Importer(2089858483,0ecaa5967403d082aa24f35e1b516d23) Generated GUIDs only implemented for interfaces!
 -> (artifact id: '09c311d0cdc2e46e626e264d9810def2') in 0.017922 seconds
Number of updated asset objects reloaded before import = 0
Number of asset objects unloaded after import = 1
========================================================================
Received Import Request.
  Time since last request: 0.000027 seconds.
  path: Assets/Graphics/Surroundings/Medieval_Castle/Tiles/floor_tile_carpet_transition_2.png
  artifactKey: Guid(6192cea30133ad343900062a8ae5c9fd) Importer(2089858483,0ecaa5967403d082aa24f35e1b516d23)
Start importing Assets/Graphics/Surroundings/Medieval_Castle/Tiles/floor_tile_carpet_transition_2.png using Guid(6192cea30133ad343900062a8ae5c9fd) Importer(2089858483,0ecaa5967403d082aa24f35e1b516d23) Generated GUIDs only implemented for interfaces!
 -> (artifact id: 'e125e6e09ec1a1ab43e993525447d220') in 0.044535 seconds
Number of updated asset objects reloaded before import = 0
Number of asset objects unloaded after import = 3
========================================================================
Received Import Request.
  Time since last request: 0.000016 seconds.
  path: Assets/Graphics/FX/Animation Pack/Hit Effect.png
  artifactKey: Guid(f29cc0d35d242cb4cbfda0d0684f85be) Importer(2089858483,0ecaa5967403d082aa24f35e1b516d23)
Start importing Assets/Graphics/FX/Animation Pack/Hit Effect.png using Guid(f29cc0d35d242cb4cbfda0d0684f85be) Importer(2089858483,0ecaa5967403d082aa24f35e1b516d23) Generated GUIDs only implemented for interfaces!
 -> (artifact id: '15700d36c434b06e6ed19db932370530') in 0.058319 seconds
Number of updated asset objects reloaded before import = 0
Number of asset objects unloaded after import = 3
========================================================================
Received Import Request.
  Time since last request: 0.000017 seconds.
  path: Assets/Graphics/Enemies/Night born/NightBorne.png
  artifactKey: Guid(e82644eceb07e4d479b96d4178c1c02a) Importer(2089858483,0ecaa5967403d082aa24f35e1b516d23)
Start importing Assets/Graphics/Enemies/Night born/NightBorne.png using Guid(e82644eceb07e4d479b96d4178c1c02a) Importer(2089858483,0ecaa5967403d082aa24f35e1b516d23) Generated GUIDs only implemented for interfaces!
 -> (artifact id: '3b837420e6b7a7560e170588df1d6711') in 0.182239 seconds
Number of updated asset objects reloaded before import = 0
Number of asset objects unloaded after import = 62
========================================================================
Received Import Request.
  Time since last request: 0.000019 seconds.
  path: Assets/Graphics/Surroundings/Medieval_Castle/Tiles/floor_tile_carpet_corner_right.png
  artifactKey: Guid(a20a063dcf71dda499e2dbe79c1dcc96) Importer(2089858483,0ecaa5967403d082aa24f35e1b516d23)
Start importing Assets/Graphics/Surroundings/Medieval_Castle/Tiles/floor_tile_carpet_corner_right.png using Guid(a20a063dcf71dda499e2dbe79c1dcc96) Importer(2089858483,0ecaa5967403d082aa24f35e1b516d23) Generated GUIDs only implemented for interfaces!
 -> (artifact id: 'fea1b1a3e50ba054ef48aa46bbb6a157') in 0.051054 seconds
Number of updated asset objects reloaded before import = 0
Number of asset objects unloaded after import = 3
========================================================================
Received Import Request.
  Time since last request: 0.000024 seconds.
  path: Assets/Graphics/Surroundings/Medieval_Castle/Tiles/floor_tile_wood_carpet_transition_2.png
  artifactKey: Guid(61c6ffbf4ec10284ca8b666a9112bf45) Importer(2089858483,0ecaa5967403d082aa24f35e1b516d23)
Start importing Assets/Graphics/Surroundings/Medieval_Castle/Tiles/floor_tile_wood_carpet_transition_2.png using Guid(61c6ffbf4ec10284ca8b666a9112bf45) Importer(2089858483,0ecaa5967403d082aa24f35e1b516d23) Generated GUIDs only implemented for interfaces!
 -> (artifact id: 'bf44ab141fc3250b8b95beb620b6966e') in 0.039158 seconds
Number of updated asset objects reloaded before import = 0
Number of asset objects unloaded after import = 3
========================================================================
Received Import Request.
  Time since last request: 0.000058 seconds.
  path: Assets/Graphics/Surroundings/Medieval_Castle/Tiles/floor_tile_wood_transition_2.png
  artifactKey: Guid(d3e6e897b9988194191f7e5c0aa1f3de) Importer(2089858483,0ecaa5967403d082aa24f35e1b516d23)
Start importing Assets/Graphics/Surroundings/Medieval_Castle/Tiles/floor_tile_wood_transition_2.png using Guid(d3e6e897b9988194191f7e5c0aa1f3de) Importer(2089858483,0ecaa5967403d082aa24f35e1b516d23) Generated GUIDs only implemented for interfaces!
 -> (artifact id: 'c3e99c3e2a06daacb46b3e8e542fc8bc') in 0.049110 seconds
Number of updated asset objects reloaded before import = 0
Number of asset objects unloaded after import = 3
========================================================================
Received Import Request.
  Time since last request: 0.000016 seconds.
  path: Assets/Graphics/Surroundings/Medieval_Castle/Tiles/floor_wood_3.png
  artifactKey: Guid(33670aaabecaca341967114438806ce5) Importer(2089858483,0ecaa5967403d082aa24f35e1b516d23)
Start importing Assets/Graphics/Surroundings/Medieval_Castle/Tiles/floor_wood_3.png using Guid(33670aaabecaca341967114438806ce5) Importer(2089858483,0ecaa5967403d082aa24f35e1b516d23) Generated GUIDs only implemented for interfaces!
 -> (artifact id: '49c044501a6fb3e46706b64ebc58a843') in 0.047241 seconds
Number of updated asset objects reloaded before import = 0
Number of asset objects unloaded after import = 3
========================================================================
Received Import Request.
  Time since last request: 0.000016 seconds.
  path: Assets/Graphics/Surroundings/Medieval_Castle/Decorations/flag_blue.png
  artifactKey: Guid(4b4b02c4847c1ff46a4c5f6b4364e1b4) Importer(2089858483,0ecaa5967403d082aa24f35e1b516d23)
Start importing Assets/Graphics/Surroundings/Medieval_Castle/Decorations/flag_blue.png using Guid(4b4b02c4847c1ff46a4c5f6b4364e1b4) Importer(2089858483,0ecaa5967403d082aa24f35e1b516d23) Generated GUIDs only implemented for interfaces!
 -> (artifact id: '197672f431211a17113e0337d85bfc7f') in 0.049704 seconds
Number of updated asset objects reloaded before import = 0
Number of asset objects unloaded after import = 3
========================================================================
Received Import Request.
  Time since last request: 0.000018 seconds.
  path: Assets/Graphics/Surroundings/Medieval_Castle/Tiles/lion_column_1.png
  artifactKey: Guid(71ee4a1119a06ef4fb0108c30f743247) Importer(2089858483,0ecaa5967403d082aa24f35e1b516d23)
Start importing Assets/Graphics/Surroundings/Medieval_Castle/Tiles/lion_column_1.png using Guid(71ee4a1119a06ef4fb0108c30f743247) Importer(2089858483,0ecaa5967403d082aa24f35e1b516d23) Generated GUIDs only implemented for interfaces!
 -> (artifact id: '29c156e8556b6397017fceb8da6dc03f') in 0.045235 seconds
Number of updated asset objects reloaded before import = 0
Number of asset objects unloaded after import = 3
========================================================================
Received Import Request.
  Time since last request: 0.000017 seconds.
  path: Assets/Graphics/Surroundings/Medieval_Castle/Tiles/platform_wall_connection_right.png
  artifactKey: Guid(c5ddb9d64dd94a5449d90ab2f6fdc424) Importer(2089858483,0ecaa5967403d082aa24f35e1b516d23)
Start importing Assets/Graphics/Surroundings/Medieval_Castle/Tiles/platform_wall_connection_right.png using Guid(c5ddb9d64dd94a5449d90ab2f6fdc424) Importer(2089858483,0ecaa5967403d082aa24f35e1b516d23) Generated GUIDs only implemented for interfaces!
 -> (artifact id: 'a901a91372a2ad8d70df6d6a46560da9') in 0.046686 seconds
Number of updated asset objects reloaded before import = 0
Number of asset objects unloaded after import = 3
========================================================================
Received Import Request.
  Time since last request: 0.000025 seconds.
  path: Assets/Graphics/Surroundings/Medieval_Castle/Tiles/stairs_tile_carpet_1.png
  artifactKey: Guid(712e04ee666109b4c95196222d1cd5b4) Importer(2089858483,0ecaa5967403d082aa24f35e1b516d23)
Start importing Assets/Graphics/Surroundings/Medieval_Castle/Tiles/stairs_tile_carpet_1.png using Guid(712e04ee666109b4c95196222d1cd5b4) Importer(2089858483,0ecaa5967403d082aa24f35e1b516d23) Generated GUIDs only implemented for interfaces!
 -> (artifact id: '7224f749d9a33ec1e7899e350c4e151a') in 0.048404 seconds
Number of updated asset objects reloaded before import = 0
Number of asset objects unloaded after import = 3
========================================================================
Received Import Request.
  Time since last request: 0.000018 seconds.
  path: Assets/Graphics/Surroundings/Medieval_Castle/Tiles/stairs_tile_2.png
  artifactKey: Guid(cf9f2c27f2f7383459c02f19e52d39f6) Importer(2089858483,0ecaa5967403d082aa24f35e1b516d23)
Start importing Assets/Graphics/Surroundings/Medieval_Castle/Tiles/stairs_tile_2.png using Guid(cf9f2c27f2f7383459c02f19e52d39f6) Importer(2089858483,0ecaa5967403d082aa24f35e1b516d23) Generated GUIDs only implemented for interfaces!
 -> (artifact id: '1ac6635e13b4aad611f0dee6dec647a2') in 0.058499 seconds
Number of updated asset objects reloaded before import = 0
Number of asset objects unloaded after import = 3
========================================================================
Received Import Request.
  Time since last request: 0.000015 seconds.
  path: Assets/Graphics/Surroundings/Medieval_Castle/Tiles/merlons_3.png
  artifactKey: Guid(842630091d3f800468dc265605bcefe4) Importer(2089858483,0ecaa5967403d082aa24f35e1b516d23)
Start importing Assets/Graphics/Surroundings/Medieval_Castle/Tiles/merlons_3.png using Guid(842630091d3f800468dc265605bcefe4) Importer(2089858483,0ecaa5967403d082aa24f35e1b516d23) Generated GUIDs only implemented for interfaces!
 -> (artifact id: '1b3f7ddaf6cb8081882f0987d2d9ef4c') in 0.048298 seconds
Number of updated asset objects reloaded before import = 0
Number of asset objects unloaded after import = 3
========================================================================
Received Import Request.
  Time since last request: 0.000016 seconds.
  path: Assets/Graphics/Surroundings/Medieval_Castle/Tiles/platform_1.png
  artifactKey: Guid(67ef20fa1b2819940a8aa379817f475b) Importer(2089858483,0ecaa5967403d082aa24f35e1b516d23)
Start importing Assets/Graphics/Surroundings/Medieval_Castle/Tiles/platform_1.png using Guid(67ef20fa1b2819940a8aa379817f475b) Importer(2089858483,0ecaa5967403d082aa24f35e1b516d23) Generated GUIDs only implemented for interfaces!
 -> (artifact id: 'e8c71030a811f370afd530e143309424') in 0.049390 seconds
Number of updated asset objects reloaded before import = 0
Number of asset objects unloaded after import = 3
========================================================================
Received Import Request.
  Time since last request: 0.000018 seconds.
  path: Assets/Graphics/Surroundings/Medieval_Castle/Tiles/merlons_4.png
  artifactKey: Guid(d99d13a77fcedbc4e8d5739816d1fb3f) Importer(2089858483,0ecaa5967403d082aa24f35e1b516d23)
Start importing Assets/Graphics/Surroundings/Medieval_Castle/Tiles/merlons_4.png using Guid(d99d13a77fcedbc4e8d5739816d1fb3f) Importer(2089858483,0ecaa5967403d082aa24f35e1b516d23) Generated GUIDs only implemented for interfaces!
 -> (artifact id: 'a107e1f0455fb05c2b4933654fec5e9a') in 0.049209 seconds
Number of updated asset objects reloaded before import = 0
Number of asset objects unloaded after import = 3
========================================================================
Received Import Request.
  Time since last request: 0.000021 seconds.
  path: Assets/Graphics/Surroundings/Medieval_Castle/Tiles/merlons_5.png
  artifactKey: Guid(ce749e57559d17941a1f245b88463826) Importer(2089858483,0ecaa5967403d082aa24f35e1b516d23)
Start importing Assets/Graphics/Surroundings/Medieval_Castle/Tiles/merlons_5.png using Guid(ce749e57559d17941a1f245b88463826) Importer(2089858483,0ecaa5967403d082aa24f35e1b516d23) Generated GUIDs only implemented for interfaces!
 -> (artifact id: '411b8ebeb772b1037aed5b1925017b91') in 0.046430 seconds
Number of updated asset objects reloaded before import = 0
Number of asset objects unloaded after import = 3
========================================================================
Received Import Request.
  Time since last request: 0.000025 seconds.
  path: Assets/Graphics/Surroundings/Medieval_Castle/Tiles/lion_column_4.png
  artifactKey: Guid(78c2bd7a0d13e5649802575cbf4dcae9) Importer(2089858483,0ecaa5967403d082aa24f35e1b516d23)
Start importing Assets/Graphics/Surroundings/Medieval_Castle/Tiles/lion_column_4.png using Guid(78c2bd7a0d13e5649802575cbf4dcae9) Importer(2089858483,0ecaa5967403d082aa24f35e1b516d23) Generated GUIDs only implemented for interfaces!
 -> (artifact id: '5062b8f626a57f6f4429343d5c74f710') in 0.047825 seconds
Number of updated asset objects reloaded before import = 0
Number of asset objects unloaded after import = 3
========================================================================
Received Import Request.
  Time since last request: 0.000018 seconds.
  path: Assets/Graphics/Surroundings/Medieval_Castle/Tiles/spikes.png
  artifactKey: Guid(d59ae7618ef4d6d4db94191beb72bb4b) Importer(2089858483,0ecaa5967403d082aa24f35e1b516d23)
Start importing Assets/Graphics/Surroundings/Medieval_Castle/Tiles/spikes.png using Guid(d59ae7618ef4d6d4db94191beb72bb4b) Importer(2089858483,0ecaa5967403d082aa24f35e1b516d23) Generated GUIDs only implemented for interfaces!
 -> (artifact id: '4e3a46c8d76c4b916f4328d0662dff1c') in 0.044721 seconds
Number of updated asset objects reloaded before import = 0
Number of asset objects unloaded after import = 3
========================================================================
Received Import Request.
  Time since last request: 0.000014 seconds.
  path: Assets/Graphics/Surroundings/Medieval_Castle/Tiles/platform_4.png
  artifactKey: Guid(3f2c973f5a4eeab4a922450edf0e4fa7) Importer(2089858483,0ecaa5967403d082aa24f35e1b516d23)
Start importing Assets/Graphics/Surroundings/Medieval_Castle/Tiles/platform_4.png using Guid(3f2c973f5a4eeab4a922450edf0e4fa7) Importer(2089858483,0ecaa5967403d082aa24f35e1b516d23) Generated GUIDs only implemented for interfaces!
 -> (artifact id: '172c40a49c4c2d4d039481fb6a41337f') in 0.050546 seconds
Number of updated asset objects reloaded before import = 0
Number of asset objects unloaded after import = 3
========================================================================
Received Import Request.
  Time since last request: 0.000015 seconds.
  path: Assets/Graphics/Surroundings/Medieval_Castle/Tiles/wall_3.png
  artifactKey: Guid(31bf658f91ee0a3448193b48f80b7503) Importer(2089858483,0ecaa5967403d082aa24f35e1b516d23)
Start importing Assets/Graphics/Surroundings/Medieval_Castle/Tiles/wall_3.png using Guid(31bf658f91ee0a3448193b48f80b7503) Importer(2089858483,0ecaa5967403d082aa24f35e1b516d23) Generated GUIDs only implemented for interfaces!
 -> (artifact id: 'ae992da2ea83b905f4b004cf93c2f209') in 0.051405 seconds
Number of updated asset objects reloaded before import = 0
Number of asset objects unloaded after import = 3
========================================================================
Received Import Request.
  Time since last request: 0.000016 seconds.
  path: Assets/Graphics/Surroundings/Medieval_Castle/Tiles/wall_14.png
  artifactKey: Guid(27a25f5948ee593419ccf3e45cfaea6f) Importer(2089858483,0ecaa5967403d082aa24f35e1b516d23)
Start importing Assets/Graphics/Surroundings/Medieval_Castle/Tiles/wall_14.png using Guid(27a25f5948ee593419ccf3e45cfaea6f) Importer(2089858483,0ecaa5967403d082aa24f35e1b516d23) Generated GUIDs only implemented for interfaces!
 -> (artifact id: 'f8a666a07a8f38909e3274e9645209ea') in 0.050621 seconds
Number of updated asset objects reloaded before import = 0
Number of asset objects unloaded after import = 3
========================================================================
Received Import Request.
  Time since last request: 0.000021 seconds.
  path: Assets/Graphics/Surroundings/Medieval_Castle/Tiles/wall_11.png
  artifactKey: Guid(f3bee91161a72cb4fb40565ffee19c23) Importer(2089858483,0ecaa5967403d082aa24f35e1b516d23)
Start importing Assets/Graphics/Surroundings/Medieval_Castle/Tiles/wall_11.png using Guid(f3bee91161a72cb4fb40565ffee19c23) Importer(2089858483,0ecaa5967403d082aa24f35e1b516d23) Generated GUIDs only implemented for interfaces!
 -> (artifact id: 'c4a64f15e38b9eaa168bca8492dc02dc') in 0.048552 seconds
Number of updated asset objects reloaded before import = 0
Number of asset objects unloaded after import = 3
========================================================================
Received Import Request.
  Time since last request: 0.000023 seconds.
  path: Assets/Graphics/Surroundings/Medieval_Castle/Tiles/wall_6.png
  artifactKey: Guid(586cf872d1c8fb9488c2e1ff49527a7d) Importer(2089858483,0ecaa5967403d082aa24f35e1b516d23)
Start importing Assets/Graphics/Surroundings/Medieval_Castle/Tiles/wall_6.png using Guid(586cf872d1c8fb9488c2e1ff49527a7d) Importer(2089858483,0ecaa5967403d082aa24f35e1b516d23) Generated GUIDs only implemented for interfaces!
 -> (artifact id: '2104c2e43e65c7b307c102abeb832f3d') in 0.061684 seconds
Number of updated asset objects reloaded before import = 0
Number of asset objects unloaded after import = 3
========================================================================
Received Import Request.
  Time since last request: 0.000018 seconds.
  path: Assets/Graphics/Surroundings/Medieval_Castle/Tiles/wall_7.png
  artifactKey: Guid(dcaf597846903e54b91fde9ac0beef4c) Importer(2089858483,0ecaa5967403d082aa24f35e1b516d23)
Start importing Assets/Graphics/Surroundings/Medieval_Castle/Tiles/wall_7.png using Guid(dcaf597846903e54b91fde9ac0beef4c) Importer(2089858483,0ecaa5967403d082aa24f35e1b516d23) Generated GUIDs only implemented for interfaces!
 -> (artifact id: '85c6c2344162c98c7b0950aae5728a84') in 0.048783 seconds
Number of updated asset objects reloaded before import = 0
Number of asset objects unloaded after import = 3
========================================================================
Received Import Request.
  Time since last request: 0.000017 seconds.
  path: Assets/Graphics/Surroundings/Medieval_Castle/Tiles/wall_15.png
  artifactKey: Guid(2581d9a46582c764498abddb9c8efccb) Importer(2089858483,0ecaa5967403d082aa24f35e1b516d23)
Start importing Assets/Graphics/Surroundings/Medieval_Castle/Tiles/wall_15.png using Guid(2581d9a46582c764498abddb9c8efccb) Importer(2089858483,0ecaa5967403d082aa24f35e1b516d23) Generated GUIDs only implemented for interfaces!
 -> (artifact id: '77854cbc32fb33ae8929f586dfe3478e') in 0.047687 seconds
Number of updated asset objects reloaded before import = 0
Number of asset objects unloaded after import = 3
========================================================================
Received Import Request.
  Time since last request: 0.000016 seconds.
  path: Assets/Graphics/Surroundings/Medieval_Castle/Tiles/stairs_wood_3.png
  artifactKey: Guid(5cc12d9812a5d024c841c0cfd0d8d4bf) Importer(2089858483,0ecaa5967403d082aa24f35e1b516d23)
Start importing Assets/Graphics/Surroundings/Medieval_Castle/Tiles/stairs_wood_3.png using Guid(5cc12d9812a5d024c841c0cfd0d8d4bf) Importer(2089858483,0ecaa5967403d082aa24f35e1b516d23) Generated GUIDs only implemented for interfaces!
 -> (artifact id: '1322c9fe2ac6a8422eee9aed7f77b9d6') in 0.046676 seconds
Number of updated asset objects reloaded before import = 0
Number of asset objects unloaded after import = 3
========================================================================
Received Import Request.
  Time since last request: 0.000015 seconds.
  path: Assets/Graphics/Surroundings/Medieval_Castle/Tiles/window_big_2.png
  artifactKey: Guid(c2766a89a431b95418d630f5d8296400) Importer(2089858483,0ecaa5967403d082aa24f35e1b516d23)
Start importing Assets/Graphics/Surroundings/Medieval_Castle/Tiles/window_big_2.png using Guid(c2766a89a431b95418d630f5d8296400) Importer(2089858483,0ecaa5967403d082aa24f35e1b516d23) Generated GUIDs only implemented for interfaces!
 -> (artifact id: 'aa7ccfc5e942441994ffcb84b0470568') in 0.058150 seconds
Number of updated asset objects reloaded before import = 0
Number of asset objects unloaded after import = 3
========================================================================
Received Import Request.
  Time since last request: 0.000017 seconds.
  path: Assets/Graphics/Surroundings/Medieval_Castle/Tiles/wall_1.png
  artifactKey: Guid(d6625cc0f8b24574aa9876f246638bd8) Importer(2089858483,0ecaa5967403d082aa24f35e1b516d23)
Start importing Assets/Graphics/Surroundings/Medieval_Castle/Tiles/wall_1.png using Guid(d6625cc0f8b24574aa9876f246638bd8) Importer(2089858483,0ecaa5967403d082aa24f35e1b516d23) Generated GUIDs only implemented for interfaces!
 -> (artifact id: '0facc057722e89bb512e04e697982080') in 0.046179 seconds
Number of updated asset objects reloaded before import = 0
Number of asset objects unloaded after import = 3
========================================================================
Received Import Request.
  Time since last request: 0.000024 seconds.
  path: Assets/Graphics/Surroundings/Medieval_Castle/Tiles/lion_column_9.png
  artifactKey: Guid(bbf9cecbeff3c7242acd0438b953ce1d) Importer(2089858483,0ecaa5967403d082aa24f35e1b516d23)
Start importing Assets/Graphics/Surroundings/Medieval_Castle/Tiles/lion_column_9.png using Guid(bbf9cecbeff3c7242acd0438b953ce1d) Importer(2089858483,0ecaa5967403d082aa24f35e1b516d23) Generated GUIDs only implemented for interfaces!
 -> (artifact id: '2ac06ef264453d41c00329b8c496c989') in 0.053671 seconds
Number of updated asset objects reloaded before import = 0
Number of asset objects unloaded after import = 3
========================================================================
Received Import Request.
  Time since last request: 0.000016 seconds.
  path: Assets/Graphics/Surroundings/Medieval_Castle/Tiles/Tile Assets/brick_1.asset
  artifactKey: Guid(8d520db65d417a845952e74123e6824a) Importer(2089858483,0ecaa5967403d082aa24f35e1b516d23)
Start importing Assets/Graphics/Surroundings/Medieval_Castle/Tiles/Tile Assets/brick_1.asset using Guid(8d520db65d417a845952e74123e6824a) Importer(2089858483,0ecaa5967403d082aa24f35e1b516d23) Generated GUIDs only implemented for interfaces!
 -> (artifact id: '9ba9ec31d4db199a22318517df018690') in 0.026160 seconds
Number of updated asset objects reloaded before import = 0
Number of asset objects unloaded after import = 3
========================================================================
Received Import Request.
  Time since last request: 0.000017 seconds.
  path: Assets/Graphics/Surroundings/Medieval_Castle/Tiles/Tile Assets/brick_16.asset
  artifactKey: Guid(800ec5a70b68f1a4180f6e9f6353dc97) Importer(2089858483,0ecaa5967403d082aa24f35e1b516d23)
Start importing Assets/Graphics/Surroundings/Medieval_Castle/Tiles/Tile Assets/brick_16.asset using Guid(800ec5a70b68f1a4180f6e9f6353dc97) Importer(2089858483,0ecaa5967403d082aa24f35e1b516d23) Generated GUIDs only implemented for interfaces!
 -> (artifact id: 'fdfe8554e3bbff7698b973cb9f7401f5') in 0.017140 seconds
Number of updated asset objects reloaded before import = 0
Number of asset objects unloaded after import = 3
========================================================================
Received Import Request.
  Time since last request: 0.000017 seconds.
  path: Assets/Graphics/Surroundings/Medieval_Castle/Tiles/Tile Assets/brick_13.asset
  artifactKey: Guid(6bd441c95c3c9974f9a05eaf8701c94b) Importer(2089858483,0ecaa5967403d082aa24f35e1b516d23)
Start importing Assets/Graphics/Surroundings/Medieval_Castle/Tiles/Tile Assets/brick_13.asset using Guid(6bd441c95c3c9974f9a05eaf8701c94b) Importer(2089858483,0ecaa5967403d082aa24f35e1b516d23) Generated GUIDs only implemented for interfaces!
 -> (artifact id: 'd8ef49bdda0f4ff5f7048b1adc2bd64e') in 0.018748 seconds
Number of updated asset objects reloaded before import = 0
Number of asset objects unloaded after import = 3
========================================================================
Received Import Request.
  Time since last request: 0.000016 seconds.
  path: Assets/Graphics/Surroundings/Medieval_Castle/Tiles/Tile Assets/brick_12.asset
  artifactKey: Guid(99b51a3320383424f92a4147e10dca6d) Importer(2089858483,0ecaa5967403d082aa24f35e1b516d23)
Start importing Assets/Graphics/Surroundings/Medieval_Castle/Tiles/Tile Assets/brick_12.asset using Guid(99b51a3320383424f92a4147e10dca6d) Importer(2089858483,0ecaa5967403d082aa24f35e1b516d23) Generated GUIDs only implemented for interfaces!
 -> (artifact id: '6495d9e250f8a2d337bf9e9eb66acd06') in 0.014762 seconds
Number of updated asset objects reloaded before import = 0
Number of asset objects unloaded after import = 3
========================================================================
Received Import Request.
  Time since last request: 0.000016 seconds.
  path: Assets/Graphics/Surroundings/Medieval_Castle/Tiles/Tile Assets/arch_2.asset
  artifactKey: Guid(12eec5c37c29458478cce37999fcd2ca) Importer(2089858483,0ecaa5967403d082aa24f35e1b516d23)
Start importing Assets/Graphics/Surroundings/Medieval_Castle/Tiles/Tile Assets/arch_2.asset using Guid(12eec5c37c29458478cce37999fcd2ca) Importer(2089858483,0ecaa5967403d082aa24f35e1b516d23) Generated GUIDs only implemented for interfaces!
 -> (artifact id: '289229100bf2cc9bfe90f989961d4f05') in 0.014779 seconds
Number of updated asset objects reloaded before import = 0
Number of asset objects unloaded after import = 3
========================================================================
Received Import Request.
  Time since last request: 0.000015 seconds.
  path: Assets/Graphics/Surroundings/Medieval_Castle/Tiles/Tile Assets/blank.asset
  artifactKey: Guid(3846663a2da0f684e9fc677d44b7bd90) Importer(2089858483,0ecaa5967403d082aa24f35e1b516d23)
Start importing Assets/Graphics/Surroundings/Medieval_Castle/Tiles/Tile Assets/blank.asset using Guid(3846663a2da0f684e9fc677d44b7bd90) Importer(2089858483,0ecaa5967403d082aa24f35e1b516d23) Generated GUIDs only implemented for interfaces!
 -> (artifact id: '98e6bd9dbccb0da8474a903e1546dce8') in 0.014073 seconds
Number of updated asset objects reloaded before import = 0
Number of asset objects unloaded after import = 3
========================================================================
Received Import Request.
  Time since last request: 0.000015 seconds.
  path: Assets/Graphics/Surroundings/Medieval_Castle/Tiles/Tile Assets/brick_4.asset
  artifactKey: Guid(a3d0d8b0b47b867448b6561f582a2f65) Importer(2089858483,0ecaa5967403d082aa24f35e1b516d23)
Start importing Assets/Graphics/Surroundings/Medieval_Castle/Tiles/Tile Assets/brick_4.asset using Guid(a3d0d8b0b47b867448b6561f582a2f65) Importer(2089858483,0ecaa5967403d082aa24f35e1b516d23) Generated GUIDs only implemented for interfaces!
 -> (artifact id: '303915c6b59b42e6d6c1e60d583ae36f') in 0.018224 seconds
Number of updated asset objects reloaded before import = 0
Number of asset objects unloaded after import = 3
========================================================================
Received Import Request.
  Time since last request: 0.000016 seconds.
  path: Assets/Graphics/Surroundings/Medieval_Castle/Tiles/Tile Assets/brick_2.asset
  artifactKey: Guid(2a8f76533509b9943b711699eeff2bf8) Importer(2089858483,0ecaa5967403d082aa24f35e1b516d23)
Start importing Assets/Graphics/Surroundings/Medieval_Castle/Tiles/Tile Assets/brick_2.asset using Guid(2a8f76533509b9943b711699eeff2bf8) Importer(2089858483,0ecaa5967403d082aa24f35e1b516d23) Generated GUIDs only implemented for interfaces!
 -> (artifact id: 'a21bbde1f8a87bb3b0fc5d14692f1a51') in 0.014341 seconds
Number of updated asset objects reloaded before import = 0
Number of asset objects unloaded after import = 3
========================================================================
Received Import Request.
  Time since last request: 0.000017 seconds.
  path: Assets/Graphics/Surroundings/Medieval_Castle/Tiles/Tile Assets/arch_1.asset
  artifactKey: Guid(e177e3f29577f334f83e4da6b0a46443) Importer(2089858483,0ecaa5967403d082aa24f35e1b516d23)
Start importing Assets/Graphics/Surroundings/Medieval_Castle/Tiles/Tile Assets/arch_1.asset using Guid(e177e3f29577f334f83e4da6b0a46443) Importer(2089858483,0ecaa5967403d082aa24f35e1b516d23) Generated GUIDs only implemented for interfaces!
 -> (artifact id: 'd6995dee7148a547fb43709dd31a0d4c') in 0.014528 seconds
Number of updated asset objects reloaded before import = 0
Number of asset objects unloaded after import = 3
========================================================================
Received Import Request.
  Time since last request: 0.000018 seconds.
  path: Assets/Graphics/Surroundings/Medieval_Castle/Tiles/Tile Assets/arch_6.asset
  artifactKey: Guid(e3f1e006613132e4b9133185a14d41af) Importer(2089858483,0ecaa5967403d082aa24f35e1b516d23)
Start importing Assets/Graphics/Surroundings/Medieval_Castle/Tiles/Tile Assets/arch_6.asset using Guid(e3f1e006613132e4b9133185a14d41af) Importer(2089858483,0ecaa5967403d082aa24f35e1b516d23) Generated GUIDs only implemented for interfaces!
 -> (artifact id: '6f853bd597681e8489db4626cf109c34') in 0.014899 seconds
Number of updated asset objects reloaded before import = 0
Number of asset objects unloaded after import = 3
========================================================================
Received Import Request.
  Time since last request: 0.000027 seconds.
  path: Assets/Graphics/Surroundings/Medieval_Castle/Tiles/window_tall_2.png
  artifactKey: Guid(5ce93ac0a2d1f1b46b402b62a1ceb694) Importer(2089858483,0ecaa5967403d082aa24f35e1b516d23)
Start importing Assets/Graphics/Surroundings/Medieval_Castle/Tiles/window_tall_2.png using Guid(5ce93ac0a2d1f1b46b402b62a1ceb694) Importer(2089858483,0ecaa5967403d082aa24f35e1b516d23) Generated GUIDs only implemented for interfaces!
 -> (artifact id: 'e1a873b194af2077f130759431e3c836') in 0.053571 seconds
Number of updated asset objects reloaded before import = 0
Number of asset objects unloaded after import = 3
========================================================================
Received Import Request.
  Time since last request: 0.000016 seconds.
  path: Assets/Graphics/Surroundings/Medieval_Castle/Tiles/Tile Assets/brick_14.asset
  artifactKey: Guid(d29934375563a1a409dfa612a39a9c4b) Importer(2089858483,0ecaa5967403d082aa24f35e1b516d23)
Start importing Assets/Graphics/Surroundings/Medieval_Castle/Tiles/Tile Assets/brick_14.asset using Guid(d29934375563a1a409dfa612a39a9c4b) Importer(2089858483,0ecaa5967403d082aa24f35e1b516d23) Generated GUIDs only implemented for interfaces!
 -> (artifact id: 'b2c5b674b30ae4347aff43dfb449ee07') in 0.016848 seconds
Number of updated asset objects reloaded before import = 0
Number of asset objects unloaded after import = 3
========================================================================
Received Import Request.
  Time since last request: 0.000014 seconds.
  path: Assets/Graphics/Surroundings/Medieval_Castle/Tiles/window_big_3.png
  artifactKey: Guid(8d0175973985d104dad9533e6d06c4bf) Importer(2089858483,0ecaa5967403d082aa24f35e1b516d23)
Start importing Assets/Graphics/Surroundings/Medieval_Castle/Tiles/window_big_3.png using Guid(8d0175973985d104dad9533e6d06c4bf) Importer(2089858483,0ecaa5967403d082aa24f35e1b516d23) Generated GUIDs only implemented for interfaces!
 -> (artifact id: '801333e2d6b1ac03a83142b19a69d5da') in 0.047781 seconds
Number of updated asset objects reloaded before import = 0
Number of asset objects unloaded after import = 3
========================================================================
Received Import Request.
  Time since last request: 0.000014 seconds.
  path: Assets/Graphics/Surroundings/Medieval_Castle/Tiles/Tile Assets/arch_4.asset
  artifactKey: Guid(a6f2dc290148b9e42b50b3f59265bd48) Importer(2089858483,0ecaa5967403d082aa24f35e1b516d23)
Start importing Assets/Graphics/Surroundings/Medieval_Castle/Tiles/Tile Assets/arch_4.asset using Guid(a6f2dc290148b9e42b50b3f59265bd48) Importer(2089858483,0ecaa5967403d082aa24f35e1b516d23) Generated GUIDs only implemented for interfaces!
 -> (artifact id: '0dfdbfa8f318f499181fbc9ff61a6aeb') in 0.015209 seconds
Number of updated asset objects reloaded before import = 0
Number of asset objects unloaded after import = 3
========================================================================
Received Import Request.
  Time since last request: 0.000017 seconds.
  path: Assets/Graphics/FX/Hit/Hits_5/hits-5-1.png
  artifactKey: Guid(cefe6e3b8840f1843b9351b8025ae777) Importer(2089858483,0ecaa5967403d082aa24f35e1b516d23)
Start importing Assets/Graphics/FX/Hit/Hits_5/hits-5-1.png using Guid(cefe6e3b8840f1843b9351b8025ae777) Importer(2089858483,0ecaa5967403d082aa24f35e1b516d23) Generated GUIDs only implemented for interfaces!
 -> (artifact id: 'ea48be9aa18f143d819155f5ca9fe83a') in 0.047205 seconds
Number of updated asset objects reloaded before import = 0
Number of asset objects unloaded after import = 3
========================================================================
Received Import Request.
  Time since last request: 0.000018 seconds.
  path: Assets/Graphics/Surroundings/Medieval_Castle/HUD/bar.png
  artifactKey: Guid(16dcc94508854574889d26653c5d770c) Importer(2089858483,0ecaa5967403d082aa24f35e1b516d23)
Start importing Assets/Graphics/Surroundings/Medieval_Castle/HUD/bar.png using Guid(16dcc94508854574889d26653c5d770c) Importer(2089858483,0ecaa5967403d082aa24f35e1b516d23) Generated GUIDs only implemented for interfaces!
 -> (artifact id: '59cb7a8c17a11d2e7aedcb396eab22d0') in 0.050917 seconds
Number of updated asset objects reloaded before import = 0
Number of asset objects unloaded after import = 3
========================================================================
Received Import Request.
  Time since last request: 0.000018 seconds.
  path: Assets/Graphics/Surroundings/Medieval_Castle/Tiles/damaged_brick_4.png
  artifactKey: Guid(2756cc9e3198ace4882018e4c0253357) Importer(2089858483,0ecaa5967403d082aa24f35e1b516d23)
Start importing Assets/Graphics/Surroundings/Medieval_Castle/Tiles/damaged_brick_4.png using Guid(2756cc9e3198ace4882018e4c0253357) Importer(2089858483,0ecaa5967403d082aa24f35e1b516d23) Generated GUIDs only implemented for interfaces!
 -> (artifact id: '9a34f5a811710290f5efc173fc8add77') in 0.051466 seconds
Number of updated asset objects reloaded before import = 0
Number of asset objects unloaded after import = 3
========================================================================
Received Import Request.
  Time since last request: 0.000025 seconds.
  path: Assets/Graphics/Surroundings/Medieval_Castle/Decorations/crate_1.png
  artifactKey: Guid(aa92f6bbee238934181c8550e97b1beb) Importer(2089858483,0ecaa5967403d082aa24f35e1b516d23)
Start importing Assets/Graphics/Surroundings/Medieval_Castle/Decorations/crate_1.png using Guid(aa92f6bbee238934181c8550e97b1beb) Importer(2089858483,0ecaa5967403d082aa24f35e1b516d23) Generated GUIDs only implemented for interfaces!
 -> (artifact id: 'ff6d82ccfa757bcdc6e8b5c10be9d533') in 0.050090 seconds
Number of updated asset objects reloaded before import = 0
Number of asset objects unloaded after import = 3
========================================================================
Received Import Request.
  Time since last request: 0.000016 seconds.
  path: Assets/Graphics/Surroundings/Medieval_Castle/Tiles/floor_wood_carpet_corner_right.png
  artifactKey: Guid(09d057c432179ab418c91313ce991ddd) Importer(2089858483,0ecaa5967403d082aa24f35e1b516d23)
Start importing Assets/Graphics/Surroundings/Medieval_Castle/Tiles/floor_wood_carpet_corner_right.png using Guid(09d057c432179ab418c91313ce991ddd) Importer(2089858483,0ecaa5967403d082aa24f35e1b516d23) Generated GUIDs only implemented for interfaces!
 -> (artifact id: '137c8cb65782179457faa20ac1526ec7') in 0.046363 seconds
Number of updated asset objects reloaded before import = 0
Number of asset objects unloaded after import = 3
========================================================================
Received Import Request.
  Time since last request: 0.000014 seconds.
  path: Assets/Graphics/Surroundings/Medieval_Castle/Tiles/Tile Assets/column_4.asset
  artifactKey: Guid(731bdc6fc36ebdd4c949bf406c1d6e1a) Importer(2089858483,0ecaa5967403d082aa24f35e1b516d23)
Start importing Assets/Graphics/Surroundings/Medieval_Castle/Tiles/Tile Assets/column_4.asset using Guid(731bdc6fc36ebdd4c949bf406c1d6e1a) Importer(2089858483,0ecaa5967403d082aa24f35e1b516d23) Generated GUIDs only implemented for interfaces!
 -> (artifact id: 'bc1963a9bccfdce835439a3ac6e6bd74') in 0.013401 seconds
Number of updated asset objects reloaded before import = 0
Number of asset objects unloaded after import = 3
========================================================================
Received Import Request.
  Time since last request: 0.000015 seconds.
  path: Assets/Graphics/Surroundings/Medieval_Castle/Tiles/Tile Assets/column_5.asset
  artifactKey: Guid(1b83a834846a4c14ca0a20f16bacf7d3) Importer(2089858483,0ecaa5967403d082aa24f35e1b516d23)
Start importing Assets/Graphics/Surroundings/Medieval_Castle/Tiles/Tile Assets/column_5.asset using Guid(1b83a834846a4c14ca0a20f16bacf7d3) Importer(2089858483,0ecaa5967403d082aa24f35e1b516d23) Generated GUIDs only implemented for interfaces!
 -> (artifact id: '421ac7a764ef6f2a072bc1d9223536ec') in 0.015881 seconds
Number of updated asset objects reloaded before import = 0
Number of asset objects unloaded after import = 3
========================================================================
Received Import Request.
  Time since last request: 0.000015 seconds.
  path: Assets/Graphics/Surroundings/Medieval_Castle/Tiles/Tile Assets/floor_tile_corner_right.asset
  artifactKey: Guid(a70cb87e3eb0ff5478ab0200f7c49c56) Importer(2089858483,0ecaa5967403d082aa24f35e1b516d23)
Start importing Assets/Graphics/Surroundings/Medieval_Castle/Tiles/Tile Assets/floor_tile_corner_right.asset using Guid(a70cb87e3eb0ff5478ab0200f7c49c56) Importer(2089858483,0ecaa5967403d082aa24f35e1b516d23) Generated GUIDs only implemented for interfaces!
 -> (artifact id: '9f380f33f29ef52bee904c0a89793ae7') in 0.025820 seconds
Number of updated asset objects reloaded before import = 0
Number of asset objects unloaded after import = 3
========================================================================
Received Import Request.
  Time since last request: 0.000017 seconds.
  path: Assets/Graphics/Surroundings/Medieval_Castle/Tiles/Tile Assets/floor_wood_carpet_corner_left.asset
  artifactKey: Guid(deadb84f2254b6b4494e47c6ec95b718) Importer(2089858483,0ecaa5967403d082aa24f35e1b516d23)
Start importing Assets/Graphics/Surroundings/Medieval_Castle/Tiles/Tile Assets/floor_wood_carpet_corner_left.asset using Guid(deadb84f2254b6b4494e47c6ec95b718) Importer(2089858483,0ecaa5967403d082aa24f35e1b516d23) Generated GUIDs only implemented for interfaces!
 -> (artifact id: 'fdd7c71b6d7b7dd811b72249bbd11734') in 0.018409 seconds
Number of updated asset objects reloaded before import = 0
Number of asset objects unloaded after import = 3
========================================================================
Received Import Request.
  Time since last request: 0.000018 seconds.
  path: Assets/Graphics/Surroundings/Medieval_Castle/Tiles/Tile Assets/floor_tile_carpet_4.asset
  artifactKey: Guid(5921000c711b46946a2505c3708b5c60) Importer(2089858483,0ecaa5967403d082aa24f35e1b516d23)
Start importing Assets/Graphics/Surroundings/Medieval_Castle/Tiles/Tile Assets/floor_tile_carpet_4.asset using Guid(5921000c711b46946a2505c3708b5c60) Importer(2089858483,0ecaa5967403d082aa24f35e1b516d23) Generated GUIDs only implemented for interfaces!
 -> (artifact id: '22db741bc456768dd8569c76ca12428e') in 0.017857 seconds
Number of updated asset objects reloaded before import = 0
Number of asset objects unloaded after import = 3
========================================================================
Received Import Request.
  Time since last request: 0.000017 seconds.
  path: Assets/Graphics/Surroundings/Medieval_Castle/Tiles/Tile Assets/floor_tile_2.asset
  artifactKey: Guid(c0422f004137bbb4c810fca17be17af3) Importer(2089858483,0ecaa5967403d082aa24f35e1b516d23)
Start importing Assets/Graphics/Surroundings/Medieval_Castle/Tiles/Tile Assets/floor_tile_2.asset using Guid(c0422f004137bbb4c810fca17be17af3) Importer(2089858483,0ecaa5967403d082aa24f35e1b516d23) Generated GUIDs only implemented for interfaces!
 -> (artifact id: 'ea79873aa52ecc3b22704cd058eb037e') in 0.016711 seconds
Number of updated asset objects reloaded before import = 0
Number of asset objects unloaded after import = 3
========================================================================
Received Import Request.
  Time since last request: 0.000016 seconds.
  path: Assets/Graphics/Surroundings/Medieval_Castle/Tiles/Tile Assets/damaged_brick_4.asset
  artifactKey: Guid(e84dfbf770de2c74eaa3af33a77d17ec) Importer(2089858483,0ecaa5967403d082aa24f35e1b516d23)
Start importing Assets/Graphics/Surroundings/Medieval_Castle/Tiles/Tile Assets/damaged_brick_4.asset using Guid(e84dfbf770de2c74eaa3af33a77d17ec) Importer(2089858483,0ecaa5967403d082aa24f35e1b516d23) Generated GUIDs only implemented for interfaces!
 -> (artifact id: '52cdbd624835bb468c411bbfc8605c34') in 0.016082 seconds
Number of updated asset objects reloaded before import = 0
Number of asset objects unloaded after import = 3
========================================================================
Received Import Request.
  Time since last request: 0.000023 seconds.
  path: Assets/Graphics/Surroundings/Medieval_Castle/Tiles/Tile Assets/ceiling_3.asset
  artifactKey: Guid(e9a3bd5501e2ca94581f6d151db758b8) Importer(2089858483,0ecaa5967403d082aa24f35e1b516d23)
Start importing Assets/Graphics/Surroundings/Medieval_Castle/Tiles/Tile Assets/ceiling_3.asset using Guid(e9a3bd5501e2ca94581f6d151db758b8) Importer(2089858483,0ecaa5967403d082aa24f35e1b516d23) Generated GUIDs only implemented for interfaces!
 -> (artifact id: 'e76873758bc291cd097387ef1b55b8a2') in 0.015705 seconds
Number of updated asset objects reloaded before import = 0
Number of asset objects unloaded after import = 3
========================================================================
Received Import Request.
  Time since last request: 0.000013 seconds.
  path: Assets/Graphics/Surroundings/Medieval_Castle/Tiles/Tile Assets/floor_tile_carpet_transition_1.asset
  artifactKey: Guid(6c20524f5eaf68742b265232141c8034) Importer(2089858483,0ecaa5967403d082aa24f35e1b516d23)
Start importing Assets/Graphics/Surroundings/Medieval_Castle/Tiles/Tile Assets/floor_tile_carpet_transition_1.asset using Guid(6c20524f5eaf68742b265232141c8034) Importer(2089858483,0ecaa5967403d082aa24f35e1b516d23) Generated GUIDs only implemented for interfaces!
 -> (artifact id: '4185c8bcb288d696e0a3e12983dd2e69') in 0.016453 seconds
Number of updated asset objects reloaded before import = 0
Number of asset objects unloaded after import = 3
========================================================================
Received Import Request.
  Time since last request: 0.000019 seconds.
  path: Assets/Graphics/Surroundings/Medieval_Castle/Tiles/Tile Assets/lion_column_2.asset
  artifactKey: Guid(430b89d2ebac7f843b54243d82570531) Importer(2089858483,0ecaa5967403d082aa24f35e1b516d23)
Start importing Assets/Graphics/Surroundings/Medieval_Castle/Tiles/Tile Assets/lion_column_2.asset using Guid(430b89d2ebac7f843b54243d82570531) Importer(2089858483,0ecaa5967403d082aa24f35e1b516d23) Generated GUIDs only implemented for interfaces!
 -> (artifact id: '2ede89a3ba7757ef773b88ba2cc8b5e6') in 0.016619 seconds
Number of updated asset objects reloaded before import = 0
Number of asset objects unloaded after import = 3
========================================================================
Received Import Request.
  Time since last request: 0.000017 seconds.
  path: Assets/Graphics/Surroundings/Medieval_Castle/Tiles/Tile Assets/floor_tile_3.asset
  artifactKey: Guid(61b55ca6b70c73d41ac57cbbeacb0575) Importer(2089858483,0ecaa5967403d082aa24f35e1b516d23)
Start importing Assets/Graphics/Surroundings/Medieval_Castle/Tiles/Tile Assets/floor_tile_3.asset using Guid(61b55ca6b70c73d41ac57cbbeacb0575) Importer(2089858483,0ecaa5967403d082aa24f35e1b516d23) Generated GUIDs only implemented for interfaces!
 -> (artifact id: '094ea06720eb34f0f0dda85ce7443a55') in 0.016605 seconds
Number of updated asset objects reloaded before import = 0
Number of asset objects unloaded after import = 3
========================================================================
Received Import Request.
  Time since last request: 0.000014 seconds.
  path: Assets/Graphics/Surroundings/Medieval_Castle/Tiles/Tile Assets/floor_tile_carpet_2.asset
  artifactKey: Guid(ead986015de8a3d4587f4b0fdba325d4) Importer(2089858483,0ecaa5967403d082aa24f35e1b516d23)
Start importing Assets/Graphics/Surroundings/Medieval_Castle/Tiles/Tile Assets/floor_tile_carpet_2.asset using Guid(ead986015de8a3d4587f4b0fdba325d4) Importer(2089858483,0ecaa5967403d082aa24f35e1b516d23) Generated GUIDs only implemented for interfaces!
 -> (artifact id: '4f059b24f8d225d672458f0c0fed459e') in 0.015989 seconds
Number of updated asset objects reloaded before import = 0
Number of asset objects unloaded after import = 3
========================================================================
Received Import Request.
  Time since last request: 0.000018 seconds.
  path: Assets/Graphics/Surroundings/Medieval_Castle/Tiles/Tile Assets/floor_tile_wood_carpet_transition_2.asset
  artifactKey: Guid(aecf78587c9be7f4b84e234e0e2454a4) Importer(2089858483,0ecaa5967403d082aa24f35e1b516d23)
Start importing Assets/Graphics/Surroundings/Medieval_Castle/Tiles/Tile Assets/floor_tile_wood_carpet_transition_2.asset using Guid(aecf78587c9be7f4b84e234e0e2454a4) Importer(2089858483,0ecaa5967403d082aa24f35e1b516d23) Generated GUIDs only implemented for interfaces!
 -> (artifact id: '2e1192928830c93ccbd2519af17cdc17') in 0.016952 seconds
Number of updated asset objects reloaded before import = 0
Number of asset objects unloaded after import = 3
========================================================================
Received Import Request.
  Time since last request: 0.000021 seconds.
  path: Assets/Graphics/Surroundings/Medieval_Castle/Tiles/Tile Assets/floor_tile_carpet_corner_left.asset
  artifactKey: Guid(0370d0d61fea6ef41bb7ca1dfea07f1a) Importer(2089858483,0ecaa5967403d082aa24f35e1b516d23)
Start importing Assets/Graphics/Surroundings/Medieval_Castle/Tiles/Tile Assets/floor_tile_carpet_corner_left.asset using Guid(0370d0d61fea6ef41bb7ca1dfea07f1a) Importer(2089858483,0ecaa5967403d082aa24f35e1b516d23) Generated GUIDs only implemented for interfaces!
 -> (artifact id: '22e2a3a78425f81190a202ab84792287') in 0.025869 seconds
Number of updated asset objects reloaded before import = 0
Number of asset objects unloaded after import = 3
========================================================================
Received Import Request.
  Time since last request: 0.000019 seconds.
  path: Assets/Graphics/Surroundings/Medieval_Castle/Tiles/Tile Assets/floor_tile_carpet_3.asset
  artifactKey: Guid(c9d9da1d2823ea6469294fdac0cdd42c) Importer(2089858483,0ecaa5967403d082aa24f35e1b516d23)
Start importing Assets/Graphics/Surroundings/Medieval_Castle/Tiles/Tile Assets/floor_tile_carpet_3.asset using Guid(c9d9da1d2823ea6469294fdac0cdd42c) Importer(2089858483,0ecaa5967403d082aa24f35e1b516d23) Generated GUIDs only implemented for interfaces!
 -> (artifact id: '753646f7e8d26e561bf1ae335451f4f3') in 0.014916 seconds
Number of updated asset objects reloaded before import = 0
Number of asset objects unloaded after import = 3
========================================================================
Received Import Request.
  Time since last request: 0.000015 seconds.
  path: Assets/Graphics/Surroundings/Medieval_Castle/Tiles/floor_wood_carpet_4.png
  artifactKey: Guid(838e285c495df804797a20a6d6d966fe) Importer(2089858483,0ecaa5967403d082aa24f35e1b516d23)
Start importing Assets/Graphics/Surroundings/Medieval_Castle/Tiles/floor_wood_carpet_4.png using Guid(838e285c495df804797a20a6d6d966fe) Importer(2089858483,0ecaa5967403d082aa24f35e1b516d23) Generated GUIDs only implemented for interfaces!
 -> (artifact id: '51d5e0de04f51384a579e70359c73072') in 0.048939 seconds
Number of updated asset objects reloaded before import = 0
Number of asset objects unloaded after import = 3
========================================================================
Received Import Request.
  Time since last request: 0.000015 seconds.
  path: Assets/Graphics/Enemies/Night born/NightBorne_hurt.gif
  artifactKey: Guid(fafd6fddc84ac4e4fb6b366f664f2c4c) Importer(2089858483,0ecaa5967403d082aa24f35e1b516d23)
Start importing Assets/Graphics/Enemies/Night born/NightBorne_hurt.gif using Guid(fafd6fddc84ac4e4fb6b366f664f2c4c) Importer(2089858483,0ecaa5967403d082aa24f35e1b516d23) Generated GUIDs only implemented for interfaces!
 -> (artifact id: '508b751d04ef0448b86fe698264266b3') in 0.051325 seconds
Number of updated asset objects reloaded before import = 0
Number of asset objects unloaded after import = 3
========================================================================
Received Import Request.
  Time since last request: 0.000016 seconds.
  path: Assets/Scripts/Stats/PlayerStats.cs
  artifactKey: Guid(3b16ce086578e2a4b8584f6c57ae28a0) Importer(2089858483,0ecaa5967403d082aa24f35e1b516d23)
Start importing Assets/Scripts/Stats/PlayerStats.cs using Guid(3b16ce086578e2a4b8584f6c57ae28a0) Importer(2089858483,0ecaa5967403d082aa24f35e1b516d23) Generated GUIDs only implemented for interfaces!
 -> (artifact id: '55162831ce41efb41ad486528eb7f746') in 0.013560 seconds
Number of updated asset objects reloaded before import = 0
Number of asset objects unloaded after import = 1
========================================================================
Received Import Request.
  Time since last request: 0.000041 seconds.
  path: Assets/Scripts/UI/UI_StatToolTip.cs
  artifactKey: Guid(cfea5f1e6061a63468d50c0746602b8a) Importer(2089858483,0ecaa5967403d082aa24f35e1b516d23)
Start importing Assets/Scripts/UI/UI_StatToolTip.cs using Guid(cfea5f1e6061a63468d50c0746602b8a) Importer(2089858483,0ecaa5967403d082aa24f35e1b516d23) Generated GUIDs only implemented for interfaces!
 -> (artifact id: '4e7ee7d24ee08a0c98976b2453eeb825') in 0.011812 seconds
Number of updated asset objects reloaded before import = 0
Number of asset objects unloaded after import = 1
========================================================================
Received Import Request.
  Time since last request: 0.000020 seconds.
  path: Assets/Scripts/Player/PlayerAnimationTriggers.cs
  artifactKey: Guid(4873b5dc18a84374880fc9a2678bc92b) Importer(2089858483,0ecaa5967403d082aa24f35e1b516d23)
Start importing Assets/Scripts/Player/PlayerAnimationTriggers.cs using Guid(4873b5dc18a84374880fc9a2678bc92b) Importer(2089858483,0ecaa5967403d082aa24f35e1b516d23) Generated GUIDs only implemented for interfaces!
 -> (artifact id: 'efd37d578ad1b6e9f15b944ccda80fb9') in 0.014436 seconds
Number of updated asset objects reloaded before import = 0
Number of asset objects unloaded after import = 1
========================================================================
Received Import Request.
  Time since last request: 0.000037 seconds.
  path: Assets/TextMesh Pro/Shaders/TMP_SDF-Surface.shader
  artifactKey: Guid(f7ada0af4f174f0694ca6a487b8f543d) Importer(2089858483,0ecaa5967403d082aa24f35e1b516d23)
Start importing Assets/TextMesh Pro/Shaders/TMP_SDF-Surface.shader using Guid(f7ada0af4f174f0694ca6a487b8f543d) Importer(2089858483,0ecaa5967403d082aa24f35e1b516d23) Generated GUIDs only implemented for interfaces!
 -> (artifact id: '679cd431629e5289d5dd725ea9e00e6a') in 0.022053 seconds
Number of updated asset objects reloaded before import = 0
Number of asset objects unloaded after import = 1
========================================================================
Received Import Request.
  Time since last request: 0.000052 seconds.
  path: Assets/Data/Item Effects/Fire damage on hit buff.asset
  artifactKey: Guid(7bc16609a89bc434e990ea26d2d37c1e) Importer(2089858483,0ecaa5967403d082aa24f35e1b516d23)
Start importing Assets/Data/Item Effects/Fire damage on hit buff.asset using Guid(7bc16609a89bc434e990ea26d2d37c1e) Importer(2089858483,0ecaa5967403d082aa24f35e1b516d23) Generated GUIDs only implemented for interfaces!
 -> (artifact id: 'f7eceee440e5be6dbc8e3f2df53eae9f') in 0.015486 seconds
Number of updated asset objects reloaded before import = 0
Number of asset objects unloaded after import = 1
========================================================================
Received Import Request.
  Time since last request: 0.000026 seconds.
  path: Assets/Graphics/UI/UI_Green_Transperent.png
  artifactKey: Guid(288775d1aa25875418a3f3fd7acb01f5) Importer(2089858483,0ecaa5967403d082aa24f35e1b516d23)
Start importing Assets/Graphics/UI/UI_Green_Transperent.png using Guid(288775d1aa25875418a3f3fd7acb01f5) Importer(2089858483,0ecaa5967403d082aa24f35e1b516d23) Generated GUIDs only implemented for interfaces!
 -> (artifact id: '60001af38178c509fd87c3f1fc109812') in 0.073495 seconds
Number of updated asset objects reloaded before import = 0
Number of asset objects unloaded after import = 15
========================================================================
Received Import Request.
  Time since last request: 0.000018 seconds.
  path: Assets/TextMesh Pro/Shaders/TMP_SDF.shader
  artifactKey: Guid(68e6db2ebdc24f95958faec2be5558d6) Importer(2089858483,0ecaa5967403d082aa24f35e1b516d23)
Start importing Assets/TextMesh Pro/Shaders/TMP_SDF.shader using Guid(68e6db2ebdc24f95958faec2be5558d6) Importer(2089858483,0ecaa5967403d082aa24f35e1b516d23) Generated GUIDs only implemented for interfaces!
 -> (artifact id: 'e547e3e16015af868f3e85832fb2bdd7') in 0.016086 seconds
Number of updated asset objects reloaded before import = 0
Number of asset objects unloaded after import = 1
========================================================================
Received Import Request.
  Time since last request: 0.000017 seconds.
  path: Assets/Graphics/Surroundings/Medieval_Castle/Tiles/Tile Assets/wall_6.asset
  artifactKey: Guid(5abc32a0eedadc3439d65c128f473756) Importer(2089858483,0ecaa5967403d082aa24f35e1b516d23)
Start importing Assets/Graphics/Surroundings/Medieval_Castle/Tiles/Tile Assets/wall_6.asset using Guid(5abc32a0eedadc3439d65c128f473756) Importer(2089858483,0ecaa5967403d082aa24f35e1b516d23) Generated GUIDs only implemented for interfaces!
 -> (artifact id: '014858fc72a8f70e1451745a6c45032f') in 0.027046 seconds
Number of updated asset objects reloaded before import = 0
Number of asset objects unloaded after import = 3
========================================================================
Received Import Request.
  Time since last request: 0.000021 seconds.
  path: Assets/Scripts/LostCurrencyController.cs
  artifactKey: Guid(e1f3b42a358c23b4f9a637d0e2d34711) Importer(2089858483,0ecaa5967403d082aa24f35e1b516d23)
Start importing Assets/Scripts/LostCurrencyController.cs using Guid(e1f3b42a358c23b4f9a637d0e2d34711) Importer(2089858483,0ecaa5967403d082aa24f35e1b516d23) Generated GUIDs only implemented for interfaces!
 -> (artifact id: 'eda8b45d664f12d027d428659011e824') in 0.016089 seconds
Number of updated asset objects reloaded before import = 0
Number of asset objects unloaded after import = 1
========================================================================
Received Import Request.
  Time since last request: 0.000026 seconds.
  path: Assets/Graphics/Surroundings/Medieval_Castle/Decorations/Animated Decorations/candle_2/candle_2_2.png
  artifactKey: Guid(02cce05c8871fbe4aafad09a276edc59) Importer(2089858483,0ecaa5967403d082aa24f35e1b516d23)
Start importing Assets/Graphics/Surroundings/Medieval_Castle/Decorations/Animated Decorations/candle_2/candle_2_2.png using Guid(02cce05c8871fbe4aafad09a276edc59) Importer(2089858483,0ecaa5967403d082aa24f35e1b516d23) Generated GUIDs only implemented for interfaces!
 -> (artifact id: '1061e12b025e2ccbd5377a6cb8cf0788') in 0.048761 seconds
Number of updated asset objects reloaded before import = 0
Number of asset objects unloaded after import = 3
========================================================================
Received Import Request.
  Time since last request: 0.000018 seconds.
  path: Assets/Graphics/Surroundings/Medieval_Castle/Decorations/Animated Decorations/candle_2/candle_2_1.png
  artifactKey: Guid(f7f81e59bacd83d439b1800fb2fde395) Importer(2089858483,0ecaa5967403d082aa24f35e1b516d23)
Start importing Assets/Graphics/Surroundings/Medieval_Castle/Decorations/Animated Decorations/candle_2/candle_2_1.png using Guid(f7f81e59bacd83d439b1800fb2fde395) Importer(2089858483,0ecaa5967403d082aa24f35e1b516d23) Generated GUIDs only implemented for interfaces!
 -> (artifact id: '002bf8c03bf3a2c324857a04305c82f6') in 0.044959 seconds
Number of updated asset objects reloaded before import = 0
Number of asset objects unloaded after import = 3
========================================================================
Received Import Request.
  Time since last request: 0.000025 seconds.
  path: Assets/Graphics/Surroundings/Medieval_Castle/Tiles/Tile Assets/window_big_6.asset
  artifactKey: Guid(aef51fe620a77fa47b30a169dfff1daf) Importer(2089858483,0ecaa5967403d082aa24f35e1b516d23)
Start importing Assets/Graphics/Surroundings/Medieval_Castle/Tiles/Tile Assets/window_big_6.asset using Guid(aef51fe620a77fa47b30a169dfff1daf) Importer(2089858483,0ecaa5967403d082aa24f35e1b516d23) Generated GUIDs only implemented for interfaces!
 -> (artifact id: '8715178b1714c7d019a94ed09cdbfdb8') in 0.017118 seconds
Number of updated asset objects reloaded before import = 0
Number of asset objects unloaded after import = 3
========================================================================
Received Import Request.
  Time since last request: 0.000013 seconds.
  path: Assets/Graphics/Surroundings/Medieval_Castle/Tiles/Tile Assets/window_big_5.asset
  artifactKey: Guid(dd486a61cfc32a04594a632e60d1cb18) Importer(2089858483,0ecaa5967403d082aa24f35e1b516d23)
Start importing Assets/Graphics/Surroundings/Medieval_Castle/Tiles/Tile Assets/window_big_5.asset using Guid(dd486a61cfc32a04594a632e60d1cb18) Importer(2089858483,0ecaa5967403d082aa24f35e1b516d23) Generated GUIDs only implemented for interfaces!
 -> (artifact id: '4f8dd1f43b6143e36b58d8ba23375817') in 0.015285 seconds
Number of updated asset objects reloaded before import = 0
Number of asset objects unloaded after import = 3
========================================================================
Received Import Request.
  Time since last request: 0.000017 seconds.
  path: Assets/Graphics/Surroundings/Medieval_Castle/Tiles/Tile Assets/lion_column_6.asset
  artifactKey: Guid(a9628d2d48cb49e408230a6abc441538) Importer(2089858483,0ecaa5967403d082aa24f35e1b516d23)
Start importing Assets/Graphics/Surroundings/Medieval_Castle/Tiles/Tile Assets/lion_column_6.asset using Guid(a9628d2d48cb49e408230a6abc441538) Importer(2089858483,0ecaa5967403d082aa24f35e1b516d23) Generated GUIDs only implemented for interfaces!
 -> (artifact id: '5724ff1e58aa09d241f9863e832d2223') in 0.017386 seconds
Number of updated asset objects reloaded before import = 0
Number of asset objects unloaded after import = 3
========================================================================
Received Import Request.
  Time since last request: 0.000017 seconds.
  path: Assets/Graphics/Surroundings/Medieval_Castle/Decorations/Animated Decorations/candelabrum_tall/candelabrum_tall_nofire.png
  artifactKey: Guid(b734e413e9459164fbe133e972afe8bd) Importer(2089858483,0ecaa5967403d082aa24f35e1b516d23)
Start importing Assets/Graphics/Surroundings/Medieval_Castle/Decorations/Animated Decorations/candelabrum_tall/candelabrum_tall_nofire.png using Guid(b734e413e9459164fbe133e972afe8bd) Importer(2089858483,0ecaa5967403d082aa24f35e1b516d23) Generated GUIDs only implemented for interfaces!
 -> (artifact id: '2a23843df9a8fd7fc6135f5b47a85ab9') in 0.047425 seconds
Number of updated asset objects reloaded before import = 0
Number of asset objects unloaded after import = 3
========================================================================
Received Import Request.
  Time since last request: 0.000013 seconds.
  path: Assets/Graphics/Surroundings/Medieval_Castle/Decorations/Animated Decorations/candelabrum_small/candelabrum_small_3.png
  artifactKey: Guid(48fd5ac3165c15a4f814cdb57e1b64a6) Importer(2089858483,0ecaa5967403d082aa24f35e1b516d23)
Start importing Assets/Graphics/Surroundings/Medieval_Castle/Decorations/Animated Decorations/candelabrum_small/candelabrum_small_3.png using Guid(48fd5ac3165c15a4f814cdb57e1b64a6) Importer(2089858483,0ecaa5967403d082aa24f35e1b516d23) Generated GUIDs only implemented for interfaces!
 -> (artifact id: '6749cfc6d825013ad3a7939e47ce40dc') in 0.048158 seconds
Number of updated asset objects reloaded before import = 0
Number of asset objects unloaded after import = 3
========================================================================
Received Import Request.
  Time since last request: 0.000014 seconds.
  path: Assets/Graphics/Surroundings/Medieval_Castle/Tiles/Tile Assets/merlons_4.asset
  artifactKey: Guid(7b873b0fb8cefdd44887909c261955a6) Importer(2089858483,0ecaa5967403d082aa24f35e1b516d23)
Start importing Assets/Graphics/Surroundings/Medieval_Castle/Tiles/Tile Assets/merlons_4.asset using Guid(7b873b0fb8cefdd44887909c261955a6) Importer(2089858483,0ecaa5967403d082aa24f35e1b516d23) Generated GUIDs only implemented for interfaces!
 -> (artifact id: 'e6a939ee76265c96e16b54174756c960') in 0.014339 seconds
Number of updated asset objects reloaded before import = 0
Number of asset objects unloaded after import = 3
========================================================================
Received Import Request.
  Time since last request: 0.000021 seconds.
  path: Assets/Graphics/Surroundings/Medieval_Castle/Tiles/Tile Assets/window_glass_tall_3.asset
  artifactKey: Guid(f402d277fba71b44d8b5d3d411bd87d0) Importer(2089858483,0ecaa5967403d082aa24f35e1b516d23)
Start importing Assets/Graphics/Surroundings/Medieval_Castle/Tiles/Tile Assets/window_glass_tall_3.asset using Guid(f402d277fba71b44d8b5d3d411bd87d0) Importer(2089858483,0ecaa5967403d082aa24f35e1b516d23) Generated GUIDs only implemented for interfaces!
 -> (artifact id: '07bea1775c79ed081a2f2100f7a02a41') in 0.013672 seconds
Number of updated asset objects reloaded before import = 0
Number of asset objects unloaded after import = 3
========================================================================
Received Import Request.
  Time since last request: 0.000015 seconds.
  path: Assets/Graphics/Surroundings/Medieval_Castle/Decorations/Animated Decorations/candelabrum_small/candelabrum_small_6.png
  artifactKey: Guid(4764b71b9241bc34caec4a626d9257f8) Importer(2089858483,0ecaa5967403d082aa24f35e1b516d23)
Start importing Assets/Graphics/Surroundings/Medieval_Castle/Decorations/Animated Decorations/candelabrum_small/candelabrum_small_6.png using Guid(4764b71b9241bc34caec4a626d9257f8) Importer(2089858483,0ecaa5967403d082aa24f35e1b516d23) Generated GUIDs only implemented for interfaces!
 -> (artifact id: 'ae7a70884a96c64100cc0a5514eab151') in 0.045590 seconds
Number of updated asset objects reloaded before import = 0
Number of asset objects unloaded after import = 3
========================================================================
Received Import Request.
  Time since last request: 0.000018 seconds.
  path: Assets/Graphics/Surroundings/Medieval_Castle/Tiles/Tile Assets/wall_5.asset
  artifactKey: Guid(fe275503e212f224b83b065c53eddc03) Importer(2089858483,0ecaa5967403d082aa24f35e1b516d23)
Start importing Assets/Graphics/Surroundings/Medieval_Castle/Tiles/Tile Assets/wall_5.asset using Guid(fe275503e212f224b83b065c53eddc03) Importer(2089858483,0ecaa5967403d082aa24f35e1b516d23) Generated GUIDs only implemented for interfaces!
 -> (artifact id: '769496df21e548d52e178494294b757f') in 0.014880 seconds
Number of updated asset objects reloaded before import = 0
Number of asset objects unloaded after import = 3
========================================================================
Received Import Request.
  Time since last request: 0.000023 seconds.
  path: Assets/Graphics/Surroundings/Medieval_Castle/Decorations/Animated Decorations/candelabrum_tall/candelabrum_tall_6.png
  artifactKey: Guid(3974f5f2313e81646945f8bdf76f688d) Importer(2089858483,0ecaa5967403d082aa24f35e1b516d23)
Start importing Assets/Graphics/Surroundings/Medieval_Castle/Decorations/Animated Decorations/candelabrum_tall/candelabrum_tall_6.png using Guid(3974f5f2313e81646945f8bdf76f688d) Importer(2089858483,0ecaa5967403d082aa24f35e1b516d23) Generated GUIDs only implemented for interfaces!
 -> (artifact id: 'b89df7aba24d9b9954a0b55fa6f876bb') in 0.040398 seconds
Number of updated asset objects reloaded before import = 0
Number of asset objects unloaded after import = 3
========================================================================
Received Import Request.
  Time since last request: 0.000014 seconds.
  path: Assets/Graphics/Surroundings/Medieval_Castle/Tiles/Tile Assets/window_tall_3.asset
  artifactKey: Guid(0bd78d2976aaab2448009a1cd94ee03f) Importer(2089858483,0ecaa5967403d082aa24f35e1b516d23)
Start importing Assets/Graphics/Surroundings/Medieval_Castle/Tiles/Tile Assets/window_tall_3.asset using Guid(0bd78d2976aaab2448009a1cd94ee03f) Importer(2089858483,0ecaa5967403d082aa24f35e1b516d23) Generated GUIDs only implemented for interfaces!
 -> (artifact id: 'e4073cfea12d49768e7978d5435b85d7') in 0.015417 seconds
Number of updated asset objects reloaded before import = 0
Number of asset objects unloaded after import = 3
========================================================================
Received Import Request.
  Time since last request: 0.000018 seconds.
  path: Assets/Graphics/Surroundings/Medieval_Castle/Tiles/Tile Assets/tile_side_right.asset
  artifactKey: Guid(6006c0c10ebec7e448d5fd8ba3c14227) Importer(2089858483,0ecaa5967403d082aa24f35e1b516d23)
Start importing Assets/Graphics/Surroundings/Medieval_Castle/Tiles/Tile Assets/tile_side_right.asset using Guid(6006c0c10ebec7e448d5fd8ba3c14227) Importer(2089858483,0ecaa5967403d082aa24f35e1b516d23) Generated GUIDs only implemented for interfaces!
 -> (artifact id: 'dd4879c62ffa9e3fd6a39673adc3e1c2') in 0.014596 seconds
Number of updated asset objects reloaded before import = 0
Number of asset objects unloaded after import = 3
========================================================================
Received Import Request.
  Time since last request: 0.000019 seconds.
  path: Assets/Graphics/Surroundings/Medieval_Castle/Tiles/Tile Assets/wall_16.asset
  artifactKey: Guid(4ca4f6096daf8bf41ae480c0cba28225) Importer(2089858483,0ecaa5967403d082aa24f35e1b516d23)
Start importing Assets/Graphics/Surroundings/Medieval_Castle/Tiles/Tile Assets/wall_16.asset using Guid(4ca4f6096daf8bf41ae480c0cba28225) Importer(2089858483,0ecaa5967403d082aa24f35e1b516d23) Generated GUIDs only implemented for interfaces!
 -> (artifact id: 'b9eaf64aa1faa716cd2fff99c197e6e5') in 0.015639 seconds
Number of updated asset objects reloaded before import = 0
Number of asset objects unloaded after import = 3
========================================================================
Received Import Request.
  Time since last request: 0.000013 seconds.
  path: Assets/Graphics/Surroundings/Medieval_Castle/Decorations/Animated Decorations/candelabrum_small/candelabrum_small_2.png
  artifactKey: Guid(6313ae3dba5dd7f47bc1c7b5113785fb) Importer(2089858483,0ecaa5967403d082aa24f35e1b516d23)
Start importing Assets/Graphics/Surroundings/Medieval_Castle/Decorations/Animated Decorations/candelabrum_small/candelabrum_small_2.png using Guid(6313ae3dba5dd7f47bc1c7b5113785fb) Importer(2089858483,0ecaa5967403d082aa24f35e1b516d23) Generated GUIDs only implemented for interfaces!
 -> (artifact id: '85996374a170a46b069dd94f7f99dd96') in 0.059518 seconds
Number of updated asset objects reloaded before import = 0
Number of asset objects unloaded after import = 3
========================================================================
Received Import Request.
  Time since last request: 0.000014 seconds.
  path: Assets/Graphics/Surroundings/Medieval_Castle/Decorations/Animated Decorations/candle_blue_3/candle_blue_3_3.png
  artifactKey: Guid(e462df535ecfb4f4f819023a3e7982e1) Importer(2089858483,0ecaa5967403d082aa24f35e1b516d23)
Start importing Assets/Graphics/Surroundings/Medieval_Castle/Decorations/Animated Decorations/candle_blue_3/candle_blue_3_3.png using Guid(e462df535ecfb4f4f819023a3e7982e1) Importer(2089858483,0ecaa5967403d082aa24f35e1b516d23) Generated GUIDs only implemented for interfaces!
 -> (artifact id: 'c2b3c7168c18024ff6f79237254c32d7') in 0.048673 seconds
Number of updated asset objects reloaded before import = 0
Number of asset objects unloaded after import = 3
========================================================================
Received Import Request.
  Time since last request: 0.000017 seconds.
  path: Assets/Graphics/Surroundings/Medieval_Castle/Decorations/Animated Decorations/candle_blue_3/candle_blue_3_1.png
  artifactKey: Guid(6ab9e07eeb3f6db489bb165a89d8bc0d) Importer(2089858483,0ecaa5967403d082aa24f35e1b516d23)
Start importing Assets/Graphics/Surroundings/Medieval_Castle/Decorations/Animated Decorations/candle_blue_3/candle_blue_3_1.png using Guid(6ab9e07eeb3f6db489bb165a89d8bc0d) Importer(2089858483,0ecaa5967403d082aa24f35e1b516d23) Generated GUIDs only implemented for interfaces!
 -> (artifact id: 'f2f3f78566c29f6e30f423736dd80401') in 0.049266 seconds
Number of updated asset objects reloaded before import = 0
Number of asset objects unloaded after import = 3
========================================================================
Received Import Request.
  Time since last request: 0.000019 seconds.
  path: Assets/Graphics/Surroundings/Medieval_Castle/Decorations/Animated Decorations/lever_floor/lever_floor_3.png
  artifactKey: Guid(e0c3c949731d2e542a0fac1842c7205c) Importer(2089858483,0ecaa5967403d082aa24f35e1b516d23)
Start importing Assets/Graphics/Surroundings/Medieval_Castle/Decorations/Animated Decorations/lever_floor/lever_floor_3.png using Guid(e0c3c949731d2e542a0fac1842c7205c) Importer(2089858483,0ecaa5967403d082aa24f35e1b516d23) Generated GUIDs only implemented for interfaces!
 -> (artifact id: 'f612f0d58ad058d98c42ec4ac96c97d0') in 0.049684 seconds
Number of updated asset objects reloaded before import = 0
Number of asset objects unloaded after import = 3
========================================================================
Received Import Request.
  Time since last request: 0.000022 seconds.
  path: Assets/Graphics/Surroundings/Medieval_Castle/Decorations/Animated Decorations/lever_wall/lever_wall_5.png
  artifactKey: Guid(e49db476b6eb4624a82e6f8945923073) Importer(2089858483,0ecaa5967403d082aa24f35e1b516d23)
Start importing Assets/Graphics/Surroundings/Medieval_Castle/Decorations/Animated Decorations/lever_wall/lever_wall_5.png using Guid(e49db476b6eb4624a82e6f8945923073) Importer(2089858483,0ecaa5967403d082aa24f35e1b516d23) Generated GUIDs only implemented for interfaces!
 -> (artifact id: 'e50af676b9fd1868e2d2af68519a53ac') in 0.045610 seconds
Number of updated asset objects reloaded before import = 0
Number of asset objects unloaded after import = 3
========================================================================
Received Import Request.
  Time since last request: 0.000020 seconds.
  path: Assets/Graphics/Surroundings/Medieval_Castle/Decorations/Animated Decorations/chest/chest_4.png
  artifactKey: Guid(5ab11f6985007ab48af9e2235d276da1) Importer(2089858483,0ecaa5967403d082aa24f35e1b516d23)
Start importing Assets/Graphics/Surroundings/Medieval_Castle/Decorations/Animated Decorations/chest/chest_4.png using Guid(5ab11f6985007ab48af9e2235d276da1) Importer(2089858483,0ecaa5967403d082aa24f35e1b516d23) Generated GUIDs only implemented for interfaces!
 -> (artifact id: '4559509459809c301f2968d847026895') in 0.049242 seconds
Number of updated asset objects reloaded before import = 0
Number of asset objects unloaded after import = 3
========================================================================
Received Import Request.
  Time since last request: 0.000018 seconds.
  path: Assets/Graphics/Surroundings/Medieval_Castle/Decorations/Animated Decorations/candle_blue_3/candle_blue_3_4.png
  artifactKey: Guid(4715c7edca6909241898a9dff6f5903f) Importer(2089858483,0ecaa5967403d082aa24f35e1b516d23)
Start importing Assets/Graphics/Surroundings/Medieval_Castle/Decorations/Animated Decorations/candle_blue_3/candle_blue_3_4.png using Guid(4715c7edca6909241898a9dff6f5903f) Importer(2089858483,0ecaa5967403d082aa24f35e1b516d23) Generated GUIDs only implemented for interfaces!
 -> (artifact id: 'e59b19b3ef6402cfc5e2d1a04eb2ae5d') in 0.047734 seconds
Number of updated asset objects reloaded before import = 0
Number of asset objects unloaded after import = 3
========================================================================
Received Import Request.
  Time since last request: 0.000019 seconds.
  path: Assets/Graphics/Surroundings/Medieval_Castle/Decorations/Animated Decorations/lever_floor/lever_floor_5.png
  artifactKey: Guid(997bb896e4dc0b14584a8ec877fe9aa0) Importer(2089858483,0ecaa5967403d082aa24f35e1b516d23)
Start importing Assets/Graphics/Surroundings/Medieval_Castle/Decorations/Animated Decorations/lever_floor/lever_floor_5.png using Guid(997bb896e4dc0b14584a8ec877fe9aa0) Importer(2089858483,0ecaa5967403d082aa24f35e1b516d23) Generated GUIDs only implemented for interfaces!
 -> (artifact id: '5d84ca08d117116df63fdeb86c9e08fa') in 0.050015 seconds
Number of updated asset objects reloaded before import = 0
Number of asset objects unloaded after import = 3
========================================================================
Received Import Request.
  Time since last request: 0.000016 seconds.
  path: Assets/Graphics/Surroundings/Medieval_Castle/Decorations/Animated Decorations/candle_3/candle_3_1.png
  artifactKey: Guid(206f9fcaccb153542b2fa4c1e47a0ae8) Importer(2089858483,0ecaa5967403d082aa24f35e1b516d23)
Start importing Assets/Graphics/Surroundings/Medieval_Castle/Decorations/Animated Decorations/candle_3/candle_3_1.png using Guid(206f9fcaccb153542b2fa4c1e47a0ae8) Importer(2089858483,0ecaa5967403d082aa24f35e1b516d23) Generated GUIDs only implemented for interfaces!
 -> (artifact id: '9055b5f3f88fd993fdf404fdf2ce72f8') in 0.049132 seconds
Number of updated asset objects reloaded before import = 0
Number of asset objects unloaded after import = 3
========================================================================
Received Import Request.
  Time since last request: 0.000015 seconds.
  path: Assets/Graphics/Surroundings/Medieval_Castle/Decorations/Animated Decorations/candle_blue_1/candle_blue_1_1.png
  artifactKey: Guid(987ead6526d03d94db9bb1575d97f855) Importer(2089858483,0ecaa5967403d082aa24f35e1b516d23)
Start importing Assets/Graphics/Surroundings/Medieval_Castle/Decorations/Animated Decorations/candle_blue_1/candle_blue_1_1.png using Guid(987ead6526d03d94db9bb1575d97f855) Importer(2089858483,0ecaa5967403d082aa24f35e1b516d23) Generated GUIDs only implemented for interfaces!
 -> (artifact id: 'd50ea7d7dff501f9664135ac3454940f') in 0.050485 seconds
Number of updated asset objects reloaded before import = 0
Number of asset objects unloaded after import = 3
========================================================================
Received Import Request.
  Time since last request: 0.000022 seconds.
  path: Assets/Graphics/Surroundings/Medieval_Castle/Decorations/Animated Decorations/candle_blue_2/candle_blue_2_4.png
  artifactKey: Guid(6d7f9a9a63a4dbb498aa7d3be5451039) Importer(2089858483,0ecaa5967403d082aa24f35e1b516d23)
Start importing Assets/Graphics/Surroundings/Medieval_Castle/Decorations/Animated Decorations/candle_blue_2/candle_blue_2_4.png using Guid(6d7f9a9a63a4dbb498aa7d3be5451039) Importer(2089858483,0ecaa5967403d082aa24f35e1b516d23) Generated GUIDs only implemented for interfaces!
 -> (artifact id: '72a8ed3967ebd8117dc85f46ace7669a') in 0.049287 seconds
Number of updated asset objects reloaded before import = 0
Number of asset objects unloaded after import = 3
========================================================================
Received Import Request.
  Time since last request: 0.000015 seconds.
  path: Assets/Graphics/Surroundings/Medieval_Castle/Decorations/Animated Decorations/torch_big_blue/torch_big_blue_background.png
  artifactKey: Guid(40c67e6d580150545bc880112325f631) Importer(2089858483,0ecaa5967403d082aa24f35e1b516d23)
Start importing Assets/Graphics/Surroundings/Medieval_Castle/Decorations/Animated Decorations/torch_big_blue/torch_big_blue_background.png using Guid(40c67e6d580150545bc880112325f631) Importer(2089858483,0ecaa5967403d082aa24f35e1b516d23) Generated GUIDs only implemented for interfaces!
 -> (artifact id: 'c24642d4ad4d76e24f280aaab98cb40e') in 0.057896 seconds
Number of updated asset objects reloaded before import = 0
Number of asset objects unloaded after import = 3
========================================================================
Received Import Request.
  Time since last request: 0.000016 seconds.
  path: Assets/Graphics/Surroundings/Medieval_Castle/Decorations/Animated Decorations/torch_small/torch_small_background.png
  artifactKey: Guid(170348c2e0df403449a55d17ba9ff19f) Importer(2089858483,0ecaa5967403d082aa24f35e1b516d23)
Start importing Assets/Graphics/Surroundings/Medieval_Castle/Decorations/Animated Decorations/torch_small/torch_small_background.png using Guid(170348c2e0df403449a55d17ba9ff19f) Importer(2089858483,0ecaa5967403d082aa24f35e1b516d23) Generated GUIDs only implemented for interfaces!
 -> (artifact id: 'a0f3b46235afe91cf953354109e44822') in 0.077285 seconds
Number of updated asset objects reloaded before import = 0
Number of asset objects unloaded after import = 3
========================================================================
Received Import Request.
  Time since last request: 0.000017 seconds.
  path: Assets/Graphics/Surroundings/Medieval_Castle/Decorations/Animated Decorations/torch_big/torch_big_background.png
  artifactKey: Guid(beb120e3af99425478b5ff3cfbdef2ec) Importer(2089858483,0ecaa5967403d082aa24f35e1b516d23)
Start importing Assets/Graphics/Surroundings/Medieval_Castle/Decorations/Animated Decorations/torch_big/torch_big_background.png using Guid(beb120e3af99425478b5ff3cfbdef2ec) Importer(2089858483,0ecaa5967403d082aa24f35e1b516d23) Generated GUIDs only implemented for interfaces!
 -> (artifact id: '741706d1a433b229ac43f649b9d26910') in 0.049453 seconds
Number of updated asset objects reloaded before import = 0
Number of asset objects unloaded after import = 3
========================================================================
Received Import Request.
  Time since last request: 0.000022 seconds.
  path: Assets/Graphics/Surroundings/Medieval_Castle/Decorations/Animated Decorations/candle_blue_2/candle_blue_2_6.png
  artifactKey: Guid(0b8f9169ffe35a84d9b9a25dfeaac363) Importer(2089858483,0ecaa5967403d082aa24f35e1b516d23)
Start importing Assets/Graphics/Surroundings/Medieval_Castle/Decorations/Animated Decorations/candle_blue_2/candle_blue_2_6.png using Guid(0b8f9169ffe35a84d9b9a25dfeaac363) Importer(2089858483,0ecaa5967403d082aa24f35e1b516d23) Generated GUIDs only implemented for interfaces!
 -> (artifact id: '7d21afbda00fef61a7afa6a17a53b0ce') in 0.051051 seconds
Number of updated asset objects reloaded before import = 0
Number of asset objects unloaded after import = 3
========================================================================
Received Import Request.
  Time since last request: 0.000027 seconds.
  path: Assets/Graphics/Surroundings/Medieval_Castle/Decorations/Animated Decorations/torch_small/torch_small_2.png
  artifactKey: Guid(1f82278853185914cae993f04e536d98) Importer(2089858483,0ecaa5967403d082aa24f35e1b516d23)
Start importing Assets/Graphics/Surroundings/Medieval_Castle/Decorations/Animated Decorations/torch_small/torch_small_2.png using Guid(1f82278853185914cae993f04e536d98) Importer(2089858483,0ecaa5967403d082aa24f35e1b516d23) Generated GUIDs only implemented for interfaces!
 -> (artifact id: '1c9da1ec33466c20cf8471b4fcf2d88c') in 0.046560 seconds
Number of updated asset objects reloaded before import = 0
Number of asset objects unloaded after import = 3
========================================================================
Received Import Request.
  Time since last request: 0.000016 seconds.
  path: Assets/Graphics/Surroundings/Medieval_Castle/Decorations/Animated Decorations/torch_small_blue/torch_small_blue_6.png
  artifactKey: Guid(916f03c32e7c28148b33e1fa34974625) Importer(2089858483,0ecaa5967403d082aa24f35e1b516d23)
Start importing Assets/Graphics/Surroundings/Medieval_Castle/Decorations/Animated Decorations/torch_small_blue/torch_small_blue_6.png using Guid(916f03c32e7c28148b33e1fa34974625) Importer(2089858483,0ecaa5967403d082aa24f35e1b516d23) Generated GUIDs only implemented for interfaces!
 -> (artifact id: '34c734beee08c3b21060e9e6ec2d7e92') in 0.049507 seconds
Number of updated asset objects reloaded before import = 0
Number of asset objects unloaded after import = 3
========================================================================
Received Import Request.
  Time since last request: 0.000016 seconds.
  path: Assets/Graphics/Surroundings/Medieval_Castle/Decorations/Animated Decorations/candle_blue_1/candle_blue_1_6.png
  artifactKey: Guid(d45bd04c9d706144a8fedc5a733896bf) Importer(2089858483,0ecaa5967403d082aa24f35e1b516d23)
Start importing Assets/Graphics/Surroundings/Medieval_Castle/Decorations/Animated Decorations/candle_blue_1/candle_blue_1_6.png using Guid(d45bd04c9d706144a8fedc5a733896bf) Importer(2089858483,0ecaa5967403d082aa24f35e1b516d23) Generated GUIDs only implemented for interfaces!
 -> (artifact id: 'de91740927f0c00e6bb9af888431b3fe') in 0.051691 seconds
Number of updated asset objects reloaded before import = 0
Number of asset objects unloaded after import = 3
========================================================================
Received Import Request.
  Time since last request: 0.000014 seconds.
  path: Assets/Graphics/Surroundings/Medieval_Castle/Decorations/Animated Decorations/candle_blue_3/candle_blue_3_6.png
  artifactKey: Guid(00e2be4c6f322ba4980b02762c2f0116) Importer(2089858483,0ecaa5967403d082aa24f35e1b516d23)
Start importing Assets/Graphics/Surroundings/Medieval_Castle/Decorations/Animated Decorations/candle_blue_3/candle_blue_3_6.png using Guid(00e2be4c6f322ba4980b02762c2f0116) Importer(2089858483,0ecaa5967403d082aa24f35e1b516d23) Generated GUIDs only implemented for interfaces!
 -> (artifact id: '894dde1206ff7d3ae897b68235243249') in 0.052116 seconds
Number of updated asset objects reloaded before import = 0
Number of asset objects unloaded after import = 3
========================================================================
Received Import Request.
  Time since last request: 0.000016 seconds.
  path: Assets/Graphics/Surroundings/Medieval_Castle/Decorations/Animated Decorations/torch_small_blue/torch_small_blue_1.png
  artifactKey: Guid(e0d6cd20458b11d44b08af3d5ed60b4b) Importer(2089858483,0ecaa5967403d082aa24f35e1b516d23)
Start importing Assets/Graphics/Surroundings/Medieval_Castle/Decorations/Animated Decorations/torch_small_blue/torch_small_blue_1.png using Guid(e0d6cd20458b11d44b08af3d5ed60b4b) Importer(2089858483,0ecaa5967403d082aa24f35e1b516d23) Generated GUIDs only implemented for interfaces!
 -> (artifact id: 'd17c511b73986666a38b1d7155629961') in 0.048372 seconds
Number of updated asset objects reloaded before import = 0
Number of asset objects unloaded after import = 3
========================================================================
Received Import Request.
  Time since last request: 0.000018 seconds.
  path: Assets/Graphics/Surroundings/Medieval_Castle/Decorations/Animated Decorations/torch_small/torch_small_5.png
  artifactKey: Guid(0ad715a5bb4cd32408c581bf52141a5d) Importer(2089858483,0ecaa5967403d082aa24f35e1b516d23)
Start importing Assets/Graphics/Surroundings/Medieval_Castle/Decorations/Animated Decorations/torch_small/torch_small_5.png using Guid(0ad715a5bb4cd32408c581bf52141a5d) Importer(2089858483,0ecaa5967403d082aa24f35e1b516d23) Generated GUIDs only implemented for interfaces!
 -> (artifact id: '7182dfd9a20f13ae4b35ab8bba9f17cf') in 0.048975 seconds
Number of updated asset objects reloaded before import = 0
Number of asset objects unloaded after import = 3
========================================================================
Received Import Request.
  Time since last request: 0.000026 seconds.
  path: Assets/Graphics/Surroundings/Medieval_Castle/Decorations/Animated Decorations/candle_2/candle_2_6.png
  artifactKey: Guid(b11feed397355aa4b9d729abb1595b24) Importer(2089858483,0ecaa5967403d082aa24f35e1b516d23)
Start importing Assets/Graphics/Surroundings/Medieval_Castle/Decorations/Animated Decorations/candle_2/candle_2_6.png using Guid(b11feed397355aa4b9d729abb1595b24) Importer(2089858483,0ecaa5967403d082aa24f35e1b516d23) Generated GUIDs only implemented for interfaces!
 -> (artifact id: 'f6a7a43b05b3d5a1e0338128f7945c60') in 0.046658 seconds
Number of updated asset objects reloaded before import = 0
Number of asset objects unloaded after import = 3
========================================================================
Received Import Request.
  Time since last request: 0.000020 seconds.
  path: Assets/Graphics/Surroundings/Medieval_Castle/Decorations/Animated Decorations/lever_floor/lever_floor_7.png
  artifactKey: Guid(de618d9c243e10341950b0c355439d4f) Importer(2089858483,0ecaa5967403d082aa24f35e1b516d23)
Start importing Assets/Graphics/Surroundings/Medieval_Castle/Decorations/Animated Decorations/lever_floor/lever_floor_7.png using Guid(de618d9c243e10341950b0c355439d4f) Importer(2089858483,0ecaa5967403d082aa24f35e1b516d23) Generated GUIDs only implemented for interfaces!
 -> (artifact id: 'c7b0f204c43a088af3dba67ef7b915bc') in 0.046354 seconds
Number of updated asset objects reloaded before import = 0
Number of asset objects unloaded after import = 3
========================================================================
Received Import Request.
  Time since last request: 0.000013 seconds.
  path: Assets/Graphics/Surroundings/Medieval_Castle/Decorations/Animated Decorations/torch_small_blue/torch_small_blue_4.png
  artifactKey: Guid(dcf53bfd419db5b42beb42c42bb527fe) Importer(2089858483,0ecaa5967403d082aa24f35e1b516d23)
Start importing Assets/Graphics/Surroundings/Medieval_Castle/Decorations/Animated Decorations/torch_small_blue/torch_small_blue_4.png using Guid(dcf53bfd419db5b42beb42c42bb527fe) Importer(2089858483,0ecaa5967403d082aa24f35e1b516d23) Generated GUIDs only implemented for interfaces!
 -> (artifact id: 'd9836033ceb1ba0b58a207abaa459601') in 0.047117 seconds
Number of updated asset objects reloaded before import = 0
Number of asset objects unloaded after import = 3
========================================================================
Received Import Request.
  Time since last request: 0.000020 seconds.
  path: Assets/Graphics/Surroundings/Medieval_Castle/Decorations/Animated Decorations/candle_blue_3/candle_blue_3_5.png
  artifactKey: Guid(8fb6b46677685884c907ca8b601e87f9) Importer(2089858483,0ecaa5967403d082aa24f35e1b516d23)
Start importing Assets/Graphics/Surroundings/Medieval_Castle/Decorations/Animated Decorations/candle_blue_3/candle_blue_3_5.png using Guid(8fb6b46677685884c907ca8b601e87f9) Importer(2089858483,0ecaa5967403d082aa24f35e1b516d23) Generated GUIDs only implemented for interfaces!
 -> (artifact id: 'dc15d7c39a4727775eaa838d09fef20c') in 0.048639 seconds
Number of updated asset objects reloaded before import = 0
Number of asset objects unloaded after import = 3
========================================================================
Received Import Request.
  Time since last request: 0.000019 seconds.
  path: Assets/Graphics/Surroundings/Medieval_Castle/Tiles/Tile Assets/window_small_2.asset
  artifactKey: Guid(86955086aaf3e91418af045e9aa9dce6) Importer(2089858483,0ecaa5967403d082aa24f35e1b516d23)
Start importing Assets/Graphics/Surroundings/Medieval_Castle/Tiles/Tile Assets/window_small_2.asset using Guid(86955086aaf3e91418af045e9aa9dce6) Importer(2089858483,0ecaa5967403d082aa24f35e1b516d23) Generated GUIDs only implemented for interfaces!
 -> (artifact id: 'dfddb5f063523db15932a252364188d6') in 0.015206 seconds
Number of updated asset objects reloaded before import = 0
Number of asset objects unloaded after import = 3
========================================================================
Received Import Request.
  Time since last request: 0.000016 seconds.
  path: Assets/Animation/Animations/Player/playerAimSword.anim
  artifactKey: Guid(0867ff6ed569a914783704ebc6b71f82) Importer(2089858483,0ecaa5967403d082aa24f35e1b516d23)
Start importing Assets/Animation/Animations/Player/playerAimSword.anim using Guid(0867ff6ed569a914783704ebc6b71f82) Importer(2089858483,0ecaa5967403d082aa24f35e1b516d23) Generated GUIDs only implemented for interfaces!
 -> (artifact id: '2f1696e9d133af9cb9cd580115c3772a') in 0.014532 seconds
Number of updated asset objects reloaded before import = 0
Number of asset objects unloaded after import = 1
========================================================================
Received Import Request.
  Time since last request: 0.000017 seconds.
  path: Assets/Graphics/Surroundings/Medieval_Castle/Tiles/Tile Assets/window_big_4.asset
  artifactKey: Guid(628c594e508046241991012aa18c0b46) Importer(2089858483,0ecaa5967403d082aa24f35e1b516d23)
Start importing Assets/Graphics/Surroundings/Medieval_Castle/Tiles/Tile Assets/window_big_4.asset using Guid(628c594e508046241991012aa18c0b46) Importer(2089858483,0ecaa5967403d082aa24f35e1b516d23) Generated GUIDs only implemented for interfaces!
 -> (artifact id: 'c424c0b094c156577d6b88ef0479a675') in 0.014951 seconds
Number of updated asset objects reloaded before import = 0
Number of asset objects unloaded after import = 3
========================================================================
Received Import Request.
  Time since last request: 0.000026 seconds.
  path: Assets/TextMesh Pro/Shaders/TMPro_Properties.cginc
  artifactKey: Guid(3997e2241185407d80309a82f9148466) Importer(2089858483,0ecaa5967403d082aa24f35e1b516d23)
Start importing Assets/TextMesh Pro/Shaders/TMPro_Properties.cginc using Guid(3997e2241185407d80309a82f9148466) Importer(2089858483,0ecaa5967403d082aa24f35e1b516d23) Generated GUIDs only implemented for interfaces!
 -> (artifact id: 'e358fdd3f9ebaef3361efe2e271e0dfc') in 0.023128 seconds
Number of updated asset objects reloaded before import = 0
Number of asset objects unloaded after import = 1
========================================================================
Received Import Request.
  Time since last request: 0.000016 seconds.
  path: Assets/Prefabs/Skills/Blackhole.prefab
  artifactKey: Guid(5f23b46a9bf19fe48945cd86a907c1d6) Importer(2089858483,0ecaa5967403d082aa24f35e1b516d23)
Start importing Assets/Prefabs/Skills/Blackhole.prefab using Guid(5f23b46a9bf19fe48945cd86a907c1d6) Importer(2089858483,0ecaa5967403d082aa24f35e1b516d23) Generated GUIDs only implemented for interfaces!
 -> (artifact id: '38ad3576ee64f14ba2437663f21efb37') in 0.056950 seconds
Number of updated asset objects reloaded before import = 0
Number of asset objects unloaded after import = 35
========================================================================
Received Import Request.
  Time since last request: 0.000014 seconds.
  path: Assets/Graphics/Surroundings/Medieval_Castle/Tiles/floor_tile_carpet_corner_left.png
  artifactKey: Guid(bac35cba8c5bbb9478ef9d60d40c74c3) Importer(2089858483,0ecaa5967403d082aa24f35e1b516d23)
Start importing Assets/Graphics/Surroundings/Medieval_Castle/Tiles/floor_tile_carpet_corner_left.png using Guid(bac35cba8c5bbb9478ef9d60d40c74c3) Importer(2089858483,0ecaa5967403d082aa24f35e1b516d23) Generated GUIDs only implemented for interfaces!
 -> (artifact id: '2646028dd3b2709a2e6994bba827ed37') in 0.039323 seconds
Number of updated asset objects reloaded before import = 0
Number of asset objects unloaded after import = 3
========================================================================
Received Import Request.
  Time since last request: 0.000016 seconds.
  path: Assets/Graphics/FX/Dust_LeftToRight/FX033_04.png
  artifactKey: Guid(1c8db22b189ce1147ac39933600f465e) Importer(2089858483,0ecaa5967403d082aa24f35e1b516d23)
Start importing Assets/Graphics/FX/Dust_LeftToRight/FX033_04.png using Guid(1c8db22b189ce1147ac39933600f465e) Importer(2089858483,0ecaa5967403d082aa24f35e1b516d23) Generated GUIDs only implemented for interfaces!
 -> (artifact id: 'eb083ade1eec4ee09103364e42841d61') in 0.049926 seconds
Number of updated asset objects reloaded before import = 0
Number of asset objects unloaded after import = 3
========================================================================
Received Import Request.
  Time since last request: 0.000014 seconds.
  path: Assets/Graphics/Surroundings/Medieval_Castle/Tiles/floor_tile_corner_right.png
  artifactKey: Guid(8bcda0a82f1b8e544b0c8fc5454e9768) Importer(2089858483,0ecaa5967403d082aa24f35e1b516d23)
Start importing Assets/Graphics/Surroundings/Medieval_Castle/Tiles/floor_tile_corner_right.png using Guid(8bcda0a82f1b8e544b0c8fc5454e9768) Importer(2089858483,0ecaa5967403d082aa24f35e1b516d23) Generated GUIDs only implemented for interfaces!
 -> (artifact id: '310b16a74336db1cf30c94e22480418a') in 0.040725 seconds
Number of updated asset objects reloaded before import = 0
Number of asset objects unloaded after import = 3
========================================================================
Received Import Request.
  Time since last request: 0.000021 seconds.
  path: Assets/Scripts/Controllers/ThunderStrike_Controller.cs
  artifactKey: Guid(fceedbe3ff52bc04da3ff380797af593) Importer(2089858483,0ecaa5967403d082aa24f35e1b516d23)
Start importing Assets/Scripts/Controllers/ThunderStrike_Controller.cs using Guid(fceedbe3ff52bc04da3ff380797af593) Importer(2089858483,0ecaa5967403d082aa24f35e1b516d23) Generated GUIDs only implemented for interfaces!
 -> (artifact id: '24543b040df07040eee26283b4b47344') in 0.013089 seconds
Number of updated asset objects reloaded before import = 0
Number of asset objects unloaded after import = 1
========================================================================
Received Import Request.
  Time since last request: 0.000028 seconds.
  path: Assets/Graphics/Main Character/SwordSpin.png
  artifactKey: Guid(f6b296ee51c42564abe9c05f1c502ecd) Importer(2089858483,0ecaa5967403d082aa24f35e1b516d23)
Start importing Assets/Graphics/Main Character/SwordSpin.png using Guid(f6b296ee51c42564abe9c05f1c502ecd) Importer(2089858483,0ecaa5967403d082aa24f35e1b516d23) Generated GUIDs only implemented for interfaces!
 -> (artifact id: 'd45f061c2fa66ef394ed6e9bc6af4ac7') in 0.058028 seconds
Number of updated asset objects reloaded before import = 0
Number of asset objects unloaded after import = 12
========================================================================
Received Import Request.
  Time since last request: 0.000018 seconds.
  path: Assets/Graphics/UI/UI_background.png
  artifactKey: Guid(900a1527ede688546b67b9c82b8f4715) Importer(2089858483,0ecaa5967403d082aa24f35e1b516d23)
Start importing Assets/Graphics/UI/UI_background.png using Guid(900a1527ede688546b67b9c82b8f4715) Importer(2089858483,0ecaa5967403d082aa24f35e1b516d23) Generated GUIDs only implemented for interfaces!
 -> (artifact id: 'ec28e34ffbb97358b509f9162034d564') in 0.039450 seconds
Number of updated asset objects reloaded before import = 0
Number of asset objects unloaded after import = 3
========================================================================
Received Import Request.
  Time since last request: 42.433163 seconds.
  path: Assets/Scenes/MainScene.unity
  artifactKey: Guid(2cda990e2423bbf4892e6590ba056729) Importer(2089858483,0ecaa5967403d082aa24f35e1b516d23)
Start importing Assets/Scenes/MainScene.unity using Guid(2cda990e2423bbf4892e6590ba056729) Importer(2089858483,0ecaa5967403d082aa24f35e1b516d23) Generated GUIDs only implemented for interfaces!
 -> (artifact id: 'b1a5a6f77bb284a35281675b6bb00fcb') in 0.012243 seconds
Number of updated asset objects reloaded before import = 0
Number of asset objects unloaded after import = 1
========================================================================
Received Prepare
Refreshing native plugins compatible for Editor in 14.61 ms, found 4 plugins.
Preloading 0 native plugins for Editor in 0.00 ms.
Unloading 1 Unused Serialized files (Serialized files now loaded: 0)
Unloading 2 unused Assets / (74.3 KB). Loaded Objects now: 4809.
Memory consumption went from 75.9 MB to 75.9 MB.
Total: 7.112500 ms (FindLiveObjects: 0.567200 ms CreateObjectMapping: 0.266600 ms MarkObjects: 6.234600 ms  DeleteObjects: 0.043300 ms)

Prepare: number of updated asset objects reloaded= 0
AssetImportParameters requested are different than current active one (requested -> active):
  custom:container-demuxer-ogg: 62fdf1f143b41e24485cea50d1cbac27 -> 
  custom:video-codec-MediaFoundation-h265: 746d11721c4dcdbdad8f713fa42b33f4 -> 
  custom:video-decoder-ogg-theora: a1e56fd34408186e4bbccfd4996cb3dc -> 
  custom:framework-win-MediaFoundation: 216162199b28c13a410421893ffa2e32 -> 
  custom:CustomObjectIndexerAttribute: 756ad292c208cfabdd7b50bc23989ffe -> 
  custom:container-demuxer-webm: 4f35f7cbe854078d1ac9338744f61a02 -> 
  custom:container-muxer-webm: aa71ff27fc2769a1b78a27578f13a17b -> 
  custom:video-decoder-webm-vp8: 9c59270c3fd7afecdb556c50c9e8de78 -> 
  custom:SearchIndexIgnoredProperties: e643bd26f0fe6173181afceb89e7c659 -> 
  custom:AudioImporter_EditorPlatform: d09bf68614088b80899f8185d706f6e7 -> 
  custom:video-encoder-webm-vp8: eb34c28f22e8b96e1ab97ce403110664 -> 
  custom:audio-decoder-ogg-vorbis: bf7c407c2cedff20999df2af8eb42d56 -> 
  custom:audio-encoder-webm-vorbis: bf7c407c2cedff20999df2af8eb42d56 -> 
========================================================================
Received Prepare
Begin MonoManager ReloadAssembly
- Loaded All Assemblies, in  0.727 seconds
Refreshing native plugins compatible for Editor in 12.93 ms, found 4 plugins.
Native extension for WindowsStandalone target not found
Native extension for WebGL target not found
[Package Manager] Server::EnsureServerProcessIsRunning -- launch failed, reason: Unity was launched with the -noUpm command-line argument
[Package Manager] UpmClient::Send -- Unable to send message (not connected to UPM process).
[Package Manager] Cannot connect to Unity Package Manager local server
Mono: successfully reloaded assembly
- Finished resetting the current domain, in  2.015 seconds
Domain Reload Profiling: 2726ms
	BeginReloadAssembly (220ms)
		ExecutionOrderSort (0ms)
		DisableScriptedObjects (13ms)
		BackupInstance (0ms)
		ReleaseScriptingObjects (0ms)
		CreateAndSetChildDomain (45ms)
	RebuildCommonClasses (30ms)
	RebuildNativeTypeToScriptingClass (9ms)
	initialDomainReloadingComplete (47ms)
	LoadAllAssembliesAndSetupDomain (404ms)
		LoadAssemblies (514ms)
		RebuildTransferFunctionScriptingTraits (0ms)
		AnalyzeDomain (12ms)
			TypeCache.Refresh (5ms)
				TypeCache.ScanAssembly (0ms)
			ScanForSourceGeneratedMonoScriptInfo (0ms)
			ResolveRequiredComponents (6ms)
	FinalizeReload (2015ms)
		ReleaseScriptCaches (0ms)
		RebuildScriptCaches (0ms)
		SetupLoadedEditorAssemblies (832ms)
			LogAssemblyErrors (0ms)
			InitializePlatformSupportModulesInManaged (13ms)
			SetLoadedEditorAssemblies (5ms)
			RefreshPlugins (0ms)
			BeforeProcessingInitializeOnLoad (149ms)
			ProcessInitializeOnLoadAttributes (604ms)
			ProcessInitializeOnLoadMethodAttributes (33ms)
			AfterProcessingInitializeOnLoad (27ms)
			EditorAssembliesLoaded (0ms)
		ExecutionOrderSort2 (0ms)
		AwakeInstancesAfterBackupRestoration (18ms)
Refreshing native plugins compatible for Editor in 14.40 ms, found 4 plugins.
Preloading 0 native plugins for Editor in 0.00 ms.
Unloading 4324 Unused Serialized files (Serialized files now loaded: 0)
Unloading 38 unused Assets / (106.9 KB). Loaded Objects now: 4826.
Memory consumption went from 142.5 MB to 142.4 MB.
Total: 4.072000 ms (FindLiveObjects: 0.399000 ms CreateObjectMapping: 0.207900 ms MarkObjects: 3.381400 ms  DeleteObjects: 0.083100 ms)

Prepare: number of updated asset objects reloaded= 0
AssetImportParameters requested are different than current active one (requested -> active):
  custom:container-demuxer-ogg: 62fdf1f143b41e24485cea50d1cbac27 -> 
  custom:video-codec-MediaFoundation-h265: 746d11721c4dcdbdad8f713fa42b33f4 -> 
  custom:video-decoder-ogg-theora: a1e56fd34408186e4bbccfd4996cb3dc -> 
  custom:framework-win-MediaFoundation: 216162199b28c13a410421893ffa2e32 -> 
  custom:CustomObjectIndexerAttribute: 756ad292c208cfabdd7b50bc23989ffe -> 
  custom:container-demuxer-webm: 4f35f7cbe854078d1ac9338744f61a02 -> 
  custom:container-muxer-webm: aa71ff27fc2769a1b78a27578f13a17b -> 
  custom:video-decoder-webm-vp8: 9c59270c3fd7afecdb556c50c9e8de78 -> 
  custom:SearchIndexIgnoredProperties: e643bd26f0fe6173181afceb89e7c659 -> 
  custom:AudioImporter_EditorPlatform: d09bf68614088b80899f8185d706f6e7 -> 
  custom:video-encoder-webm-vp8: eb34c28f22e8b96e1ab97ce403110664 -> 
  custom:audio-decoder-ogg-vorbis: bf7c407c2cedff20999df2af8eb42d56 -> 
  custom:audio-encoder-webm-vorbis: bf7c407c2cedff20999df2af8eb42d56 -> 
========================================================================
Received Prepare
Begin MonoManager ReloadAssembly
- Loaded All Assemblies, in  0.730 seconds
Refreshing native plugins compatible for Editor in 13.79 ms, found 4 plugins.
Native extension for WindowsStandalone target not found
Native extension for WebGL target not found
[Package Manager] Server::EnsureServerProcessIsRunning -- launch failed, reason: Unity was launched with the -noUpm command-line argument
[Package Manager] UpmClient::Send -- Unable to send message (not connected to UPM process).
[Package Manager] Cannot connect to Unity Package Manager local server
Mono: successfully reloaded assembly
- Finished resetting the current domain, in  2.084 seconds
Domain Reload Profiling: 2798ms
	BeginReloadAssembly (205ms)
		ExecutionOrderSort (0ms)
		DisableScriptedObjects (10ms)
		BackupInstance (0ms)
		ReleaseScriptingObjects (0ms)
		CreateAndSetChildDomain (37ms)
	RebuildCommonClasses (30ms)
	RebuildNativeTypeToScriptingClass (9ms)
	initialDomainReloadingComplete (48ms)
	LoadAllAssembliesAndSetupDomain (422ms)
		LoadAssemblies (513ms)
		RebuildTransferFunctionScriptingTraits (0ms)
		AnalyzeDomain (26ms)
			TypeCache.Refresh (9ms)
				TypeCache.ScanAssembly (1ms)
			ScanForSourceGeneratedMonoScriptInfo (9ms)
			ResolveRequiredComponents (7ms)
	FinalizeReload (2084ms)
		ReleaseScriptCaches (0ms)
		RebuildScriptCaches (0ms)
		SetupLoadedEditorAssemblies (918ms)
			LogAssemblyErrors (0ms)
			InitializePlatformSupportModulesInManaged (15ms)
			SetLoadedEditorAssemblies (6ms)
			RefreshPlugins (0ms)
			BeforeProcessingInitializeOnLoad (165ms)
			ProcessInitializeOnLoadAttributes (662ms)
			ProcessInitializeOnLoadMethodAttributes (40ms)
			AfterProcessingInitializeOnLoad (29ms)
			EditorAssembliesLoaded (0ms)
		ExecutionOrderSort2 (0ms)
		AwakeInstancesAfterBackupRestoration (18ms)
Refreshing native plugins compatible for Editor in 14.34 ms, found 4 plugins.
Preloading 0 native plugins for Editor in 0.00 ms.
Unloading 4324 Unused Serialized files (Serialized files now loaded: 0)
Unloading 38 unused Assets / (107.2 KB). Loaded Objects now: 4842.
Memory consumption went from 142.6 MB to 142.4 MB.
Total: 3.753200 ms (FindLiveObjects: 0.270400 ms CreateObjectMapping: 0.103200 ms MarkObjects: 3.294400 ms  DeleteObjects: 0.084500 ms)

Prepare: number of updated asset objects reloaded= 0
AssetImportParameters requested are different than current active one (requested -> active):
  custom:container-demuxer-ogg: 62fdf1f143b41e24485cea50d1cbac27 -> 
  custom:video-codec-MediaFoundation-h265: 746d11721c4dcdbdad8f713fa42b33f4 -> 
  custom:video-decoder-ogg-theora: a1e56fd34408186e4bbccfd4996cb3dc -> 
  custom:framework-win-MediaFoundation: 216162199b28c13a410421893ffa2e32 -> 
  custom:CustomObjectIndexerAttribute: 756ad292c208cfabdd7b50bc23989ffe -> 
  custom:container-demuxer-webm: 4f35f7cbe854078d1ac9338744f61a02 -> 
  custom:container-muxer-webm: aa71ff27fc2769a1b78a27578f13a17b -> 
  custom:video-decoder-webm-vp8: 9c59270c3fd7afecdb556c50c9e8de78 -> 
  custom:SearchIndexIgnoredProperties: e643bd26f0fe6173181afceb89e7c659 -> 
  custom:AudioImporter_EditorPlatform: d09bf68614088b80899f8185d706f6e7 -> 
  custom:video-encoder-webm-vp8: eb34c28f22e8b96e1ab97ce403110664 -> 
  custom:audio-decoder-ogg-vorbis: bf7c407c2cedff20999df2af8eb42d56 -> 
  custom:audio-encoder-webm-vorbis: bf7c407c2cedff20999df2af8eb42d56 -> 
========================================================================
Received Prepare
Begin MonoManager ReloadAssembly
- Loaded All Assemblies, in  0.900 seconds
Refreshing native plugins compatible for Editor in 15.98 ms, found 4 plugins.
Native extension for WindowsStandalone target not found
Native extension for WebGL target not found
[Package Manager] Server::EnsureServerProcessIsRunning -- launch failed, reason: Unity was launched with the -noUpm command-line argument
[Package Manager] UpmClient::Send -- Unable to send message (not connected to UPM process).
[Package Manager] Cannot connect to Unity Package Manager local server
Mono: successfully reloaded assembly
- Finished resetting the current domain, in  2.041 seconds
Domain Reload Profiling: 2920ms
	BeginReloadAssembly (257ms)
		ExecutionOrderSort (0ms)
		DisableScriptedObjects (12ms)
		BackupInstance (0ms)
		ReleaseScriptingObjects (0ms)
		CreateAndSetChildDomain (47ms)
	RebuildCommonClasses (48ms)
	RebuildNativeTypeToScriptingClass (11ms)
	initialDomainReloadingComplete (61ms)
	LoadAllAssembliesAndSetupDomain (502ms)
		LoadAssemblies (637ms)
		RebuildTransferFunctionScriptingTraits (0ms)
		AnalyzeDomain (16ms)
			TypeCache.Refresh (6ms)
				TypeCache.ScanAssembly (0ms)
			ScanForSourceGeneratedMonoScriptInfo (0ms)
			ResolveRequiredComponents (9ms)
	FinalizeReload (2042ms)
		ReleaseScriptCaches (0ms)
		RebuildScriptCaches (0ms)
		SetupLoadedEditorAssemblies (819ms)
			LogAssemblyErrors (0ms)
			InitializePlatformSupportModulesInManaged (14ms)
			SetLoadedEditorAssemblies (5ms)
			RefreshPlugins (0ms)
			BeforeProcessingInitializeOnLoad (140ms)
			ProcessInitializeOnLoadAttributes (600ms)
			ProcessInitializeOnLoadMethodAttributes (35ms)
			AfterProcessingInitializeOnLoad (25ms)
			EditorAssembliesLoaded (0ms)
		ExecutionOrderSort2 (0ms)
		AwakeInstancesAfterBackupRestoration (17ms)
Refreshing native plugins compatible for Editor in 15.19 ms, found 4 plugins.
Preloading 0 native plugins for Editor in 0.00 ms.
Unloading 4324 Unused Serialized files (Serialized files now loaded: 0)
Unloading 38 unused Assets / (107.0 KB). Loaded Objects now: 4858.
Memory consumption went from 142.6 MB to 142.5 MB.
Total: 4.341200 ms (FindLiveObjects: 0.305100 ms CreateObjectMapping: 0.138700 ms MarkObjects: 3.812100 ms  DeleteObjects: 0.084300 ms)

Prepare: number of updated asset objects reloaded= 0
AssetImportParameters requested are different than current active one (requested -> active):
  custom:container-demuxer-ogg: 62fdf1f143b41e24485cea50d1cbac27 -> 
  custom:video-codec-MediaFoundation-h265: 746d11721c4dcdbdad8f713fa42b33f4 -> 
  custom:video-decoder-ogg-theora: a1e56fd34408186e4bbccfd4996cb3dc -> 
  custom:framework-win-MediaFoundation: 216162199b28c13a410421893ffa2e32 -> 
  custom:CustomObjectIndexerAttribute: 756ad292c208cfabdd7b50bc23989ffe -> 
  custom:container-demuxer-webm: 4f35f7cbe854078d1ac9338744f61a02 -> 
  custom:container-muxer-webm: aa71ff27fc2769a1b78a27578f13a17b -> 
  custom:video-decoder-webm-vp8: 9c59270c3fd7afecdb556c50c9e8de78 -> 
  custom:SearchIndexIgnoredProperties: e643bd26f0fe6173181afceb89e7c659 -> 
  custom:AudioImporter_EditorPlatform: d09bf68614088b80899f8185d706f6e7 -> 
  custom:video-encoder-webm-vp8: eb34c28f22e8b96e1ab97ce403110664 -> 
  custom:audio-decoder-ogg-vorbis: bf7c407c2cedff20999df2af8eb42d56 -> 
  custom:audio-encoder-webm-vorbis: bf7c407c2cedff20999df2af8eb42d56 -> 
========================================================================
Received Prepare
Begin MonoManager ReloadAssembly
- Loaded All Assemblies, in  0.791 seconds
Refreshing native plugins compatible for Editor in 16.17 ms, found 4 plugins.
Native extension for WindowsStandalone target not found
Native extension for WebGL target not found
[Package Manager] Server::EnsureServerProcessIsRunning -- launch failed, reason: Unity was launched with the -noUpm command-line argument
[Package Manager] UpmClient::Send -- Unable to send message (not connected to UPM process).
[Package Manager] Cannot connect to Unity Package Manager local server
Mono: successfully reloaded assembly
- Finished resetting the current domain, in  1.698 seconds
Domain Reload Profiling: 2468ms
	BeginReloadAssembly (228ms)
		ExecutionOrderSort (0ms)
		DisableScriptedObjects (12ms)
		BackupInstance (0ms)
		ReleaseScriptingObjects (0ms)
		CreateAndSetChildDomain (37ms)
	RebuildCommonClasses (40ms)
	RebuildNativeTypeToScriptingClass (13ms)
	initialDomainReloadingComplete (55ms)
	LoadAllAssembliesAndSetupDomain (432ms)
		LoadAssemblies (537ms)
		RebuildTransferFunctionScriptingTraits (0ms)
		AnalyzeDomain (30ms)
			TypeCache.Refresh (10ms)
				TypeCache.ScanAssembly (1ms)
			ScanForSourceGeneratedMonoScriptInfo (10ms)
			ResolveRequiredComponents (9ms)
	FinalizeReload (1699ms)
		ReleaseScriptCaches (0ms)
		RebuildScriptCaches (0ms)
		SetupLoadedEditorAssemblies (682ms)
			LogAssemblyErrors (0ms)
			InitializePlatformSupportModulesInManaged (11ms)
			SetLoadedEditorAssemblies (4ms)
			RefreshPlugins (0ms)
			BeforeProcessingInitializeOnLoad (119ms)
			ProcessInitializeOnLoadAttributes (495ms)
			ProcessInitializeOnLoadMethodAttributes (27ms)
			AfterProcessingInitializeOnLoad (24ms)
			EditorAssembliesLoaded (0ms)
		ExecutionOrderSort2 (0ms)
		AwakeInstancesAfterBackupRestoration (19ms)
Refreshing native plugins compatible for Editor in 13.04 ms, found 4 plugins.
Preloading 0 native plugins for Editor in 0.00 ms.
Unloading 4324 Unused Serialized files (Serialized files now loaded: 0)
Unloading 38 unused Assets / (107.1 KB). Loaded Objects now: 4874.
Memory consumption went from 142.6 MB to 142.5 MB.
Total: 3.558400 ms (FindLiveObjects: 0.355200 ms CreateObjectMapping: 0.151600 ms MarkObjects: 2.973700 ms  DeleteObjects: 0.077100 ms)

Prepare: number of updated asset objects reloaded= 0
AssetImportParameters requested are different than current active one (requested -> active):
  custom:container-demuxer-ogg: 62fdf1f143b41e24485cea50d1cbac27 -> 
  custom:video-codec-MediaFoundation-h265: 746d11721c4dcdbdad8f713fa42b33f4 -> 
  custom:video-decoder-ogg-theora: a1e56fd34408186e4bbccfd4996cb3dc -> 
  custom:framework-win-MediaFoundation: 216162199b28c13a410421893ffa2e32 -> 
  custom:CustomObjectIndexerAttribute: 756ad292c208cfabdd7b50bc23989ffe -> 
  custom:container-demuxer-webm: 4f35f7cbe854078d1ac9338744f61a02 -> 
  custom:container-muxer-webm: aa71ff27fc2769a1b78a27578f13a17b -> 
  custom:video-decoder-webm-vp8: 9c59270c3fd7afecdb556c50c9e8de78 -> 
  custom:SearchIndexIgnoredProperties: e643bd26f0fe6173181afceb89e7c659 -> 
  custom:AudioImporter_EditorPlatform: d09bf68614088b80899f8185d706f6e7 -> 
  custom:video-encoder-webm-vp8: eb34c28f22e8b96e1ab97ce403110664 -> 
  custom:audio-decoder-ogg-vorbis: bf7c407c2cedff20999df2af8eb42d56 -> 
  custom:audio-encoder-webm-vorbis: bf7c407c2cedff20999df2af8eb42d56 -> 
========================================================================
Received Prepare
Refreshing native plugins compatible for Editor in 12.88 ms, found 4 plugins.
Preloading 0 native plugins for Editor in 0.00 ms.
Unloading 2 Unused Serialized files (Serialized files now loaded: 0)
Unloading 2 unused Assets / (76.5 KB). Loaded Objects now: 4874.
Memory consumption went from 76.2 MB to 76.1 MB.
Total: 3.376000 ms (FindLiveObjects: 0.293000 ms CreateObjectMapping: 0.108200 ms MarkObjects: 2.937300 ms  DeleteObjects: 0.036900 ms)

Prepare: number of updated asset objects reloaded= 0
AssetImportParameters requested are different than current active one (requested -> active):
  custom:container-demuxer-ogg: 62fdf1f143b41e24485cea50d1cbac27 -> 
  custom:video-codec-MediaFoundation-h265: 746d11721c4dcdbdad8f713fa42b33f4 -> 
  custom:video-decoder-ogg-theora: a1e56fd34408186e4bbccfd4996cb3dc -> 
  custom:framework-win-MediaFoundation: 216162199b28c13a410421893ffa2e32 -> 
  custom:CustomObjectIndexerAttribute: 756ad292c208cfabdd7b50bc23989ffe -> 
  custom:container-demuxer-webm: 4f35f7cbe854078d1ac9338744f61a02 -> 
  custom:container-muxer-webm: aa71ff27fc2769a1b78a27578f13a17b -> 
  custom:video-decoder-webm-vp8: 9c59270c3fd7afecdb556c50c9e8de78 -> 
  custom:SearchIndexIgnoredProperties: e643bd26f0fe6173181afceb89e7c659 -> 
  custom:AudioImporter_EditorPlatform: d09bf68614088b80899f8185d706f6e7 -> 
  custom:video-encoder-webm-vp8: eb34c28f22e8b96e1ab97ce403110664 -> 
  custom:audio-decoder-ogg-vorbis: bf7c407c2cedff20999df2af8eb42d56 -> 
  custom:audio-encoder-webm-vorbis: bf7c407c2cedff20999df2af8eb42d56 -> 
========================================================================
Received Prepare
Begin MonoManager ReloadAssembly
- Loaded All Assemblies, in  0.718 seconds
Refreshing native plugins compatible for Editor in 12.38 ms, found 4 plugins.
Native extension for WindowsStandalone target not found
Native extension for WebGL target not found
[Package Manager] Server::EnsureServerProcessIsRunning -- launch failed, reason: Unity was launched with the -noUpm command-line argument
[Package Manager] UpmClient::Send -- Unable to send message (not connected to UPM process).
[Package Manager] Cannot connect to Unity Package Manager local server
Mono: successfully reloaded assembly
- Finished resetting the current domain, in  1.712 seconds
Domain Reload Profiling: 2415ms
	BeginReloadAssembly (205ms)
		ExecutionOrderSort (0ms)
		DisableScriptedObjects (9ms)
		BackupInstance (0ms)
		ReleaseScriptingObjects (0ms)
		CreateAndSetChildDomain (35ms)
	RebuildCommonClasses (30ms)
	RebuildNativeTypeToScriptingClass (9ms)
	initialDomainReloadingComplete (47ms)
	LoadAllAssembliesAndSetupDomain (411ms)
		LoadAssemblies (502ms)
		RebuildTransferFunctionScriptingTraits (0ms)
		AnalyzeDomain (28ms)
			TypeCache.Refresh (9ms)
				TypeCache.ScanAssembly (1ms)
			ScanForSourceGeneratedMonoScriptInfo (8ms)
			ResolveRequiredComponents (10ms)
	FinalizeReload (1712ms)
		ReleaseScriptCaches (0ms)
		RebuildScriptCaches (0ms)
		SetupLoadedEditorAssemblies (719ms)
			LogAssemblyErrors (0ms)
			InitializePlatformSupportModulesInManaged (12ms)
			SetLoadedEditorAssemblies (3ms)
			RefreshPlugins (0ms)
			BeforeProcessingInitializeOnLoad (122ms)
			ProcessInitializeOnLoadAttributes (524ms)
			ProcessInitializeOnLoadMethodAttributes (35ms)
			AfterProcessingInitializeOnLoad (23ms)
			EditorAssembliesLoaded (0ms)
		ExecutionOrderSort2 (0ms)
		AwakeInstancesAfterBackupRestoration (16ms)
Refreshing native plugins compatible for Editor in 12.48 ms, found 4 plugins.
Preloading 0 native plugins for Editor in 0.00 ms.
Unloading 4324 Unused Serialized files (Serialized files now loaded: 0)
Unloading 38 unused Assets / (106.9 KB). Loaded Objects now: 4890.
Memory consumption went from 142.5 MB to 142.4 MB.
Total: 3.573400 ms (FindLiveObjects: 0.282300 ms CreateObjectMapping: 0.107000 ms MarkObjects: 3.102400 ms  DeleteObjects: 0.081100 ms)

Prepare: number of updated asset objects reloaded= 0
AssetImportParameters requested are different than current active one (requested -> active):
  custom:container-demuxer-ogg: 62fdf1f143b41e24485cea50d1cbac27 -> 
  custom:video-codec-MediaFoundation-h265: 746d11721c4dcdbdad8f713fa42b33f4 -> 
  custom:video-decoder-ogg-theora: a1e56fd34408186e4bbccfd4996cb3dc -> 
  custom:framework-win-MediaFoundation: 216162199b28c13a410421893ffa2e32 -> 
  custom:CustomObjectIndexerAttribute: 756ad292c208cfabdd7b50bc23989ffe -> 
  custom:container-demuxer-webm: 4f35f7cbe854078d1ac9338744f61a02 -> 
  custom:container-muxer-webm: aa71ff27fc2769a1b78a27578f13a17b -> 
  custom:video-decoder-webm-vp8: 9c59270c3fd7afecdb556c50c9e8de78 -> 
  custom:SearchIndexIgnoredProperties: e643bd26f0fe6173181afceb89e7c659 -> 
  custom:AudioImporter_EditorPlatform: d09bf68614088b80899f8185d706f6e7 -> 
  custom:video-encoder-webm-vp8: eb34c28f22e8b96e1ab97ce403110664 -> 
  custom:audio-decoder-ogg-vorbis: bf7c407c2cedff20999df2af8eb42d56 -> 
  custom:audio-encoder-webm-vorbis: bf7c407c2cedff20999df2af8eb42d56 -> 
========================================================================
Received Prepare
Refreshing native plugins compatible for Editor in 13.08 ms, found 4 plugins.
Preloading 0 native plugins for Editor in 0.00 ms.
Unloading 2 Unused Serialized files (Serialized files now loaded: 0)
Unloading 2 unused Assets / (76.5 KB). Loaded Objects now: 4890.
Memory consumption went from 76.1 MB to 76.0 MB.
Total: 3.366800 ms (FindLiveObjects: 0.291800 ms CreateObjectMapping: 0.112900 ms MarkObjects: 2.924900 ms  DeleteObjects: 0.036200 ms)

Prepare: number of updated asset objects reloaded= 0
AssetImportParameters requested are different than current active one (requested -> active):
  custom:container-demuxer-ogg: 62fdf1f143b41e24485cea50d1cbac27 -> 
  custom:video-codec-MediaFoundation-h265: 746d11721c4dcdbdad8f713fa42b33f4 -> 
  custom:video-decoder-ogg-theora: a1e56fd34408186e4bbccfd4996cb3dc -> 
  custom:framework-win-MediaFoundation: 216162199b28c13a410421893ffa2e32 -> 
  custom:CustomObjectIndexerAttribute: 756ad292c208cfabdd7b50bc23989ffe -> 
  custom:container-demuxer-webm: 4f35f7cbe854078d1ac9338744f61a02 -> 
  custom:container-muxer-webm: aa71ff27fc2769a1b78a27578f13a17b -> 
  custom:video-decoder-webm-vp8: 9c59270c3fd7afecdb556c50c9e8de78 -> 
  custom:SearchIndexIgnoredProperties: e643bd26f0fe6173181afceb89e7c659 -> 
  custom:AudioImporter_EditorPlatform: d09bf68614088b80899f8185d706f6e7 -> 
  custom:video-encoder-webm-vp8: eb34c28f22e8b96e1ab97ce403110664 -> 
  custom:audio-decoder-ogg-vorbis: bf7c407c2cedff20999df2af8eb42d56 -> 
  custom:audio-encoder-webm-vorbis: bf7c407c2cedff20999df2af8eb42d56 -> 
========================================================================
Received Prepare
Begin MonoManager ReloadAssembly
- Loaded All Assemblies, in  0.696 seconds
Refreshing native plugins compatible for Editor in 13.11 ms, found 4 plugins.
Native extension for WindowsStandalone target not found
Native extension for WebGL target not found
[Package Manager] Server::EnsureServerProcessIsRunning -- launch failed, reason: Unity was launched with the -noUpm command-line argument
[Package Manager] UpmClient::Send -- Unable to send message (not connected to UPM process).
[Package Manager] Cannot connect to Unity Package Manager local server
Mono: successfully reloaded assembly
- Finished resetting the current domain, in  2.072 seconds
Domain Reload Profiling: 2751ms
	BeginReloadAssembly (203ms)
		ExecutionOrderSort (0ms)
		DisableScriptedObjects (9ms)
		BackupInstance (0ms)
		ReleaseScriptingObjects (0ms)
		CreateAndSetChildDomain (37ms)
	RebuildCommonClasses (30ms)
	RebuildNativeTypeToScriptingClass (9ms)
	initialDomainReloadingComplete (49ms)
	LoadAllAssembliesAndSetupDomain (389ms)
		LoadAssemblies (490ms)
		RebuildTransferFunctionScriptingTraits (0ms)
		AnalyzeDomain (12ms)
			TypeCache.Refresh (4ms)
				TypeCache.ScanAssembly (0ms)
			ScanForSourceGeneratedMonoScriptInfo (0ms)
			ResolveRequiredComponents (7ms)
	FinalizeReload (2072ms)
		ReleaseScriptCaches (0ms)
		RebuildScriptCaches (0ms)
		SetupLoadedEditorAssemblies (864ms)
			LogAssemblyErrors (0ms)
			InitializePlatformSupportModulesInManaged (15ms)
			SetLoadedEditorAssemblies (5ms)
			RefreshPlugins (0ms)
			BeforeProcessingInitializeOnLoad (156ms)
			ProcessInitializeOnLoadAttributes (626ms)
			ProcessInitializeOnLoadMethodAttributes (35ms)
			AfterProcessingInitializeOnLoad (26ms)
			EditorAssembliesLoaded (0ms)
		ExecutionOrderSort2 (0ms)
		AwakeInstancesAfterBackupRestoration (17ms)
Refreshing native plugins compatible for Editor in 15.39 ms, found 4 plugins.
Preloading 0 native plugins for Editor in 0.00 ms.
Unloading 4324 Unused Serialized files (Serialized files now loaded: 0)
Unloading 38 unused Assets / (106.9 KB). Loaded Objects now: 4906.
Memory consumption went from 142.6 MB to 142.5 MB.
Total: 4.708200 ms (FindLiveObjects: 0.394300 ms CreateObjectMapping: 0.232800 ms MarkObjects: 3.993200 ms  DeleteObjects: 0.086600 ms)

Prepare: number of updated asset objects reloaded= 0
AssetImportParameters requested are different than current active one (requested -> active):
  custom:container-demuxer-ogg: 62fdf1f143b41e24485cea50d1cbac27 -> 
  custom:video-codec-MediaFoundation-h265: 746d11721c4dcdbdad8f713fa42b33f4 -> 
  custom:video-decoder-ogg-theora: a1e56fd34408186e4bbccfd4996cb3dc -> 
  custom:framework-win-MediaFoundation: 216162199b28c13a410421893ffa2e32 -> 
  custom:CustomObjectIndexerAttribute: 756ad292c208cfabdd7b50bc23989ffe -> 
  custom:container-demuxer-webm: 4f35f7cbe854078d1ac9338744f61a02 -> 
  custom:container-muxer-webm: aa71ff27fc2769a1b78a27578f13a17b -> 
  custom:video-decoder-webm-vp8: 9c59270c3fd7afecdb556c50c9e8de78 -> 
  custom:SearchIndexIgnoredProperties: e643bd26f0fe6173181afceb89e7c659 -> 
  custom:AudioImporter_EditorPlatform: d09bf68614088b80899f8185d706f6e7 -> 
  custom:video-encoder-webm-vp8: eb34c28f22e8b96e1ab97ce403110664 -> 
  custom:audio-decoder-ogg-vorbis: bf7c407c2cedff20999df2af8eb42d56 -> 
  custom:audio-encoder-webm-vorbis: bf7c407c2cedff20999df2af8eb42d56 -> 
========================================================================
Received Prepare
Begin MonoManager ReloadAssembly
- Loaded All Assemblies, in  0.717 seconds
Refreshing native plugins compatible for Editor in 12.39 ms, found 4 plugins.
Native extension for WindowsStandalone target not found
Native extension for WebGL target not found
[Package Manager] Server::EnsureServerProcessIsRunning -- launch failed, reason: Unity was launched with the -noUpm command-line argument
[Package Manager] UpmClient::Send -- Unable to send message (not connected to UPM process).
[Package Manager] Cannot connect to Unity Package Manager local server
Mono: successfully reloaded assembly
- Finished resetting the current domain, in  1.730 seconds
Domain Reload Profiling: 2431ms
	BeginReloadAssembly (211ms)
		ExecutionOrderSort (0ms)
		DisableScriptedObjects (12ms)
		BackupInstance (0ms)
		ReleaseScriptingObjects (0ms)
		CreateAndSetChildDomain (42ms)
	RebuildCommonClasses (31ms)
	RebuildNativeTypeToScriptingClass (9ms)
	initialDomainReloadingComplete (48ms)
	LoadAllAssembliesAndSetupDomain (402ms)
		LoadAssemblies (503ms)
		RebuildTransferFunctionScriptingTraits (0ms)
		AnalyzeDomain (16ms)
			TypeCache.Refresh (5ms)
				TypeCache.ScanAssembly (0ms)
			ScanForSourceGeneratedMonoScriptInfo (0ms)
			ResolveRequiredComponents (9ms)
	FinalizeReload (1730ms)
		ReleaseScriptCaches (0ms)
		RebuildScriptCaches (0ms)
		SetupLoadedEditorAssemblies (677ms)
			LogAssemblyErrors (0ms)
			InitializePlatformSupportModulesInManaged (12ms)
			SetLoadedEditorAssemblies (4ms)
			RefreshPlugins (0ms)
			BeforeProcessingInitializeOnLoad (120ms)
			ProcessInitializeOnLoadAttributes (491ms)
			ProcessInitializeOnLoadMethodAttributes (27ms)
			AfterProcessingInitializeOnLoad (22ms)
			EditorAssembliesLoaded (0ms)
		ExecutionOrderSort2 (0ms)
		AwakeInstancesAfterBackupRestoration (14ms)
Refreshing native plugins compatible for Editor in 18.74 ms, found 4 plugins.
Preloading 0 native plugins for Editor in 0.00 ms.
Unloading 4324 Unused Serialized files (Serialized files now loaded: 0)
Unloading 38 unused Assets / (107.0 KB). Loaded Objects now: 4922.
Memory consumption went from 142.6 MB to 142.5 MB.
Total: 5.720800 ms (FindLiveObjects: 0.323400 ms CreateObjectMapping: 0.140400 ms MarkObjects: 5.159300 ms  DeleteObjects: 0.096800 ms)

Prepare: number of updated asset objects reloaded= 0
AssetImportParameters requested are different than current active one (requested -> active):
  custom:container-demuxer-ogg: 62fdf1f143b41e24485cea50d1cbac27 -> 
  custom:video-codec-MediaFoundation-h265: 746d11721c4dcdbdad8f713fa42b33f4 -> 
  custom:video-decoder-ogg-theora: a1e56fd34408186e4bbccfd4996cb3dc -> 
  custom:framework-win-MediaFoundation: 216162199b28c13a410421893ffa2e32 -> 
  custom:CustomObjectIndexerAttribute: 756ad292c208cfabdd7b50bc23989ffe -> 
  custom:container-demuxer-webm: 4f35f7cbe854078d1ac9338744f61a02 -> 
  custom:container-muxer-webm: aa71ff27fc2769a1b78a27578f13a17b -> 
  custom:video-decoder-webm-vp8: 9c59270c3fd7afecdb556c50c9e8de78 -> 
  custom:SearchIndexIgnoredProperties: e643bd26f0fe6173181afceb89e7c659 -> 
  custom:AudioImporter_EditorPlatform: d09bf68614088b80899f8185d706f6e7 -> 
  custom:video-encoder-webm-vp8: eb34c28f22e8b96e1ab97ce403110664 -> 
  custom:audio-decoder-ogg-vorbis: bf7c407c2cedff20999df2af8eb42d56 -> 
  custom:audio-encoder-webm-vorbis: bf7c407c2cedff20999df2af8eb42d56 -> 
========================================================================
Received Prepare
Begin MonoManager ReloadAssembly
- Loaded All Assemblies, in  0.782 seconds
Refreshing native plugins compatible for Editor in 13.16 ms, found 4 plugins.
Native extension for WindowsStandalone target not found
Native extension for WebGL target not found
[Package Manager] Server::EnsureServerProcessIsRunning -- launch failed, reason: Unity was launched with the -noUpm command-line argument
[Package Manager] UpmClient::Send -- Unable to send message (not connected to UPM process).
[Package Manager] Cannot connect to Unity Package Manager local server
Mono: successfully reloaded assembly
- Finished resetting the current domain, in  2.337 seconds
Domain Reload Profiling: 3103ms
	BeginReloadAssembly (246ms)
		ExecutionOrderSort (0ms)
		DisableScriptedObjects (10ms)
		BackupInstance (0ms)
		ReleaseScriptingObjects (0ms)
		CreateAndSetChildDomain (48ms)
	RebuildCommonClasses (37ms)
	RebuildNativeTypeToScriptingClass (9ms)
	initialDomainReloadingComplete (53ms)
	LoadAllAssembliesAndSetupDomain (422ms)
		LoadAssemblies (545ms)
		RebuildTransferFunctionScriptingTraits (0ms)
		AnalyzeDomain (13ms)
			TypeCache.Refresh (5ms)
				TypeCache.ScanAssembly (0ms)
			ScanForSourceGeneratedMonoScriptInfo (0ms)
			ResolveRequiredComponents (7ms)
	FinalizeReload (2338ms)
		ReleaseScriptCaches (0ms)
		RebuildScriptCaches (0ms)
		SetupLoadedEditorAssemblies (1029ms)
			LogAssemblyErrors (0ms)
			InitializePlatformSupportModulesInManaged (17ms)
			SetLoadedEditorAssemblies (6ms)
			RefreshPlugins (0ms)
			BeforeProcessingInitializeOnLoad (158ms)
			ProcessInitializeOnLoadAttributes (780ms)
			ProcessInitializeOnLoadMethodAttributes (39ms)
			AfterProcessingInitializeOnLoad (29ms)
			EditorAssembliesLoaded (0ms)
		ExecutionOrderSort2 (0ms)
		AwakeInstancesAfterBackupRestoration (21ms)
Refreshing native plugins compatible for Editor in 15.45 ms, found 4 plugins.
Preloading 0 native plugins for Editor in 0.00 ms.
Unloading 4324 Unused Serialized files (Serialized files now loaded: 0)
Unloading 38 unused Assets / (107.0 KB). Loaded Objects now: 4938.
Memory consumption went from 142.6 MB to 142.5 MB.
Total: 4.536700 ms (FindLiveObjects: 0.328300 ms CreateObjectMapping: 0.148900 ms MarkObjects: 3.955500 ms  DeleteObjects: 0.103000 ms)

Prepare: number of updated asset objects reloaded= 0
AssetImportParameters requested are different than current active one (requested -> active):
  custom:container-demuxer-ogg: 62fdf1f143b41e24485cea50d1cbac27 -> 
  custom:video-codec-MediaFoundation-h265: 746d11721c4dcdbdad8f713fa42b33f4 -> 
  custom:video-decoder-ogg-theora: a1e56fd34408186e4bbccfd4996cb3dc -> 
  custom:framework-win-MediaFoundation: 216162199b28c13a410421893ffa2e32 -> 
  custom:CustomObjectIndexerAttribute: 756ad292c208cfabdd7b50bc23989ffe -> 
  custom:container-demuxer-webm: 4f35f7cbe854078d1ac9338744f61a02 -> 
  custom:container-muxer-webm: aa71ff27fc2769a1b78a27578f13a17b -> 
  custom:video-decoder-webm-vp8: 9c59270c3fd7afecdb556c50c9e8de78 -> 
  custom:SearchIndexIgnoredProperties: e643bd26f0fe6173181afceb89e7c659 -> 
  custom:AudioImporter_EditorPlatform: d09bf68614088b80899f8185d706f6e7 -> 
  custom:video-encoder-webm-vp8: eb34c28f22e8b96e1ab97ce403110664 -> 
  custom:audio-decoder-ogg-vorbis: bf7c407c2cedff20999df2af8eb42d56 -> 
  custom:audio-encoder-webm-vorbis: bf7c407c2cedff20999df2af8eb42d56 -> 
========================================================================
Received Prepare
Begin MonoManager ReloadAssembly
- Loaded All Assemblies, in  0.799 seconds
Refreshing native plugins compatible for Editor in 14.48 ms, found 4 plugins.
Native extension for WindowsStandalone target not found
Native extension for WebGL target not found
[Package Manager] Server::EnsureServerProcessIsRunning -- launch failed, reason: Unity was launched with the -noUpm command-line argument
[Package Manager] UpmClient::Send -- Unable to send message (not connected to UPM process).
[Package Manager] Cannot connect to Unity Package Manager local server
Mono: successfully reloaded assembly
- Finished resetting the current domain, in  2.164 seconds
Domain Reload Profiling: 2948ms
	BeginReloadAssembly (214ms)
		ExecutionOrderSort (0ms)
		DisableScriptedObjects (12ms)
		BackupInstance (0ms)
		ReleaseScriptingObjects (0ms)
		CreateAndSetChildDomain (40ms)
	RebuildCommonClasses (41ms)
	RebuildNativeTypeToScriptingClass (9ms)
	initialDomainReloadingComplete (54ms)
	LoadAllAssembliesAndSetupDomain (465ms)
		LoadAssemblies (573ms)
		RebuildTransferFunctionScriptingTraits (0ms)
		AnalyzeDomain (13ms)
			TypeCache.Refresh (5ms)
				TypeCache.ScanAssembly (0ms)
			ScanForSourceGeneratedMonoScriptInfo (0ms)
			ResolveRequiredComponents (6ms)
	FinalizeReload (2165ms)
		ReleaseScriptCaches (0ms)
		RebuildScriptCaches (0ms)
		SetupLoadedEditorAssemblies (877ms)
			LogAssemblyErrors (0ms)
			InitializePlatformSupportModulesInManaged (15ms)
			SetLoadedEditorAssemblies (5ms)
			RefreshPlugins (0ms)
			BeforeProcessingInitializeOnLoad (151ms)
			ProcessInitializeOnLoadAttributes (641ms)
			ProcessInitializeOnLoadMethodAttributes (35ms)
			AfterProcessingInitializeOnLoad (29ms)
			EditorAssembliesLoaded (0ms)
		ExecutionOrderSort2 (0ms)
		AwakeInstancesAfterBackupRestoration (18ms)
Refreshing native plugins compatible for Editor in 16.05 ms, found 4 plugins.
Preloading 0 native plugins for Editor in 0.00 ms.
Unloading 4324 Unused Serialized files (Serialized files now loaded: 0)
Unloading 38 unused Assets / (107.0 KB). Loaded Objects now: 4954.
Memory consumption went from 142.6 MB to 142.5 MB.
Total: 4.389900 ms (FindLiveObjects: 0.352600 ms CreateObjectMapping: 0.152300 ms MarkObjects: 3.784100 ms  DeleteObjects: 0.100000 ms)

Prepare: number of updated asset objects reloaded= 0
AssetImportParameters requested are different than current active one (requested -> active):
  custom:container-demuxer-ogg: 62fdf1f143b41e24485cea50d1cbac27 -> 
  custom:video-codec-MediaFoundation-h265: 746d11721c4dcdbdad8f713fa42b33f4 -> 
  custom:video-decoder-ogg-theora: a1e56fd34408186e4bbccfd4996cb3dc -> 
  custom:framework-win-MediaFoundation: 216162199b28c13a410421893ffa2e32 -> 
  custom:CustomObjectIndexerAttribute: 756ad292c208cfabdd7b50bc23989ffe -> 
  custom:container-demuxer-webm: 4f35f7cbe854078d1ac9338744f61a02 -> 
  custom:container-muxer-webm: aa71ff27fc2769a1b78a27578f13a17b -> 
  custom:video-decoder-webm-vp8: 9c59270c3fd7afecdb556c50c9e8de78 -> 
  custom:SearchIndexIgnoredProperties: e643bd26f0fe6173181afceb89e7c659 -> 
  custom:AudioImporter_EditorPlatform: d09bf68614088b80899f8185d706f6e7 -> 
  custom:video-encoder-webm-vp8: eb34c28f22e8b96e1ab97ce403110664 -> 
  custom:audio-decoder-ogg-vorbis: bf7c407c2cedff20999df2af8eb42d56 -> 
  custom:audio-encoder-webm-vorbis: bf7c407c2cedff20999df2af8eb42d56 -> 
========================================================================
Received Prepare
Refreshing native plugins compatible for Editor in 12.47 ms, found 4 plugins.
Preloading 0 native plugins for Editor in 0.00 ms.
Unloading 2 Unused Serialized files (Serialized files now loaded: 0)
Unloading 2 unused Assets / (76.4 KB). Loaded Objects now: 4954.
Memory consumption went from 76.2 MB to 76.1 MB.
Total: 3.551100 ms (FindLiveObjects: 0.321900 ms CreateObjectMapping: 0.106200 ms MarkObjects: 3.082500 ms  DeleteObjects: 0.039900 ms)

Prepare: number of updated asset objects reloaded= 0
AssetImportParameters requested are different than current active one (requested -> active):
  custom:container-demuxer-ogg: 62fdf1f143b41e24485cea50d1cbac27 -> 
  custom:video-codec-MediaFoundation-h265: 746d11721c4dcdbdad8f713fa42b33f4 -> 
  custom:video-decoder-ogg-theora: a1e56fd34408186e4bbccfd4996cb3dc -> 
  custom:framework-win-MediaFoundation: 216162199b28c13a410421893ffa2e32 -> 
  custom:CustomObjectIndexerAttribute: 756ad292c208cfabdd7b50bc23989ffe -> 
  custom:container-demuxer-webm: 4f35f7cbe854078d1ac9338744f61a02 -> 
  custom:container-muxer-webm: aa71ff27fc2769a1b78a27578f13a17b -> 
  custom:video-decoder-webm-vp8: 9c59270c3fd7afecdb556c50c9e8de78 -> 
  custom:SearchIndexIgnoredProperties: e643bd26f0fe6173181afceb89e7c659 -> 
  custom:AudioImporter_EditorPlatform: d09bf68614088b80899f8185d706f6e7 -> 
  custom:video-encoder-webm-vp8: eb34c28f22e8b96e1ab97ce403110664 -> 
  custom:audio-decoder-ogg-vorbis: bf7c407c2cedff20999df2af8eb42d56 -> 
  custom:audio-encoder-webm-vorbis: bf7c407c2cedff20999df2af8eb42d56 -> 
========================================================================
Received Prepare
Begin MonoManager ReloadAssembly
- Loaded All Assemblies, in  0.740 seconds
Refreshing native plugins compatible for Editor in 14.59 ms, found 4 plugins.
Native extension for WindowsStandalone target not found
Native extension for WebGL target not found
[Package Manager] Server::EnsureServerProcessIsRunning -- launch failed, reason: Unity was launched with the -noUpm command-line argument
[Package Manager] UpmClient::Send -- Unable to send message (not connected to UPM process).
[Package Manager] Cannot connect to Unity Package Manager local server
Mono: successfully reloaded assembly
- Finished resetting the current domain, in  2.133 seconds
Domain Reload Profiling: 2858ms
	BeginReloadAssembly (212ms)
		ExecutionOrderSort (0ms)
		DisableScriptedObjects (10ms)
		BackupInstance (0ms)
		ReleaseScriptingObjects (0ms)
		CreateAndSetChildDomain (42ms)
	RebuildCommonClasses (33ms)
	RebuildNativeTypeToScriptingClass (14ms)
	initialDomainReloadingComplete (50ms)
	LoadAllAssembliesAndSetupDomain (416ms)
		LoadAssemblies (520ms)
		RebuildTransferFunctionScriptingTraits (0ms)
		AnalyzeDomain (13ms)
			TypeCache.Refresh (5ms)
				TypeCache.ScanAssembly (0ms)
			ScanForSourceGeneratedMonoScriptInfo (0ms)
			ResolveRequiredComponents (7ms)
	FinalizeReload (2134ms)
		ReleaseScriptCaches (0ms)
		RebuildScriptCaches (0ms)
		SetupLoadedEditorAssemblies (888ms)
			LogAssemblyErrors (0ms)
			InitializePlatformSupportModulesInManaged (15ms)
			SetLoadedEditorAssemblies (5ms)
			RefreshPlugins (0ms)
			BeforeProcessingInitializeOnLoad (152ms)
			ProcessInitializeOnLoadAttributes (649ms)
			ProcessInitializeOnLoadMethodAttributes (38ms)
			AfterProcessingInitializeOnLoad (28ms)
			EditorAssembliesLoaded (0ms)
		ExecutionOrderSort2 (0ms)
		AwakeInstancesAfterBackupRestoration (17ms)
Refreshing native plugins compatible for Editor in 17.50 ms, found 4 plugins.
Preloading 0 native plugins for Editor in 0.00 ms.
Unloading 4324 Unused Serialized files (Serialized files now loaded: 0)
Unloading 38 unused Assets / (107.0 KB). Loaded Objects now: 4970.
Memory consumption went from 142.6 MB to 142.5 MB.
Total: 3.947000 ms (FindLiveObjects: 0.304400 ms CreateObjectMapping: 0.162100 ms MarkObjects: 3.398000 ms  DeleteObjects: 0.081600 ms)

Prepare: number of updated asset objects reloaded= 0
AssetImportParameters requested are different than current active one (requested -> active):
  custom:container-demuxer-ogg: 62fdf1f143b41e24485cea50d1cbac27 -> 
  custom:video-codec-MediaFoundation-h265: 746d11721c4dcdbdad8f713fa42b33f4 -> 
  custom:video-decoder-ogg-theora: a1e56fd34408186e4bbccfd4996cb3dc -> 
  custom:framework-win-MediaFoundation: 216162199b28c13a410421893ffa2e32 -> 
  custom:CustomObjectIndexerAttribute: 756ad292c208cfabdd7b50bc23989ffe -> 
  custom:container-demuxer-webm: 4f35f7cbe854078d1ac9338744f61a02 -> 
  custom:container-muxer-webm: aa71ff27fc2769a1b78a27578f13a17b -> 
  custom:video-decoder-webm-vp8: 9c59270c3fd7afecdb556c50c9e8de78 -> 
  custom:SearchIndexIgnoredProperties: e643bd26f0fe6173181afceb89e7c659 -> 
  custom:AudioImporter_EditorPlatform: d09bf68614088b80899f8185d706f6e7 -> 
  custom:video-encoder-webm-vp8: eb34c28f22e8b96e1ab97ce403110664 -> 
  custom:audio-decoder-ogg-vorbis: bf7c407c2cedff20999df2af8eb42d56 -> 
  custom:audio-encoder-webm-vorbis: bf7c407c2cedff20999df2af8eb42d56 -> 
========================================================================
Received Prepare
Refreshing native plugins compatible for Editor in 11.80 ms, found 4 plugins.
Preloading 0 native plugins for Editor in 0.00 ms.
Unloading 2 Unused Serialized files (Serialized files now loaded: 0)
Unloading 2 unused Assets / (76.4 KB). Loaded Objects now: 4970.
Memory consumption went from 76.2 MB to 76.1 MB.
Total: 3.475600 ms (FindLiveObjects: 0.296400 ms CreateObjectMapping: 0.101900 ms MarkObjects: 3.029700 ms  DeleteObjects: 0.046900 ms)

Prepare: number of updated asset objects reloaded= 0
AssetImportParameters requested are different than current active one (requested -> active):
  custom:container-demuxer-ogg: 62fdf1f143b41e24485cea50d1cbac27 -> 
  custom:video-codec-MediaFoundation-h265: 746d11721c4dcdbdad8f713fa42b33f4 -> 
  custom:video-decoder-ogg-theora: a1e56fd34408186e4bbccfd4996cb3dc -> 
  custom:framework-win-MediaFoundation: 216162199b28c13a410421893ffa2e32 -> 
  custom:CustomObjectIndexerAttribute: 756ad292c208cfabdd7b50bc23989ffe -> 
  custom:container-demuxer-webm: 4f35f7cbe854078d1ac9338744f61a02 -> 
  custom:container-muxer-webm: aa71ff27fc2769a1b78a27578f13a17b -> 
  custom:video-decoder-webm-vp8: 9c59270c3fd7afecdb556c50c9e8de78 -> 
  custom:SearchIndexIgnoredProperties: e643bd26f0fe6173181afceb89e7c659 -> 
  custom:AudioImporter_EditorPlatform: d09bf68614088b80899f8185d706f6e7 -> 
  custom:video-encoder-webm-vp8: eb34c28f22e8b96e1ab97ce403110664 -> 
  custom:audio-decoder-ogg-vorbis: bf7c407c2cedff20999df2af8eb42d56 -> 
  custom:audio-encoder-webm-vorbis: bf7c407c2cedff20999df2af8eb42d56 -> 
