Using pre-set license
Built from '2022.3/staging' branch; Version is '2022.3.9f1 (ea401c316338) revision 15351836'; Using compiler version '192829333'; Build Type 'Release'
OS: 'Windows 10  (10.0.19045) 64bit CoreSingleLanguage' Language: 'en' Physical Memory: 23761 MB
BatchMode: 1, IsHumanControllingUs: 0, StartBugReporterOnCrash: 0, Is64bit: 1, IsPro: 1

COMMAND LINE ARGUMENTS:
C:\Program Files\2022.3.9f1\Editor\Unity.exe
-adb2
-batchMode
-noUpm
-name
AssetImportWorker0
-projectPath
C:/Users/Test/Documents/GitHub/patrick-star-public
-logFile
Logs/AssetImportWorker0.log
-srvPort
49690
Successfully changed project path to: C:/Users/Test/Documents/GitHub/patrick-star-public
C:/Users/Test/Documents/GitHub/patrick-star-public
[UnityMemory] Configuration Parameters - Can be set up in boot.config
    "memorysetup-bucket-allocator-granularity=16"
    "memorysetup-bucket-allocator-bucket-count=8"
    "memorysetup-bucket-allocator-block-size=33554432"
    "memorysetup-bucket-allocator-block-count=8"
    "memorysetup-main-allocator-block-size=16777216"
    "memorysetup-thread-allocator-block-size=16777216"
    "memorysetup-gfx-main-allocator-block-size=16777216"
    "memorysetup-gfx-thread-allocator-block-size=16777216"
    "memorysetup-cache-allocator-block-size=4194304"
    "memorysetup-typetree-allocator-block-size=2097152"
    "memorysetup-profiler-bucket-allocator-granularity=16"
    "memorysetup-profiler-bucket-allocator-bucket-count=8"
    "memorysetup-profiler-bucket-allocator-block-size=33554432"
    "memorysetup-profiler-bucket-allocator-block-count=8"
    "memorysetup-profiler-allocator-block-size=16777216"
    "memorysetup-profiler-editor-allocator-block-size=1048576"
    "memorysetup-temp-allocator-size-main=16777216"
    "memorysetup-job-temp-allocator-block-size=2097152"
    "memorysetup-job-temp-allocator-block-size-background=1048576"
    "memorysetup-job-temp-allocator-reduction-small-platforms=262144"
    "memorysetup-allocator-temp-initial-block-size-main=262144"
    "memorysetup-allocator-temp-initial-block-size-worker=262144"
    "memorysetup-temp-allocator-size-background-worker=32768"
    "memorysetup-temp-allocator-size-job-worker=262144"
    "memorysetup-temp-allocator-size-preload-manager=33554432"
    "memorysetup-temp-allocator-size-nav-mesh-worker=65536"
    "memorysetup-temp-allocator-size-audio-worker=65536"
    "memorysetup-temp-allocator-size-cloud-worker=32768"
    "memorysetup-temp-allocator-size-gi-baking-worker=262144"
    "memorysetup-temp-allocator-size-gfx=262144"
Player connection [24340] Host "[IP] 169.254.130.64 [Port] 0 [Flags] 2 [Guid] 2452930212 [EditorId] 2452930212 [Version] 1048832 [Id] WindowsEditor(7,LAPTOP-05AVRVMV) [Debug] 1 [PackageName] WindowsEditor [ProjectName] Editor" joined multi-casting on [225.0.0.222:54997]...

Player connection [24340] Host "[IP] 169.254.130.64 [Port] 0 [Flags] 2 [Guid] 2452930212 [EditorId] 2452930212 [Version] 1048832 [Id] WindowsEditor(7,LAPTOP-05AVRVMV) [Debug] 1 [PackageName] WindowsEditor [ProjectName] Editor" joined alternative multi-casting on [225.0.0.222:34997]...

[Physics::Module] Initialized MultithreadedJobDispatcher with 11 workers.
Refreshing native plugins compatible for Editor in 129.77 ms, found 4 plugins.
Preloading 0 native plugins for Editor in 0.00 ms.
Initialize engine version: 2022.3.9f1 (ea401c316338)
[Subsystems] Discovering subsystems at path C:/Program Files/2022.3.9f1/Editor/Data/Resources/UnitySubsystems
[Subsystems] Discovering subsystems at path C:/Users/Test/Documents/GitHub/patrick-star-public/Assets
GfxDevice: creating device client; threaded=0; jobified=0
Direct3D:
    Version:  Direct3D 11.0 [level 11.1]
    Renderer: NVIDIA GeForce RTX 4050 Laptop GPU (ID=0x28a1)
    Vendor:   NVIDIA
    VRAM:     5921 MB
    Driver:   32.0.15.6603
Initialize mono
Mono path[0] = 'C:/Program Files/2022.3.9f1/Editor/Data/Managed'
Mono path[1] = 'C:/Program Files/2022.3.9f1/Editor/Data/MonoBleedingEdge/lib/mono/unityjit-win32'
Mono config path = 'C:/Program Files/2022.3.9f1/Editor/Data/MonoBleedingEdge/etc'
Using monoOptions --debugger-agent=transport=dt_socket,embedding=1,server=y,suspend=n,address=127.0.0.1:56356
Begin MonoManager ReloadAssembly
Registering precompiled unity dll's ...
Register platform support module: C:/Program Files/2022.3.9f1/Editor/Data/PlaybackEngines/WebGLSupport/UnityEditor.WebGL.Extensions.dll
Register platform support module: C:/Program Files/2022.3.9f1/Editor/Data/PlaybackEngines/WindowsStandaloneSupport/UnityEditor.WindowsStandalone.Extensions.dll
Registered in 0.042275 seconds.
- Loaded All Assemblies, in  0.665 seconds
Native extension for WindowsStandalone target not found
Native extension for WebGL target not found
Mono: successfully reloaded assembly
- Finished resetting the current domain, in  0.436 seconds
Domain Reload Profiling: 1089ms
	BeginReloadAssembly (198ms)
		ExecutionOrderSort (0ms)
		DisableScriptedObjects (0ms)
		BackupInstance (0ms)
		ReleaseScriptingObjects (0ms)
		CreateAndSetChildDomain (1ms)
	RebuildCommonClasses (64ms)
	RebuildNativeTypeToScriptingClass (25ms)
	initialDomainReloadingComplete (144ms)
	LoadAllAssembliesAndSetupDomain (222ms)
		LoadAssemblies (193ms)
		RebuildTransferFunctionScriptingTraits (0ms)
		AnalyzeDomain (216ms)
			TypeCache.Refresh (214ms)
				TypeCache.ScanAssembly (191ms)
			ScanForSourceGeneratedMonoScriptInfo (0ms)
			ResolveRequiredComponents (1ms)
	FinalizeReload (437ms)
		ReleaseScriptCaches (0ms)
		RebuildScriptCaches (0ms)
		SetupLoadedEditorAssemblies (316ms)
			LogAssemblyErrors (0ms)
			InitializePlatformSupportModulesInManaged (30ms)
			SetLoadedEditorAssemblies (9ms)
			RefreshPlugins (0ms)
			BeforeProcessingInitializeOnLoad (6ms)
			ProcessInitializeOnLoadAttributes (189ms)
			ProcessInitializeOnLoadMethodAttributes (82ms)
			AfterProcessingInitializeOnLoad (0ms)
			EditorAssembliesLoaded (0ms)
		ExecutionOrderSort2 (0ms)
		AwakeInstancesAfterBackupRestoration (0ms)
========================================================================
Worker process is ready to serve import requests
Begin MonoManager ReloadAssembly
Duplicate assembly 'Supabase.Realtime.dll' with different versions detected, using 'Assets/Packages/Supabase.Realtime.7.0.2/lib/netstandard2.1/Supabase.Realtime.dll, AssemblyName=Supabase.Realtime, Version=7.0.2.0, Culture=neutral, PublicKeyToken=null' and ignoring 'Assets/Packages/realtime-csharp.6.0.4/lib/netstandard2.0/Supabase.Realtime.dll, AssemblyName=Supabase.Realtime, Version=6.0.4.0, Culture=neutral, PublicKeyToken=null'.Duplicate assembly 'Supabase.Functions.dll' with different versions detected, using 'Assets/Packages/Supabase.Functions.2.0.0/lib/netstandard2.0/Supabase.Functions.dll, AssemblyName=Supabase.Functions, Version=2.0.0.0, Culture=neutral, PublicKeyToken=null' and ignoring 'Assets/Packages/functions-csharp.1.3.2/lib/netstandard2.0/Supabase.Functions.dll, AssemblyName=Supabase.Functions, Version=1.3.2.0, Culture=neutral, PublicKeyToken=null'.Duplicate assembly 'Supabase.Gotrue.dll' with different versions detected, using 'Assets/Packages/Supabase.Gotrue.6.0.3/lib/netstandard2.1/Supabase.Gotrue.dll, AssemblyName=Supabase.Gotrue, Version=6.0.3.0, Culture=neutral, PublicKeyToken=null' and ignoring 'Assets/Packages/gotrue-csharp.4.2.7/lib/netstandard2.0/Supabase.Gotrue.dll, AssemblyName=Supabase.Gotrue, Version=4.2.7.0, Culture=neutral, PublicKeyToken=null'.Duplicate assembly 'Supabase.Storage.dll' with different versions detected, using 'Assets/Packages/Supabase.Storage.2.0.2/lib/netstandard2.0/Supabase.Storage.dll, AssemblyName=Supabase.Storage, Version=2.0.2.0, Culture=neutral, PublicKeyToken=null' and ignoring 'Assets/Packages/supabase-storage-csharp.1.4.0/lib/netstandard2.0/Supabase.Storage.dll, AssemblyName=Supabase.Storage, Version=1.4.0.0, Culture=neutral, PublicKeyToken=null'.Duplicate assembly 'Supabase.Postgrest.dll' with different versions detected, using 'Assets/Packages/Supabase.Postgrest.4.0.3/lib/netstandard2.0/Supabase.Postgrest.dll, AssemblyName=Supabase.Postgrest, Version=4.0.3.0, Culture=neutral, PublicKeyToken=null' and ignoring 'Assets/Packages/postgrest-csharp.3.5.1/lib/netstandard2.0/Supabase.Postgrest.dll, AssemblyName=Supabase.Postgrest, Version=3.5.1.0, Culture=neutral, PublicKeyToken=null'.Duplicate assembly 'Supabase.dll' with different versions detected, using 'Assets/Packages/Supabase.1.1.1/lib/netstandard2.1/Supabase.dll, AssemblyName=Supabase, Version=1.1.1.0, Culture=neutral, PublicKeyToken=null' and ignoring 'Assets/Packages/supabase-csharp.0.16.2/lib/netstandard2.0/Supabase.dll, AssemblyName=Supabase, Version=0.16.2.0, Culture=neutral, PublicKeyToken=null'.- Loaded All Assemblies, in  3.074 seconds
Refreshing native plugins compatible for Editor in 65.76 ms, found 4 plugins.
Native extension for WindowsStandalone target not found
Native extension for WebGL target not found
Package Manager log level set to [2]
[Package Manager] Server::EnsureServerProcessIsRunning -- launch failed, reason: Unity was launched with the -noUpm command-line argument
[Package Manager] UpmClient::Send -- Unable to send message (not connected to UPM process).
[Package Manager] Cannot connect to Unity Package Manager local server
Mono: successfully reloaded assembly
- Finished resetting the current domain, in  1.352 seconds
Domain Reload Profiling: 4392ms
	BeginReloadAssembly (310ms)
		ExecutionOrderSort (0ms)
		DisableScriptedObjects (9ms)
		BackupInstance (0ms)
		ReleaseScriptingObjects (0ms)
		CreateAndSetChildDomain (36ms)
	RebuildCommonClasses (62ms)
	RebuildNativeTypeToScriptingClass (15ms)
	initialDomainReloadingComplete (172ms)
	LoadAllAssembliesAndSetupDomain (2479ms)
		LoadAssemblies (2282ms)
		RebuildTransferFunctionScriptingTraits (0ms)
		AnalyzeDomain (397ms)
			TypeCache.Refresh (357ms)
				TypeCache.ScanAssembly (328ms)
			ScanForSourceGeneratedMonoScriptInfo (31ms)
			ResolveRequiredComponents (8ms)
	FinalizeReload (1353ms)
		ReleaseScriptCaches (0ms)
		RebuildScriptCaches (0ms)
		SetupLoadedEditorAssemblies (1146ms)
			LogAssemblyErrors (0ms)
			InitializePlatformSupportModulesInManaged (15ms)
			SetLoadedEditorAssemblies (4ms)
			RefreshPlugins (0ms)
			BeforeProcessingInitializeOnLoad (168ms)
			ProcessInitializeOnLoadAttributes (875ms)
			ProcessInitializeOnLoadMethodAttributes (56ms)
			AfterProcessingInitializeOnLoad (28ms)
			EditorAssembliesLoaded (0ms)
		ExecutionOrderSort2 (0ms)
		AwakeInstancesAfterBackupRestoration (9ms)
Launched and connected shader compiler UnityShaderCompiler.exe after 0.09 seconds
Refreshing native plugins compatible for Editor in 71.07 ms, found 4 plugins.
Preloading 0 native plugins for Editor in 0.00 ms.
Unloading 4658 Unused Serialized files (Serialized files now loaded: 0)
Unloading 159 unused Assets / (178.3 KB). Loaded Objects now: 5044.
Memory consumption went from 156.3 MB to 156.2 MB.
Total: 5.335900 ms (FindLiveObjects: 0.323400 ms CreateObjectMapping: 0.126900 ms MarkObjects: 4.629400 ms  DeleteObjects: 0.255200 ms)

AssetImportParameters requested are different than current active one (requested -> active):
  custom:container-demuxer-ogg: 62fdf1f143b41e24485cea50d1cbac27 -> 
  custom:video-codec-MediaFoundation-h265: 746d11721c4dcdbdad8f713fa42b33f4 -> 
  custom:video-decoder-ogg-theora: a1e56fd34408186e4bbccfd4996cb3dc -> 
  custom:framework-win-MediaFoundation: 216162199b28c13a410421893ffa2e32 -> 
  custom:CustomObjectIndexerAttribute: 756ad292c208cfabdd7b50bc23989ffe -> 
  custom:container-demuxer-webm: 4f35f7cbe854078d1ac9338744f61a02 -> 
  custom:container-muxer-webm: aa71ff27fc2769a1b78a27578f13a17b -> 
  custom:video-decoder-webm-vp8: 9c59270c3fd7afecdb556c50c9e8de78 -> 
  custom:SearchIndexIgnoredProperties: e643bd26f0fe6173181afceb89e7c659 -> 
  custom:AudioImporter_EditorPlatform: d09bf68614088b80899f8185d706f6e7 -> 
  custom:video-encoder-webm-vp8: eb34c28f22e8b96e1ab97ce403110664 -> 
  custom:audio-decoder-ogg-vorbis: bf7c407c2cedff20999df2af8eb42d56 -> 
  custom:audio-encoder-webm-vorbis: bf7c407c2cedff20999df2af8eb42d56 -> 
========================================================================
Received Import Request.
  Time since last request: 92995.745579 seconds.
  path: Assets/Scripts/SupabaseGoogleSignIn.cs
  artifactKey: Guid(d29bc13a0d85b42439e415a2750c49ea) Importer(815301076,1909f56bfc062723c751e8b465ee728b)
Start importing Assets/Scripts/SupabaseGoogleSignIn.cs using Guid(d29bc13a0d85b42439e415a2750c49ea) Importer(815301076,1909f56bfc062723c751e8b465ee728b)  -> (artifact id: '7bc5b8983effbf933d86a3e944d6b04f') in 0.006313 seconds
Number of updated asset objects reloaded before import = 0
Number of asset objects unloaded after import = 0
========================================================================
Received Import Request.
  Time since last request: 6.336687 seconds.
  path: Assets/Scripts/LostCurrencyController.cs
  artifactKey: Guid(e1f3b42a358c23b4f9a637d0e2d34711) Importer(815301076,1909f56bfc062723c751e8b465ee728b)
Start importing Assets/Scripts/LostCurrencyController.cs using Guid(e1f3b42a358c23b4f9a637d0e2d34711) Importer(815301076,1909f56bfc062723c751e8b465ee728b)  -> (artifact id: '6ec91f6c6abe75c986231879bed7d57b') in 0.000646 seconds
Number of updated asset objects reloaded before import = 0
Number of asset objects unloaded after import = 0
========================================================================
Received Import Request.
  Time since last request: 2.362713 seconds.
  path: Assets/Scripts/Entity.cs
  artifactKey: Guid(8e8d46b83a3c2974184ed236275beb85) Importer(815301076,1909f56bfc062723c751e8b465ee728b)
Start importing Assets/Scripts/Entity.cs using Guid(8e8d46b83a3c2974184ed236275beb85) Importer(815301076,1909f56bfc062723c751e8b465ee728b)  -> (artifact id: 'da033caea54104a17b113dc499e199e0') in 0.000599 seconds
Number of updated asset objects reloaded before import = 0
Number of asset objects unloaded after import = 0
========================================================================
Received Prepare
Begin MonoManager ReloadAssembly
Duplicate assembly 'Supabase.Realtime.dll' with different versions detected, using 'Assets/Packages/Supabase.Realtime.7.0.2/lib/netstandard2.1/Supabase.Realtime.dll, AssemblyName=Supabase.Realtime, Version=7.0.2.0, Culture=neutral, PublicKeyToken=null' and ignoring 'Assets/Packages/realtime-csharp.6.0.4/lib/netstandard2.0/Supabase.Realtime.dll, AssemblyName=Supabase.Realtime, Version=6.0.4.0, Culture=neutral, PublicKeyToken=null'.Duplicate assembly 'Supabase.Functions.dll' with different versions detected, using 'Assets/Packages/Supabase.Functions.2.0.0/lib/netstandard2.0/Supabase.Functions.dll, AssemblyName=Supabase.Functions, Version=2.0.0.0, Culture=neutral, PublicKeyToken=null' and ignoring 'Assets/Packages/functions-csharp.1.3.2/lib/netstandard2.0/Supabase.Functions.dll, AssemblyName=Supabase.Functions, Version=1.3.2.0, Culture=neutral, PublicKeyToken=null'.Duplicate assembly 'Supabase.Gotrue.dll' with different versions detected, using 'Assets/Packages/Supabase.Gotrue.6.0.3/lib/netstandard2.1/Supabase.Gotrue.dll, AssemblyName=Supabase.Gotrue, Version=6.0.3.0, Culture=neutral, PublicKeyToken=null' and ignoring 'Assets/Packages/gotrue-csharp.4.2.7/lib/netstandard2.0/Supabase.Gotrue.dll, AssemblyName=Supabase.Gotrue, Version=4.2.7.0, Culture=neutral, PublicKeyToken=null'.Duplicate assembly 'Supabase.Storage.dll' with different versions detected, using 'Assets/Packages/Supabase.Storage.2.0.2/lib/netstandard2.0/Supabase.Storage.dll, AssemblyName=Supabase.Storage, Version=2.0.2.0, Culture=neutral, PublicKeyToken=null' and ignoring 'Assets/Packages/supabase-storage-csharp.1.4.0/lib/netstandard2.0/Supabase.Storage.dll, AssemblyName=Supabase.Storage, Version=1.4.0.0, Culture=neutral, PublicKeyToken=null'.Duplicate assembly 'Supabase.Postgrest.dll' with different versions detected, using 'Assets/Packages/Supabase.Postgrest.4.0.3/lib/netstandard2.0/Supabase.Postgrest.dll, AssemblyName=Supabase.Postgrest, Version=4.0.3.0, Culture=neutral, PublicKeyToken=null' and ignoring 'Assets/Packages/postgrest-csharp.3.5.1/lib/netstandard2.0/Supabase.Postgrest.dll, AssemblyName=Supabase.Postgrest, Version=3.5.1.0, Culture=neutral, PublicKeyToken=null'.Duplicate assembly 'Supabase.dll' with different versions detected, using 'Assets/Packages/Supabase.1.1.1/lib/netstandard2.1/Supabase.dll, AssemblyName=Supabase, Version=1.1.1.0, Culture=neutral, PublicKeyToken=null' and ignoring 'Assets/Packages/supabase-csharp.0.16.2/lib/netstandard2.0/Supabase.dll, AssemblyName=Supabase, Version=0.16.2.0, Culture=neutral, PublicKeyToken=null'.- Loaded All Assemblies, in  2.011 seconds
Refreshing native plugins compatible for Editor in 60.55 ms, found 4 plugins.
Native extension for WindowsStandalone target not found
Native extension for WebGL target not found
[Package Manager] Server::EnsureServerProcessIsRunning -- launch failed, reason: Unity was launched with the -noUpm command-line argument
[Package Manager] UpmClient::Send -- Unable to send message (not connected to UPM process).
[Package Manager] Cannot connect to Unity Package Manager local server
Mono: successfully reloaded assembly
- Finished resetting the current domain, in  2.051 seconds
Domain Reload Profiling: 4037ms
	BeginReloadAssembly (302ms)
		ExecutionOrderSort (0ms)
		DisableScriptedObjects (17ms)
		BackupInstance (0ms)
		ReleaseScriptingObjects (0ms)
		CreateAndSetChildDomain (68ms)
	RebuildCommonClasses (40ms)
	RebuildNativeTypeToScriptingClass (15ms)
	initialDomainReloadingComplete (114ms)
	LoadAllAssembliesAndSetupDomain (1515ms)
		LoadAssemblies (1643ms)
		RebuildTransferFunctionScriptingTraits (0ms)
		AnalyzeDomain (35ms)
			TypeCache.Refresh (13ms)
				TypeCache.ScanAssembly (3ms)
			ScanForSourceGeneratedMonoScriptInfo (12ms)
			ResolveRequiredComponents (9ms)
	FinalizeReload (2052ms)
		ReleaseScriptCaches (0ms)
		RebuildScriptCaches (0ms)
		SetupLoadedEditorAssemblies (766ms)
			LogAssemblyErrors (0ms)
			InitializePlatformSupportModulesInManaged (15ms)
			SetLoadedEditorAssemblies (5ms)
			RefreshPlugins (0ms)
			BeforeProcessingInitializeOnLoad (163ms)
			ProcessInitializeOnLoadAttributes (508ms)
			ProcessInitializeOnLoadMethodAttributes (46ms)
			AfterProcessingInitializeOnLoad (28ms)
			EditorAssembliesLoaded (0ms)
		ExecutionOrderSort2 (0ms)
		AwakeInstancesAfterBackupRestoration (17ms)
Refreshing native plugins compatible for Editor in 57.95 ms, found 4 plugins.
Preloading 0 native plugins for Editor in 0.00 ms.
Unloading 4631 Unused Serialized files (Serialized files now loaded: 0)
Unloading 114 unused Assets / (149.2 KB). Loaded Objects now: 5061.
Memory consumption went from 150.0 MB to 149.9 MB.
Total: 5.794800 ms (FindLiveObjects: 0.440300 ms CreateObjectMapping: 0.177800 ms MarkObjects: 4.932600 ms  DeleteObjects: 0.242600 ms)

Prepare: number of updated asset objects reloaded= 0
AssetImportParameters requested are different than current active one (requested -> active):
  custom:container-demuxer-ogg: 62fdf1f143b41e24485cea50d1cbac27 -> 
  custom:video-codec-MediaFoundation-h265: 746d11721c4dcdbdad8f713fa42b33f4 -> 
  custom:video-decoder-ogg-theora: a1e56fd34408186e4bbccfd4996cb3dc -> 
  custom:framework-win-MediaFoundation: 216162199b28c13a410421893ffa2e32 -> 
  custom:CustomObjectIndexerAttribute: 756ad292c208cfabdd7b50bc23989ffe -> 
  custom:container-demuxer-webm: 4f35f7cbe854078d1ac9338744f61a02 -> 
  custom:container-muxer-webm: aa71ff27fc2769a1b78a27578f13a17b -> 
  custom:video-decoder-webm-vp8: 9c59270c3fd7afecdb556c50c9e8de78 -> 
  custom:SearchIndexIgnoredProperties: e643bd26f0fe6173181afceb89e7c659 -> 
  custom:AudioImporter_EditorPlatform: d09bf68614088b80899f8185d706f6e7 -> 
  custom:video-encoder-webm-vp8: eb34c28f22e8b96e1ab97ce403110664 -> 
  custom:audio-decoder-ogg-vorbis: bf7c407c2cedff20999df2af8eb42d56 -> 
  custom:audio-encoder-webm-vorbis: bf7c407c2cedff20999df2af8eb42d56 -> 
========================================================================
Received Import Request.
  Time since last request: 52.343548 seconds.
  path: Assets/Scripts/LoginStuffScript.cs
  artifactKey: Guid(e0a9593d526e11640a45d8957f035b8e) Importer(815301076,1909f56bfc062723c751e8b465ee728b)
Start importing Assets/Scripts/LoginStuffScript.cs using Guid(e0a9593d526e11640a45d8957f035b8e) Importer(815301076,1909f56bfc062723c751e8b465ee728b)  -> (artifact id: '6b65ab87a4eedea7270743d07c7eb893') in 0.002332 seconds
Number of updated asset objects reloaded before import = 0
Number of asset objects unloaded after import = 0
========================================================================
Received Prepare
Begin MonoManager ReloadAssembly
Duplicate assembly 'Supabase.Realtime.dll' with different versions detected, using 'Assets/Packages/Supabase.Realtime.7.0.2/lib/netstandard2.1/Supabase.Realtime.dll, AssemblyName=Supabase.Realtime, Version=7.0.2.0, Culture=neutral, PublicKeyToken=null' and ignoring 'Assets/Packages/realtime-csharp.6.0.4/lib/netstandard2.0/Supabase.Realtime.dll, AssemblyName=Supabase.Realtime, Version=6.0.4.0, Culture=neutral, PublicKeyToken=null'.Duplicate assembly 'Supabase.Functions.dll' with different versions detected, using 'Assets/Packages/Supabase.Functions.2.0.0/lib/netstandard2.0/Supabase.Functions.dll, AssemblyName=Supabase.Functions, Version=2.0.0.0, Culture=neutral, PublicKeyToken=null' and ignoring 'Assets/Packages/functions-csharp.1.3.2/lib/netstandard2.0/Supabase.Functions.dll, AssemblyName=Supabase.Functions, Version=1.3.2.0, Culture=neutral, PublicKeyToken=null'.Duplicate assembly 'Supabase.Gotrue.dll' with different versions detected, using 'Assets/Packages/Supabase.Gotrue.6.0.3/lib/netstandard2.1/Supabase.Gotrue.dll, AssemblyName=Supabase.Gotrue, Version=6.0.3.0, Culture=neutral, PublicKeyToken=null' and ignoring 'Assets/Packages/gotrue-csharp.4.2.7/lib/netstandard2.0/Supabase.Gotrue.dll, AssemblyName=Supabase.Gotrue, Version=4.2.7.0, Culture=neutral, PublicKeyToken=null'.Duplicate assembly 'Supabase.Storage.dll' with different versions detected, using 'Assets/Packages/Supabase.Storage.2.0.2/lib/netstandard2.0/Supabase.Storage.dll, AssemblyName=Supabase.Storage, Version=2.0.2.0, Culture=neutral, PublicKeyToken=null' and ignoring 'Assets/Packages/supabase-storage-csharp.1.4.0/lib/netstandard2.0/Supabase.Storage.dll, AssemblyName=Supabase.Storage, Version=1.4.0.0, Culture=neutral, PublicKeyToken=null'.Duplicate assembly 'Supabase.Postgrest.dll' with different versions detected, using 'Assets/Packages/Supabase.Postgrest.4.0.3/lib/netstandard2.0/Supabase.Postgrest.dll, AssemblyName=Supabase.Postgrest, Version=4.0.3.0, Culture=neutral, PublicKeyToken=null' and ignoring 'Assets/Packages/postgrest-csharp.3.5.1/lib/netstandard2.0/Supabase.Postgrest.dll, AssemblyName=Supabase.Postgrest, Version=3.5.1.0, Culture=neutral, PublicKeyToken=null'.Duplicate assembly 'Supabase.dll' with different versions detected, using 'Assets/Packages/Supabase.1.1.1/lib/netstandard2.1/Supabase.dll, AssemblyName=Supabase, Version=1.1.1.0, Culture=neutral, PublicKeyToken=null' and ignoring 'Assets/Packages/supabase-csharp.0.16.2/lib/netstandard2.0/Supabase.dll, AssemblyName=Supabase, Version=0.16.2.0, Culture=neutral, PublicKeyToken=null'.- Loaded All Assemblies, in  3.138 seconds
Refreshing native plugins compatible for Editor in 81.69 ms, found 4 plugins.
Native extension for WindowsStandalone target not found
Native extension for WebGL target not found
[Package Manager] Server::EnsureServerProcessIsRunning -- launch failed, reason: Unity was launched with the -noUpm command-line argument
[Package Manager] UpmClient::Send -- Unable to send message (not connected to UPM process).
[Package Manager] Cannot connect to Unity Package Manager local server
Mono: successfully reloaded assembly
- Finished resetting the current domain, in  2.417 seconds
Domain Reload Profiling: 5523ms
	BeginReloadAssembly (383ms)
		ExecutionOrderSort (0ms)
		DisableScriptedObjects (13ms)
		BackupInstance (0ms)
		ReleaseScriptingObjects (0ms)
		CreateAndSetChildDomain (96ms)
	RebuildCommonClasses (51ms)
	RebuildNativeTypeToScriptingClass (16ms)
	initialDomainReloadingComplete (126ms)
	LoadAllAssembliesAndSetupDomain (2529ms)
		LoadAssemblies (2681ms)
		RebuildTransferFunctionScriptingTraits (0ms)
		AnalyzeDomain (46ms)
			TypeCache.Refresh (17ms)
				TypeCache.ScanAssembly (4ms)
			ScanForSourceGeneratedMonoScriptInfo (16ms)
			ResolveRequiredComponents (11ms)
	FinalizeReload (2418ms)
		ReleaseScriptCaches (0ms)
		RebuildScriptCaches (0ms)
		SetupLoadedEditorAssemblies (878ms)
			LogAssemblyErrors (0ms)
			InitializePlatformSupportModulesInManaged (18ms)
			SetLoadedEditorAssemblies (8ms)
			RefreshPlugins (0ms)
			BeforeProcessingInitializeOnLoad (187ms)
			ProcessInitializeOnLoadAttributes (582ms)
			ProcessInitializeOnLoadMethodAttributes (49ms)
			AfterProcessingInitializeOnLoad (33ms)
			EditorAssembliesLoaded (1ms)
		ExecutionOrderSort2 (0ms)
		AwakeInstancesAfterBackupRestoration (18ms)
Refreshing native plugins compatible for Editor in 70.09 ms, found 4 plugins.
Preloading 0 native plugins for Editor in 0.00 ms.
Unloading 4631 Unused Serialized files (Serialized files now loaded: 0)
Unloading 114 unused Assets / (149.3 KB). Loaded Objects now: 5077.
Memory consumption went from 150.0 MB to 149.9 MB.
Total: 5.301700 ms (FindLiveObjects: 0.360000 ms CreateObjectMapping: 0.365900 ms MarkObjects: 4.412600 ms  DeleteObjects: 0.162400 ms)

Prepare: number of updated asset objects reloaded= 0
AssetImportParameters requested are different than current active one (requested -> active):
  custom:container-demuxer-ogg: 62fdf1f143b41e24485cea50d1cbac27 -> 
  custom:video-codec-MediaFoundation-h265: 746d11721c4dcdbdad8f713fa42b33f4 -> 
  custom:video-decoder-ogg-theora: a1e56fd34408186e4bbccfd4996cb3dc -> 
  custom:framework-win-MediaFoundation: 216162199b28c13a410421893ffa2e32 -> 
  custom:CustomObjectIndexerAttribute: 756ad292c208cfabdd7b50bc23989ffe -> 
  custom:container-demuxer-webm: 4f35f7cbe854078d1ac9338744f61a02 -> 
  custom:container-muxer-webm: aa71ff27fc2769a1b78a27578f13a17b -> 
  custom:video-decoder-webm-vp8: 9c59270c3fd7afecdb556c50c9e8de78 -> 
  custom:SearchIndexIgnoredProperties: e643bd26f0fe6173181afceb89e7c659 -> 
  custom:AudioImporter_EditorPlatform: d09bf68614088b80899f8185d706f6e7 -> 
  custom:video-encoder-webm-vp8: eb34c28f22e8b96e1ab97ce403110664 -> 
  custom:audio-decoder-ogg-vorbis: bf7c407c2cedff20999df2af8eb42d56 -> 
  custom:audio-encoder-webm-vorbis: bf7c407c2cedff20999df2af8eb42d56 -> 
========================================================================
Received Import Request.
  Time since last request: 150.582678 seconds.
  path: Assets/Scripts/DeadZone.cs
  artifactKey: Guid(1c84a0906e39de24d99fcb465cfc123d) Importer(815301076,1909f56bfc062723c751e8b465ee728b)
Start importing Assets/Scripts/DeadZone.cs using Guid(1c84a0906e39de24d99fcb465cfc123d) Importer(815301076,1909f56bfc062723c751e8b465ee728b)  -> (artifact id: '3fa5432ed138ce17b9f03d8d979fc2a4') in 0.002311 seconds
Number of updated asset objects reloaded before import = 0
Number of asset objects unloaded after import = 0
========================================================================
Received Import Request.
  Time since last request: 10.859453 seconds.
  path: Assets/Scripts/SaveUpload.cs
  artifactKey: Guid(06476a88bc668504bb8927be0627e27c) Importer(815301076,1909f56bfc062723c751e8b465ee728b)
Start importing Assets/Scripts/SaveUpload.cs using Guid(06476a88bc668504bb8927be0627e27c) Importer(815301076,1909f56bfc062723c751e8b465ee728b)  -> (artifact id: '83ee6607c2c8bdfddd11d73cdfb23066') in 0.001183 seconds
Number of updated asset objects reloaded before import = 0
Number of asset objects unloaded after import = 0
========================================================================
Received Prepare
Begin MonoManager ReloadAssembly
Duplicate assembly 'Supabase.Realtime.dll' with different versions detected, using 'Assets/Packages/Supabase.Realtime.7.0.2/lib/netstandard2.1/Supabase.Realtime.dll, AssemblyName=Supabase.Realtime, Version=7.0.2.0, Culture=neutral, PublicKeyToken=null' and ignoring 'Assets/Packages/realtime-csharp.6.0.4/lib/netstandard2.0/Supabase.Realtime.dll, AssemblyName=Supabase.Realtime, Version=6.0.4.0, Culture=neutral, PublicKeyToken=null'.Duplicate assembly 'Supabase.Functions.dll' with different versions detected, using 'Assets/Packages/Supabase.Functions.2.0.0/lib/netstandard2.0/Supabase.Functions.dll, AssemblyName=Supabase.Functions, Version=2.0.0.0, Culture=neutral, PublicKeyToken=null' and ignoring 'Assets/Packages/functions-csharp.1.3.2/lib/netstandard2.0/Supabase.Functions.dll, AssemblyName=Supabase.Functions, Version=1.3.2.0, Culture=neutral, PublicKeyToken=null'.Duplicate assembly 'Supabase.Gotrue.dll' with different versions detected, using 'Assets/Packages/Supabase.Gotrue.6.0.3/lib/netstandard2.1/Supabase.Gotrue.dll, AssemblyName=Supabase.Gotrue, Version=6.0.3.0, Culture=neutral, PublicKeyToken=null' and ignoring 'Assets/Packages/gotrue-csharp.4.2.7/lib/netstandard2.0/Supabase.Gotrue.dll, AssemblyName=Supabase.Gotrue, Version=4.2.7.0, Culture=neutral, PublicKeyToken=null'.Duplicate assembly 'Supabase.Storage.dll' with different versions detected, using 'Assets/Packages/Supabase.Storage.2.0.2/lib/netstandard2.0/Supabase.Storage.dll, AssemblyName=Supabase.Storage, Version=2.0.2.0, Culture=neutral, PublicKeyToken=null' and ignoring 'Assets/Packages/supabase-storage-csharp.1.4.0/lib/netstandard2.0/Supabase.Storage.dll, AssemblyName=Supabase.Storage, Version=1.4.0.0, Culture=neutral, PublicKeyToken=null'.Duplicate assembly 'Supabase.Postgrest.dll' with different versions detected, using 'Assets/Packages/Supabase.Postgrest.4.0.3/lib/netstandard2.0/Supabase.Postgrest.dll, AssemblyName=Supabase.Postgrest, Version=4.0.3.0, Culture=neutral, PublicKeyToken=null' and ignoring 'Assets/Packages/postgrest-csharp.3.5.1/lib/netstandard2.0/Supabase.Postgrest.dll, AssemblyName=Supabase.Postgrest, Version=3.5.1.0, Culture=neutral, PublicKeyToken=null'.Duplicate assembly 'Supabase.dll' with different versions detected, using 'Assets/Packages/Supabase.1.1.1/lib/netstandard2.1/Supabase.dll, AssemblyName=Supabase, Version=1.1.1.0, Culture=neutral, PublicKeyToken=null' and ignoring 'Assets/Packages/supabase-csharp.0.16.2/lib/netstandard2.0/Supabase.dll, AssemblyName=Supabase, Version=0.16.2.0, Culture=neutral, PublicKeyToken=null'.- Loaded All Assemblies, in  2.231 seconds
Refreshing native plugins compatible for Editor in 69.67 ms, found 4 plugins.
Native extension for WindowsStandalone target not found
Native extension for WebGL target not found
[Package Manager] Server::EnsureServerProcessIsRunning -- launch failed, reason: Unity was launched with the -noUpm command-line argument
[Package Manager] UpmClient::Send -- Unable to send message (not connected to UPM process).
[Package Manager] Cannot connect to Unity Package Manager local server
Mono: successfully reloaded assembly
- Finished resetting the current domain, in  2.114 seconds
Domain Reload Profiling: 4323ms
	BeginReloadAssembly (284ms)
		ExecutionOrderSort (0ms)
		DisableScriptedObjects (18ms)
		BackupInstance (0ms)
		ReleaseScriptingObjects (0ms)
		CreateAndSetChildDomain (55ms)
	RebuildCommonClasses (42ms)
	RebuildNativeTypeToScriptingClass (10ms)
	initialDomainReloadingComplete (104ms)
	LoadAllAssembliesAndSetupDomain (1768ms)
		LoadAssemblies (1883ms)
		RebuildTransferFunctionScriptingTraits (0ms)
		AnalyzeDomain (42ms)
			TypeCache.Refresh (16ms)
				TypeCache.ScanAssembly (4ms)
			ScanForSourceGeneratedMonoScriptInfo (13ms)
			ResolveRequiredComponents (12ms)
	FinalizeReload (2114ms)
		ReleaseScriptCaches (0ms)
		RebuildScriptCaches (0ms)
		SetupLoadedEditorAssemblies (819ms)
			LogAssemblyErrors (0ms)
			InitializePlatformSupportModulesInManaged (19ms)
			SetLoadedEditorAssemblies (6ms)
			RefreshPlugins (0ms)
			BeforeProcessingInitializeOnLoad (172ms)
			ProcessInitializeOnLoadAttributes (558ms)
			ProcessInitializeOnLoadMethodAttributes (40ms)
			AfterProcessingInitializeOnLoad (24ms)
			EditorAssembliesLoaded (0ms)
		ExecutionOrderSort2 (0ms)
		AwakeInstancesAfterBackupRestoration (19ms)
Refreshing native plugins compatible for Editor in 60.84 ms, found 4 plugins.
Preloading 0 native plugins for Editor in 0.00 ms.
Unloading 4632 Unused Serialized files (Serialized files now loaded: 0)
Unloading 114 unused Assets / (149.3 KB). Loaded Objects now: 5094.
Memory consumption went from 150.0 MB to 149.9 MB.
Total: 4.191900 ms (FindLiveObjects: 0.330400 ms CreateObjectMapping: 0.265400 ms MarkObjects: 3.412100 ms  DeleteObjects: 0.183100 ms)

Prepare: number of updated asset objects reloaded= 0
AssetImportParameters requested are different than current active one (requested -> active):
  custom:container-demuxer-ogg: 62fdf1f143b41e24485cea50d1cbac27 -> 
  custom:video-codec-MediaFoundation-h265: 746d11721c4dcdbdad8f713fa42b33f4 -> 
  custom:video-decoder-ogg-theora: a1e56fd34408186e4bbccfd4996cb3dc -> 
  custom:framework-win-MediaFoundation: 216162199b28c13a410421893ffa2e32 -> 
  custom:CustomObjectIndexerAttribute: 756ad292c208cfabdd7b50bc23989ffe -> 
  custom:container-demuxer-webm: 4f35f7cbe854078d1ac9338744f61a02 -> 
  custom:container-muxer-webm: aa71ff27fc2769a1b78a27578f13a17b -> 
  custom:video-decoder-webm-vp8: 9c59270c3fd7afecdb556c50c9e8de78 -> 
  custom:SearchIndexIgnoredProperties: e643bd26f0fe6173181afceb89e7c659 -> 
  custom:AudioImporter_EditorPlatform: d09bf68614088b80899f8185d706f6e7 -> 
  custom:video-encoder-webm-vp8: eb34c28f22e8b96e1ab97ce403110664 -> 
  custom:audio-decoder-ogg-vorbis: bf7c407c2cedff20999df2af8eb42d56 -> 
  custom:audio-encoder-webm-vorbis: bf7c407c2cedff20999df2af8eb42d56 -> 
========================================================================
Received Import Request.
  Time since last request: 11.662604 seconds.
  path: Assets/Scripts/SaveUpload.cs
  artifactKey: Guid(06476a88bc668504bb8927be0627e27c) Importer(815301076,1909f56bfc062723c751e8b465ee728b)
Start importing Assets/Scripts/SaveUpload.cs using Guid(06476a88bc668504bb8927be0627e27c) Importer(815301076,1909f56bfc062723c751e8b465ee728b)  -> (artifact id: 'f7466dfd3708f618dc339b853b166649') in 0.002998 seconds
Number of updated asset objects reloaded before import = 0
Number of asset objects unloaded after import = 0
========================================================================
Received Import Request.
  Time since last request: 144.426744 seconds.
  path: Assets/Scripts/SaveUpload.cs
  artifactKey: Guid(06476a88bc668504bb8927be0627e27c) Importer(815301076,1909f56bfc062723c751e8b465ee728b)
Start importing Assets/Scripts/SaveUpload.cs using Guid(06476a88bc668504bb8927be0627e27c) Importer(815301076,1909f56bfc062723c751e8b465ee728b)  -> (artifact id: 'c535e15117389e90bca463332336df97') in 0.000727 seconds
Number of updated asset objects reloaded before import = 0
Number of asset objects unloaded after import = 0
========================================================================
Received Prepare
Begin MonoManager ReloadAssembly
Duplicate assembly 'Supabase.Realtime.dll' with different versions detected, using 'Assets/Packages/Supabase.Realtime.7.0.2/lib/netstandard2.1/Supabase.Realtime.dll, AssemblyName=Supabase.Realtime, Version=7.0.2.0, Culture=neutral, PublicKeyToken=null' and ignoring 'Assets/Packages/realtime-csharp.6.0.4/lib/netstandard2.0/Supabase.Realtime.dll, AssemblyName=Supabase.Realtime, Version=6.0.4.0, Culture=neutral, PublicKeyToken=null'.Duplicate assembly 'Supabase.Functions.dll' with different versions detected, using 'Assets/Packages/Supabase.Functions.2.0.0/lib/netstandard2.0/Supabase.Functions.dll, AssemblyName=Supabase.Functions, Version=2.0.0.0, Culture=neutral, PublicKeyToken=null' and ignoring 'Assets/Packages/functions-csharp.1.3.2/lib/netstandard2.0/Supabase.Functions.dll, AssemblyName=Supabase.Functions, Version=1.3.2.0, Culture=neutral, PublicKeyToken=null'.Duplicate assembly 'Supabase.Gotrue.dll' with different versions detected, using 'Assets/Packages/Supabase.Gotrue.6.0.3/lib/netstandard2.1/Supabase.Gotrue.dll, AssemblyName=Supabase.Gotrue, Version=6.0.3.0, Culture=neutral, PublicKeyToken=null' and ignoring 'Assets/Packages/gotrue-csharp.4.2.7/lib/netstandard2.0/Supabase.Gotrue.dll, AssemblyName=Supabase.Gotrue, Version=4.2.7.0, Culture=neutral, PublicKeyToken=null'.Duplicate assembly 'Supabase.Storage.dll' with different versions detected, using 'Assets/Packages/Supabase.Storage.2.0.2/lib/netstandard2.0/Supabase.Storage.dll, AssemblyName=Supabase.Storage, Version=2.0.2.0, Culture=neutral, PublicKeyToken=null' and ignoring 'Assets/Packages/supabase-storage-csharp.1.4.0/lib/netstandard2.0/Supabase.Storage.dll, AssemblyName=Supabase.Storage, Version=1.4.0.0, Culture=neutral, PublicKeyToken=null'.Duplicate assembly 'Supabase.Postgrest.dll' with different versions detected, using 'Assets/Packages/Supabase.Postgrest.4.0.3/lib/netstandard2.0/Supabase.Postgrest.dll, AssemblyName=Supabase.Postgrest, Version=4.0.3.0, Culture=neutral, PublicKeyToken=null' and ignoring 'Assets/Packages/postgrest-csharp.3.5.1/lib/netstandard2.0/Supabase.Postgrest.dll, AssemblyName=Supabase.Postgrest, Version=3.5.1.0, Culture=neutral, PublicKeyToken=null'.Duplicate assembly 'Supabase.dll' with different versions detected, using 'Assets/Packages/Supabase.1.1.1/lib/netstandard2.1/Supabase.dll, AssemblyName=Supabase, Version=1.1.1.0, Culture=neutral, PublicKeyToken=null' and ignoring 'Assets/Packages/supabase-csharp.0.16.2/lib/netstandard2.0/Supabase.dll, AssemblyName=Supabase, Version=0.16.2.0, Culture=neutral, PublicKeyToken=null'.- Loaded All Assemblies, in  2.177 seconds
Refreshing native plugins compatible for Editor in 114.57 ms, found 4 plugins.
Native extension for WindowsStandalone target not found
Native extension for WebGL target not found
[Package Manager] Server::EnsureServerProcessIsRunning -- launch failed, reason: Unity was launched with the -noUpm command-line argument
[Package Manager] UpmClient::Send -- Unable to send message (not connected to UPM process).
[Package Manager] Cannot connect to Unity Package Manager local server
Mono: successfully reloaded assembly
- Finished resetting the current domain, in  2.751 seconds
Domain Reload Profiling: 4909ms
	BeginReloadAssembly (254ms)
		ExecutionOrderSort (0ms)
		DisableScriptedObjects (12ms)
		BackupInstance (0ms)
		ReleaseScriptingObjects (0ms)
		CreateAndSetChildDomain (56ms)
	RebuildCommonClasses (38ms)
	RebuildNativeTypeToScriptingClass (11ms)
	initialDomainReloadingComplete (115ms)
	LoadAllAssembliesAndSetupDomain (1738ms)
		LoadAssemblies (1782ms)
		RebuildTransferFunctionScriptingTraits (0ms)
		AnalyzeDomain (87ms)
			TypeCache.Refresh (46ms)
				TypeCache.ScanAssembly (9ms)
			ScanForSourceGeneratedMonoScriptInfo (24ms)
			ResolveRequiredComponents (15ms)
	FinalizeReload (2752ms)
		ReleaseScriptCaches (0ms)
		RebuildScriptCaches (0ms)
		SetupLoadedEditorAssemblies (781ms)
			LogAssemblyErrors (0ms)
			InitializePlatformSupportModulesInManaged (17ms)
			SetLoadedEditorAssemblies (4ms)
			RefreshPlugins (0ms)
			BeforeProcessingInitializeOnLoad (164ms)
			ProcessInitializeOnLoadAttributes (525ms)
			ProcessInitializeOnLoadMethodAttributes (43ms)
			AfterProcessingInitializeOnLoad (27ms)
			EditorAssembliesLoaded (0ms)
		ExecutionOrderSort2 (0ms)
		AwakeInstancesAfterBackupRestoration (19ms)
Refreshing native plugins compatible for Editor in 62.67 ms, found 4 plugins.
Preloading 0 native plugins for Editor in 0.00 ms.
Unloading 4632 Unused Serialized files (Serialized files now loaded: 0)
Unloading 114 unused Assets / (149.2 KB). Loaded Objects now: 5110.
Memory consumption went from 150.0 MB to 149.9 MB.
Total: 3.718800 ms (FindLiveObjects: 0.323500 ms CreateObjectMapping: 0.121100 ms MarkObjects: 3.128900 ms  DeleteObjects: 0.144800 ms)

Prepare: number of updated asset objects reloaded= 0
AssetImportParameters requested are different than current active one (requested -> active):
  custom:container-demuxer-ogg: 62fdf1f143b41e24485cea50d1cbac27 -> 
  custom:video-codec-MediaFoundation-h265: 746d11721c4dcdbdad8f713fa42b33f4 -> 
  custom:video-decoder-ogg-theora: a1e56fd34408186e4bbccfd4996cb3dc -> 
  custom:framework-win-MediaFoundation: 216162199b28c13a410421893ffa2e32 -> 
  custom:CustomObjectIndexerAttribute: 756ad292c208cfabdd7b50bc23989ffe -> 
  custom:container-demuxer-webm: 4f35f7cbe854078d1ac9338744f61a02 -> 
  custom:container-muxer-webm: aa71ff27fc2769a1b78a27578f13a17b -> 
  custom:video-decoder-webm-vp8: 9c59270c3fd7afecdb556c50c9e8de78 -> 
  custom:SearchIndexIgnoredProperties: e643bd26f0fe6173181afceb89e7c659 -> 
  custom:AudioImporter_EditorPlatform: d09bf68614088b80899f8185d706f6e7 -> 
  custom:video-encoder-webm-vp8: eb34c28f22e8b96e1ab97ce403110664 -> 
  custom:audio-decoder-ogg-vorbis: bf7c407c2cedff20999df2af8eb42d56 -> 
  custom:audio-encoder-webm-vorbis: bf7c407c2cedff20999df2af8eb42d56 -> 
========================================================================
Received Import Request.
  Time since last request: 32.924246 seconds.
  path: Assets/Scripts/SaveUpload.cs
  artifactKey: Guid(06476a88bc668504bb8927be0627e27c) Importer(815301076,1909f56bfc062723c751e8b465ee728b)
Start importing Assets/Scripts/SaveUpload.cs using Guid(06476a88bc668504bb8927be0627e27c) Importer(815301076,1909f56bfc062723c751e8b465ee728b)  -> (artifact id: 'e240ac88c1756c67cfecb16811fe5d36') in 0.002719 seconds
Number of updated asset objects reloaded before import = 0
Number of asset objects unloaded after import = 0
========================================================================
Received Prepare
Begin MonoManager ReloadAssembly
Duplicate assembly 'Supabase.Realtime.dll' with different versions detected, using 'Assets/Packages/Supabase.Realtime.7.0.2/lib/netstandard2.1/Supabase.Realtime.dll, AssemblyName=Supabase.Realtime, Version=7.0.2.0, Culture=neutral, PublicKeyToken=null' and ignoring 'Assets/Packages/realtime-csharp.6.0.4/lib/netstandard2.0/Supabase.Realtime.dll, AssemblyName=Supabase.Realtime, Version=6.0.4.0, Culture=neutral, PublicKeyToken=null'.Duplicate assembly 'Supabase.Functions.dll' with different versions detected, using 'Assets/Packages/Supabase.Functions.2.0.0/lib/netstandard2.0/Supabase.Functions.dll, AssemblyName=Supabase.Functions, Version=2.0.0.0, Culture=neutral, PublicKeyToken=null' and ignoring 'Assets/Packages/functions-csharp.1.3.2/lib/netstandard2.0/Supabase.Functions.dll, AssemblyName=Supabase.Functions, Version=1.3.2.0, Culture=neutral, PublicKeyToken=null'.Duplicate assembly 'Supabase.Gotrue.dll' with different versions detected, using 'Assets/Packages/Supabase.Gotrue.6.0.3/lib/netstandard2.1/Supabase.Gotrue.dll, AssemblyName=Supabase.Gotrue, Version=6.0.3.0, Culture=neutral, PublicKeyToken=null' and ignoring 'Assets/Packages/gotrue-csharp.4.2.7/lib/netstandard2.0/Supabase.Gotrue.dll, AssemblyName=Supabase.Gotrue, Version=4.2.7.0, Culture=neutral, PublicKeyToken=null'.Duplicate assembly 'Supabase.Storage.dll' with different versions detected, using 'Assets/Packages/Supabase.Storage.2.0.2/lib/netstandard2.0/Supabase.Storage.dll, AssemblyName=Supabase.Storage, Version=2.0.2.0, Culture=neutral, PublicKeyToken=null' and ignoring 'Assets/Packages/supabase-storage-csharp.1.4.0/lib/netstandard2.0/Supabase.Storage.dll, AssemblyName=Supabase.Storage, Version=1.4.0.0, Culture=neutral, PublicKeyToken=null'.Duplicate assembly 'Supabase.Postgrest.dll' with different versions detected, using 'Assets/Packages/Supabase.Postgrest.4.0.3/lib/netstandard2.0/Supabase.Postgrest.dll, AssemblyName=Supabase.Postgrest, Version=4.0.3.0, Culture=neutral, PublicKeyToken=null' and ignoring 'Assets/Packages/postgrest-csharp.3.5.1/lib/netstandard2.0/Supabase.Postgrest.dll, AssemblyName=Supabase.Postgrest, Version=3.5.1.0, Culture=neutral, PublicKeyToken=null'.Duplicate assembly 'Supabase.dll' with different versions detected, using 'Assets/Packages/Supabase.1.1.1/lib/netstandard2.1/Supabase.dll, AssemblyName=Supabase, Version=1.1.1.0, Culture=neutral, PublicKeyToken=null' and ignoring 'Assets/Packages/supabase-csharp.0.16.2/lib/netstandard2.0/Supabase.dll, AssemblyName=Supabase, Version=0.16.2.0, Culture=neutral, PublicKeyToken=null'.- Loaded All Assemblies, in  2.324 seconds
Refreshing native plugins compatible for Editor in 60.54 ms, found 4 plugins.
Native extension for WindowsStandalone target not found
Native extension for WebGL target not found
[Package Manager] Server::EnsureServerProcessIsRunning -- launch failed, reason: Unity was launched with the -noUpm command-line argument
[Package Manager] UpmClient::Send -- Unable to send message (not connected to UPM process).
[Package Manager] Cannot connect to Unity Package Manager local server
Mono: successfully reloaded assembly
- Finished resetting the current domain, in  2.157 seconds
Domain Reload Profiling: 4451ms
	BeginReloadAssembly (431ms)
		ExecutionOrderSort (0ms)
		DisableScriptedObjects (18ms)
		BackupInstance (0ms)
		ReleaseScriptingObjects (0ms)
		CreateAndSetChildDomain (62ms)
	RebuildCommonClasses (61ms)
	RebuildNativeTypeToScriptingClass (18ms)
	initialDomainReloadingComplete (132ms)
	LoadAllAssembliesAndSetupDomain (1652ms)
		LoadAssemblies (1909ms)
		RebuildTransferFunctionScriptingTraits (0ms)
		AnalyzeDomain (38ms)
			TypeCache.Refresh (17ms)
				TypeCache.ScanAssembly (5ms)
			ScanForSourceGeneratedMonoScriptInfo (12ms)
			ResolveRequiredComponents (8ms)
	FinalizeReload (2158ms)
		ReleaseScriptCaches (0ms)
		RebuildScriptCaches (0ms)
		SetupLoadedEditorAssemblies (867ms)
			LogAssemblyErrors (0ms)
			InitializePlatformSupportModulesInManaged (16ms)
			SetLoadedEditorAssemblies (5ms)
			RefreshPlugins (0ms)
			BeforeProcessingInitializeOnLoad (179ms)
			ProcessInitializeOnLoadAttributes (582ms)
			ProcessInitializeOnLoadMethodAttributes (50ms)
			AfterProcessingInitializeOnLoad (34ms)
			EditorAssembliesLoaded (0ms)
		ExecutionOrderSort2 (0ms)
		AwakeInstancesAfterBackupRestoration (24ms)
Refreshing native plugins compatible for Editor in 62.65 ms, found 4 plugins.
Preloading 0 native plugins for Editor in 0.00 ms.
Unloading 4632 Unused Serialized files (Serialized files now loaded: 0)
Unloading 114 unused Assets / (149.3 KB). Loaded Objects now: 5126.
Memory consumption went from 150.0 MB to 149.8 MB.
Total: 3.655800 ms (FindLiveObjects: 0.339100 ms CreateObjectMapping: 0.145800 ms MarkObjects: 3.008100 ms  DeleteObjects: 0.161800 ms)

Prepare: number of updated asset objects reloaded= 0
AssetImportParameters requested are different than current active one (requested -> active):
  custom:container-demuxer-ogg: 62fdf1f143b41e24485cea50d1cbac27 -> 
  custom:video-codec-MediaFoundation-h265: 746d11721c4dcdbdad8f713fa42b33f4 -> 
  custom:video-decoder-ogg-theora: a1e56fd34408186e4bbccfd4996cb3dc -> 
  custom:framework-win-MediaFoundation: 216162199b28c13a410421893ffa2e32 -> 
  custom:CustomObjectIndexerAttribute: 756ad292c208cfabdd7b50bc23989ffe -> 
  custom:container-demuxer-webm: 4f35f7cbe854078d1ac9338744f61a02 -> 
  custom:container-muxer-webm: aa71ff27fc2769a1b78a27578f13a17b -> 
  custom:video-decoder-webm-vp8: 9c59270c3fd7afecdb556c50c9e8de78 -> 
  custom:SearchIndexIgnoredProperties: e643bd26f0fe6173181afceb89e7c659 -> 
  custom:AudioImporter_EditorPlatform: d09bf68614088b80899f8185d706f6e7 -> 
  custom:video-encoder-webm-vp8: eb34c28f22e8b96e1ab97ce403110664 -> 
  custom:audio-decoder-ogg-vorbis: bf7c407c2cedff20999df2af8eb42d56 -> 
  custom:audio-encoder-webm-vorbis: bf7c407c2cedff20999df2af8eb42d56 -> 
========================================================================
Received Import Request.
  Time since last request: 14.632381 seconds.
  path: Assets/Scripts/SaveUpload.cs
  artifactKey: Guid(06476a88bc668504bb8927be0627e27c) Importer(815301076,1909f56bfc062723c751e8b465ee728b)
Start importing Assets/Scripts/SaveUpload.cs using Guid(06476a88bc668504bb8927be0627e27c) Importer(815301076,1909f56bfc062723c751e8b465ee728b)  -> (artifact id: 'd91dff93e2307138add8dbb4a6ad9db6') in 0.002695 seconds
Number of updated asset objects reloaded before import = 0
Number of asset objects unloaded after import = 0
========================================================================
Received Prepare
Begin MonoManager ReloadAssembly
Duplicate assembly 'Supabase.Realtime.dll' with different versions detected, using 'Assets/Packages/Supabase.Realtime.7.0.2/lib/netstandard2.1/Supabase.Realtime.dll, AssemblyName=Supabase.Realtime, Version=7.0.2.0, Culture=neutral, PublicKeyToken=null' and ignoring 'Assets/Packages/realtime-csharp.6.0.4/lib/netstandard2.0/Supabase.Realtime.dll, AssemblyName=Supabase.Realtime, Version=6.0.4.0, Culture=neutral, PublicKeyToken=null'.Duplicate assembly 'Supabase.Functions.dll' with different versions detected, using 'Assets/Packages/Supabase.Functions.2.0.0/lib/netstandard2.0/Supabase.Functions.dll, AssemblyName=Supabase.Functions, Version=2.0.0.0, Culture=neutral, PublicKeyToken=null' and ignoring 'Assets/Packages/functions-csharp.1.3.2/lib/netstandard2.0/Supabase.Functions.dll, AssemblyName=Supabase.Functions, Version=1.3.2.0, Culture=neutral, PublicKeyToken=null'.Duplicate assembly 'Supabase.Gotrue.dll' with different versions detected, using 'Assets/Packages/Supabase.Gotrue.6.0.3/lib/netstandard2.1/Supabase.Gotrue.dll, AssemblyName=Supabase.Gotrue, Version=6.0.3.0, Culture=neutral, PublicKeyToken=null' and ignoring 'Assets/Packages/gotrue-csharp.4.2.7/lib/netstandard2.0/Supabase.Gotrue.dll, AssemblyName=Supabase.Gotrue, Version=4.2.7.0, Culture=neutral, PublicKeyToken=null'.Duplicate assembly 'Supabase.Storage.dll' with different versions detected, using 'Assets/Packages/Supabase.Storage.2.0.2/lib/netstandard2.0/Supabase.Storage.dll, AssemblyName=Supabase.Storage, Version=2.0.2.0, Culture=neutral, PublicKeyToken=null' and ignoring 'Assets/Packages/supabase-storage-csharp.1.4.0/lib/netstandard2.0/Supabase.Storage.dll, AssemblyName=Supabase.Storage, Version=1.4.0.0, Culture=neutral, PublicKeyToken=null'.Duplicate assembly 'Supabase.Postgrest.dll' with different versions detected, using 'Assets/Packages/Supabase.Postgrest.4.0.3/lib/netstandard2.0/Supabase.Postgrest.dll, AssemblyName=Supabase.Postgrest, Version=4.0.3.0, Culture=neutral, PublicKeyToken=null' and ignoring 'Assets/Packages/postgrest-csharp.3.5.1/lib/netstandard2.0/Supabase.Postgrest.dll, AssemblyName=Supabase.Postgrest, Version=3.5.1.0, Culture=neutral, PublicKeyToken=null'.Duplicate assembly 'Supabase.dll' with different versions detected, using 'Assets/Packages/Supabase.1.1.1/lib/netstandard2.1/Supabase.dll, AssemblyName=Supabase, Version=1.1.1.0, Culture=neutral, PublicKeyToken=null' and ignoring 'Assets/Packages/supabase-csharp.0.16.2/lib/netstandard2.0/Supabase.dll, AssemblyName=Supabase, Version=0.16.2.0, Culture=neutral, PublicKeyToken=null'.- Loaded All Assemblies, in  2.130 seconds
Refreshing native plugins compatible for Editor in 66.23 ms, found 4 plugins.
Native extension for WindowsStandalone target not found
Native extension for WebGL target not found
[Package Manager] Server::EnsureServerProcessIsRunning -- launch failed, reason: Unity was launched with the -noUpm command-line argument
[Package Manager] UpmClient::Send -- Unable to send message (not connected to UPM process).
[Package Manager] Cannot connect to Unity Package Manager local server
Mono: successfully reloaded assembly
- Finished resetting the current domain, in  2.161 seconds
Domain Reload Profiling: 4270ms
	BeginReloadAssembly (264ms)
		ExecutionOrderSort (0ms)
		DisableScriptedObjects (16ms)
		BackupInstance (0ms)
		ReleaseScriptingObjects (0ms)
		CreateAndSetChildDomain (57ms)
	RebuildCommonClasses (47ms)
	RebuildNativeTypeToScriptingClass (11ms)
	initialDomainReloadingComplete (108ms)
	LoadAllAssembliesAndSetupDomain (1679ms)
		LoadAssemblies (1777ms)
		RebuildTransferFunctionScriptingTraits (0ms)
		AnalyzeDomain (42ms)
			TypeCache.Refresh (17ms)
				TypeCache.ScanAssembly (5ms)
			ScanForSourceGeneratedMonoScriptInfo (13ms)
			ResolveRequiredComponents (12ms)
	FinalizeReload (2162ms)
		ReleaseScriptCaches (0ms)
		RebuildScriptCaches (0ms)
		SetupLoadedEditorAssemblies (833ms)
			LogAssemblyErrors (0ms)
			InitializePlatformSupportModulesInManaged (15ms)
			SetLoadedEditorAssemblies (5ms)
			RefreshPlugins (0ms)
			BeforeProcessingInitializeOnLoad (154ms)
			ProcessInitializeOnLoadAttributes (584ms)
			ProcessInitializeOnLoadMethodAttributes (47ms)
			AfterProcessingInitializeOnLoad (28ms)
			EditorAssembliesLoaded (0ms)
		ExecutionOrderSort2 (0ms)
		AwakeInstancesAfterBackupRestoration (15ms)
Refreshing native plugins compatible for Editor in 59.08 ms, found 4 plugins.
Preloading 0 native plugins for Editor in 0.00 ms.
Unloading 4632 Unused Serialized files (Serialized files now loaded: 0)
Unloading 114 unused Assets / (149.2 KB). Loaded Objects now: 5142.
Memory consumption went from 150.1 MB to 149.9 MB.
Total: 4.108700 ms (FindLiveObjects: 0.345700 ms CreateObjectMapping: 0.309300 ms MarkObjects: 3.284700 ms  DeleteObjects: 0.167600 ms)

Prepare: number of updated asset objects reloaded= 0
AssetImportParameters requested are different than current active one (requested -> active):
  custom:container-demuxer-ogg: 62fdf1f143b41e24485cea50d1cbac27 -> 
  custom:video-codec-MediaFoundation-h265: 746d11721c4dcdbdad8f713fa42b33f4 -> 
  custom:video-decoder-ogg-theora: a1e56fd34408186e4bbccfd4996cb3dc -> 
  custom:framework-win-MediaFoundation: 216162199b28c13a410421893ffa2e32 -> 
  custom:CustomObjectIndexerAttribute: 756ad292c208cfabdd7b50bc23989ffe -> 
  custom:container-demuxer-webm: 4f35f7cbe854078d1ac9338744f61a02 -> 
  custom:container-muxer-webm: aa71ff27fc2769a1b78a27578f13a17b -> 
  custom:video-decoder-webm-vp8: 9c59270c3fd7afecdb556c50c9e8de78 -> 
  custom:SearchIndexIgnoredProperties: e643bd26f0fe6173181afceb89e7c659 -> 
  custom:AudioImporter_EditorPlatform: d09bf68614088b80899f8185d706f6e7 -> 
  custom:video-encoder-webm-vp8: eb34c28f22e8b96e1ab97ce403110664 -> 
  custom:audio-decoder-ogg-vorbis: bf7c407c2cedff20999df2af8eb42d56 -> 
  custom:audio-encoder-webm-vorbis: bf7c407c2cedff20999df2af8eb42d56 -> 
========================================================================
Received Import Request.
  Time since last request: 11.492651 seconds.
  path: Assets/Scripts/SaveUpload.cs
  artifactKey: Guid(06476a88bc668504bb8927be0627e27c) Importer(815301076,1909f56bfc062723c751e8b465ee728b)
Start importing Assets/Scripts/SaveUpload.cs using Guid(06476a88bc668504bb8927be0627e27c) Importer(815301076,1909f56bfc062723c751e8b465ee728b)  -> (artifact id: '3cc6ac9dded554f35bfcad14e1ddfd20') in 0.002953 seconds
Number of updated asset objects reloaded before import = 0
Number of asset objects unloaded after import = 0
========================================================================
Received Import Request.
  Time since last request: 14.770619 seconds.
  path: Assets/Scripts/SaveUpload.cs
  artifactKey: Guid(06476a88bc668504bb8927be0627e27c) Importer(815301076,1909f56bfc062723c751e8b465ee728b)
Start importing Assets/Scripts/SaveUpload.cs using Guid(06476a88bc668504bb8927be0627e27c) Importer(815301076,1909f56bfc062723c751e8b465ee728b)  -> (artifact id: '46811f49712884d5b6b3a068b0f25fdd') in 0.000730 seconds
Number of updated asset objects reloaded before import = 0
Number of asset objects unloaded after import = 0
========================================================================
Received Prepare
Begin MonoManager ReloadAssembly
Duplicate assembly 'Supabase.Realtime.dll' with different versions detected, using 'Assets/Packages/Supabase.Realtime.7.0.2/lib/netstandard2.1/Supabase.Realtime.dll, AssemblyName=Supabase.Realtime, Version=7.0.2.0, Culture=neutral, PublicKeyToken=null' and ignoring 'Assets/Packages/realtime-csharp.6.0.4/lib/netstandard2.0/Supabase.Realtime.dll, AssemblyName=Supabase.Realtime, Version=6.0.4.0, Culture=neutral, PublicKeyToken=null'.Duplicate assembly 'Supabase.Functions.dll' with different versions detected, using 'Assets/Packages/Supabase.Functions.2.0.0/lib/netstandard2.0/Supabase.Functions.dll, AssemblyName=Supabase.Functions, Version=2.0.0.0, Culture=neutral, PublicKeyToken=null' and ignoring 'Assets/Packages/functions-csharp.1.3.2/lib/netstandard2.0/Supabase.Functions.dll, AssemblyName=Supabase.Functions, Version=1.3.2.0, Culture=neutral, PublicKeyToken=null'.Duplicate assembly 'Supabase.Gotrue.dll' with different versions detected, using 'Assets/Packages/Supabase.Gotrue.6.0.3/lib/netstandard2.1/Supabase.Gotrue.dll, AssemblyName=Supabase.Gotrue, Version=6.0.3.0, Culture=neutral, PublicKeyToken=null' and ignoring 'Assets/Packages/gotrue-csharp.4.2.7/lib/netstandard2.0/Supabase.Gotrue.dll, AssemblyName=Supabase.Gotrue, Version=4.2.7.0, Culture=neutral, PublicKeyToken=null'.Duplicate assembly 'Supabase.Storage.dll' with different versions detected, using 'Assets/Packages/Supabase.Storage.2.0.2/lib/netstandard2.0/Supabase.Storage.dll, AssemblyName=Supabase.Storage, Version=2.0.2.0, Culture=neutral, PublicKeyToken=null' and ignoring 'Assets/Packages/supabase-storage-csharp.1.4.0/lib/netstandard2.0/Supabase.Storage.dll, AssemblyName=Supabase.Storage, Version=1.4.0.0, Culture=neutral, PublicKeyToken=null'.Duplicate assembly 'Supabase.Postgrest.dll' with different versions detected, using 'Assets/Packages/Supabase.Postgrest.4.0.3/lib/netstandard2.0/Supabase.Postgrest.dll, AssemblyName=Supabase.Postgrest, Version=4.0.3.0, Culture=neutral, PublicKeyToken=null' and ignoring 'Assets/Packages/postgrest-csharp.3.5.1/lib/netstandard2.0/Supabase.Postgrest.dll, AssemblyName=Supabase.Postgrest, Version=3.5.1.0, Culture=neutral, PublicKeyToken=null'.Duplicate assembly 'Supabase.dll' with different versions detected, using 'Assets/Packages/Supabase.1.1.1/lib/netstandard2.1/Supabase.dll, AssemblyName=Supabase, Version=1.1.1.0, Culture=neutral, PublicKeyToken=null' and ignoring 'Assets/Packages/supabase-csharp.0.16.2/lib/netstandard2.0/Supabase.dll, AssemblyName=Supabase, Version=0.16.2.0, Culture=neutral, PublicKeyToken=null'.- Loaded All Assemblies, in  2.063 seconds
Refreshing native plugins compatible for Editor in 59.36 ms, found 4 plugins.
Native extension for WindowsStandalone target not found
Native extension for WebGL target not found
[Package Manager] Server::EnsureServerProcessIsRunning -- launch failed, reason: Unity was launched with the -noUpm command-line argument
[Package Manager] UpmClient::Send -- Unable to send message (not connected to UPM process).
[Package Manager] Cannot connect to Unity Package Manager local server
Mono: successfully reloaded assembly
- Finished resetting the current domain, in  1.829 seconds
Domain Reload Profiling: 3870ms
	BeginReloadAssembly (261ms)
		ExecutionOrderSort (0ms)
		DisableScriptedObjects (11ms)
		BackupInstance (0ms)
		ReleaseScriptingObjects (0ms)
		CreateAndSetChildDomain (52ms)
	RebuildCommonClasses (41ms)
	RebuildNativeTypeToScriptingClass (14ms)
	initialDomainReloadingComplete (167ms)
	LoadAllAssembliesAndSetupDomain (1558ms)
		LoadAssemblies (1668ms)
		RebuildTransferFunctionScriptingTraits (0ms)
		AnalyzeDomain (38ms)
			TypeCache.Refresh (14ms)
				TypeCache.ScanAssembly (4ms)
			ScanForSourceGeneratedMonoScriptInfo (11ms)
			ResolveRequiredComponents (12ms)
	FinalizeReload (1830ms)
		ReleaseScriptCaches (0ms)
		RebuildScriptCaches (0ms)
		SetupLoadedEditorAssemblies (666ms)
			LogAssemblyErrors (0ms)
			InitializePlatformSupportModulesInManaged (14ms)
			SetLoadedEditorAssemblies (6ms)
			RefreshPlugins (0ms)
			BeforeProcessingInitializeOnLoad (138ms)
			ProcessInitializeOnLoadAttributes (446ms)
			ProcessInitializeOnLoadMethodAttributes (37ms)
			AfterProcessingInitializeOnLoad (24ms)
			EditorAssembliesLoaded (0ms)
		ExecutionOrderSort2 (0ms)
		AwakeInstancesAfterBackupRestoration (19ms)
Refreshing native plugins compatible for Editor in 50.76 ms, found 4 plugins.
Preloading 0 native plugins for Editor in 0.00 ms.
Unloading 4632 Unused Serialized files (Serialized files now loaded: 0)
Unloading 114 unused Assets / (149.2 KB). Loaded Objects now: 5158.
Memory consumption went from 150.1 MB to 149.9 MB.
Total: 3.873900 ms (FindLiveObjects: 0.339800 ms CreateObjectMapping: 0.271900 ms MarkObjects: 3.118300 ms  DeleteObjects: 0.143300 ms)

Prepare: number of updated asset objects reloaded= 0
AssetImportParameters requested are different than current active one (requested -> active):
  custom:container-demuxer-ogg: 62fdf1f143b41e24485cea50d1cbac27 -> 
  custom:video-codec-MediaFoundation-h265: 746d11721c4dcdbdad8f713fa42b33f4 -> 
  custom:video-decoder-ogg-theora: a1e56fd34408186e4bbccfd4996cb3dc -> 
  custom:framework-win-MediaFoundation: 216162199b28c13a410421893ffa2e32 -> 
  custom:CustomObjectIndexerAttribute: 756ad292c208cfabdd7b50bc23989ffe -> 
  custom:container-demuxer-webm: 4f35f7cbe854078d1ac9338744f61a02 -> 
  custom:container-muxer-webm: aa71ff27fc2769a1b78a27578f13a17b -> 
  custom:video-decoder-webm-vp8: 9c59270c3fd7afecdb556c50c9e8de78 -> 
  custom:SearchIndexIgnoredProperties: e643bd26f0fe6173181afceb89e7c659 -> 
  custom:AudioImporter_EditorPlatform: d09bf68614088b80899f8185d706f6e7 -> 
  custom:video-encoder-webm-vp8: eb34c28f22e8b96e1ab97ce403110664 -> 
  custom:audio-decoder-ogg-vorbis: bf7c407c2cedff20999df2af8eb42d56 -> 
  custom:audio-encoder-webm-vorbis: bf7c407c2cedff20999df2af8eb42d56 -> 
========================================================================
Received Prepare
Begin MonoManager ReloadAssembly
Duplicate assembly 'Supabase.Realtime.dll' with different versions detected, using 'Assets/Packages/Supabase.Realtime.7.0.2/lib/netstandard2.1/Supabase.Realtime.dll, AssemblyName=Supabase.Realtime, Version=7.0.2.0, Culture=neutral, PublicKeyToken=null' and ignoring 'Assets/Packages/realtime-csharp.6.0.4/lib/netstandard2.0/Supabase.Realtime.dll, AssemblyName=Supabase.Realtime, Version=6.0.4.0, Culture=neutral, PublicKeyToken=null'.Duplicate assembly 'Supabase.Functions.dll' with different versions detected, using 'Assets/Packages/Supabase.Functions.2.0.0/lib/netstandard2.0/Supabase.Functions.dll, AssemblyName=Supabase.Functions, Version=2.0.0.0, Culture=neutral, PublicKeyToken=null' and ignoring 'Assets/Packages/functions-csharp.1.3.2/lib/netstandard2.0/Supabase.Functions.dll, AssemblyName=Supabase.Functions, Version=1.3.2.0, Culture=neutral, PublicKeyToken=null'.Duplicate assembly 'Supabase.Gotrue.dll' with different versions detected, using 'Assets/Packages/Supabase.Gotrue.6.0.3/lib/netstandard2.1/Supabase.Gotrue.dll, AssemblyName=Supabase.Gotrue, Version=6.0.3.0, Culture=neutral, PublicKeyToken=null' and ignoring 'Assets/Packages/gotrue-csharp.4.2.7/lib/netstandard2.0/Supabase.Gotrue.dll, AssemblyName=Supabase.Gotrue, Version=4.2.7.0, Culture=neutral, PublicKeyToken=null'.Duplicate assembly 'Supabase.Storage.dll' with different versions detected, using 'Assets/Packages/Supabase.Storage.2.0.2/lib/netstandard2.0/Supabase.Storage.dll, AssemblyName=Supabase.Storage, Version=2.0.2.0, Culture=neutral, PublicKeyToken=null' and ignoring 'Assets/Packages/supabase-storage-csharp.1.4.0/lib/netstandard2.0/Supabase.Storage.dll, AssemblyName=Supabase.Storage, Version=1.4.0.0, Culture=neutral, PublicKeyToken=null'.Duplicate assembly 'Supabase.Postgrest.dll' with different versions detected, using 'Assets/Packages/Supabase.Postgrest.4.0.3/lib/netstandard2.0/Supabase.Postgrest.dll, AssemblyName=Supabase.Postgrest, Version=4.0.3.0, Culture=neutral, PublicKeyToken=null' and ignoring 'Assets/Packages/postgrest-csharp.3.5.1/lib/netstandard2.0/Supabase.Postgrest.dll, AssemblyName=Supabase.Postgrest, Version=3.5.1.0, Culture=neutral, PublicKeyToken=null'.Duplicate assembly 'Supabase.dll' with different versions detected, using 'Assets/Packages/Supabase.1.1.1/lib/netstandard2.1/Supabase.dll, AssemblyName=Supabase, Version=1.1.1.0, Culture=neutral, PublicKeyToken=null' and ignoring 'Assets/Packages/supabase-csharp.0.16.2/lib/netstandard2.0/Supabase.dll, AssemblyName=Supabase, Version=0.16.2.0, Culture=neutral, PublicKeyToken=null'.- Loaded All Assemblies, in  2.407 seconds
Refreshing native plugins compatible for Editor in 64.54 ms, found 4 plugins.
Native extension for WindowsStandalone target not found
Native extension for WebGL target not found
[Package Manager] Server::EnsureServerProcessIsRunning -- launch failed, reason: Unity was launched with the -noUpm command-line argument
[Package Manager] UpmClient::Send -- Unable to send message (not connected to UPM process).
[Package Manager] Cannot connect to Unity Package Manager local server
Mono: successfully reloaded assembly
- Finished resetting the current domain, in  2.256 seconds
Domain Reload Profiling: 4630ms
	BeginReloadAssembly (295ms)
		ExecutionOrderSort (0ms)
		DisableScriptedObjects (14ms)
		BackupInstance (0ms)
		ReleaseScriptingObjects (0ms)
		CreateAndSetChildDomain (57ms)
	RebuildCommonClasses (127ms)
	RebuildNativeTypeToScriptingClass (29ms)
	initialDomainReloadingComplete (155ms)
	LoadAllAssembliesAndSetupDomain (1768ms)
		LoadAssemblies (1895ms)
		RebuildTransferFunctionScriptingTraits (0ms)
		AnalyzeDomain (46ms)
			TypeCache.Refresh (16ms)
				TypeCache.ScanAssembly (5ms)
			ScanForSourceGeneratedMonoScriptInfo (15ms)
			ResolveRequiredComponents (13ms)
	FinalizeReload (2256ms)
		ReleaseScriptCaches (0ms)
		RebuildScriptCaches (0ms)
		SetupLoadedEditorAssemblies (843ms)
			LogAssemblyErrors (0ms)
			InitializePlatformSupportModulesInManaged (17ms)
			SetLoadedEditorAssemblies (6ms)
			RefreshPlugins (0ms)
			BeforeProcessingInitializeOnLoad (179ms)
			ProcessInitializeOnLoadAttributes (558ms)
			ProcessInitializeOnLoadMethodAttributes (50ms)
			AfterProcessingInitializeOnLoad (31ms)
			EditorAssembliesLoaded (1ms)
		ExecutionOrderSort2 (0ms)
		AwakeInstancesAfterBackupRestoration (23ms)
Refreshing native plugins compatible for Editor in 67.93 ms, found 4 plugins.
Preloading 0 native plugins for Editor in 0.00 ms.
Unloading 4633 Unused Serialized files (Serialized files now loaded: 0)
Unloading 114 unused Assets / (149.2 KB). Loaded Objects now: 5174.
Memory consumption went from 150.4 MB to 150.2 MB.
Total: 5.990900 ms (FindLiveObjects: 0.712000 ms CreateObjectMapping: 0.454300 ms MarkObjects: 4.625300 ms  DeleteObjects: 0.198300 ms)

Prepare: number of updated asset objects reloaded= 0
AssetImportParameters requested are different than current active one (requested -> active):
  custom:container-demuxer-ogg: 62fdf1f143b41e24485cea50d1cbac27 -> 
  custom:video-codec-MediaFoundation-h265: 746d11721c4dcdbdad8f713fa42b33f4 -> 
  custom:video-decoder-ogg-theora: a1e56fd34408186e4bbccfd4996cb3dc -> 
  custom:framework-win-MediaFoundation: 216162199b28c13a410421893ffa2e32 -> 
  custom:CustomObjectIndexerAttribute: 756ad292c208cfabdd7b50bc23989ffe -> 
  custom:container-demuxer-webm: 4f35f7cbe854078d1ac9338744f61a02 -> 
  custom:container-muxer-webm: aa71ff27fc2769a1b78a27578f13a17b -> 
  custom:video-decoder-webm-vp8: 9c59270c3fd7afecdb556c50c9e8de78 -> 
  custom:SearchIndexIgnoredProperties: e643bd26f0fe6173181afceb89e7c659 -> 
  custom:AudioImporter_EditorPlatform: d09bf68614088b80899f8185d706f6e7 -> 
  custom:video-encoder-webm-vp8: eb34c28f22e8b96e1ab97ce403110664 -> 
  custom:audio-decoder-ogg-vorbis: bf7c407c2cedff20999df2af8eb42d56 -> 
  custom:audio-encoder-webm-vorbis: bf7c407c2cedff20999df2af8eb42d56 -> 
========================================================================
Received Prepare
Begin MonoManager ReloadAssembly
Duplicate assembly 'Supabase.Realtime.dll' with different versions detected, using 'Assets/Packages/Supabase.Realtime.7.0.2/lib/netstandard2.1/Supabase.Realtime.dll, AssemblyName=Supabase.Realtime, Version=7.0.2.0, Culture=neutral, PublicKeyToken=null' and ignoring 'Assets/Packages/realtime-csharp.6.0.4/lib/netstandard2.0/Supabase.Realtime.dll, AssemblyName=Supabase.Realtime, Version=6.0.4.0, Culture=neutral, PublicKeyToken=null'.Duplicate assembly 'Supabase.Functions.dll' with different versions detected, using 'Assets/Packages/Supabase.Functions.2.0.0/lib/netstandard2.0/Supabase.Functions.dll, AssemblyName=Supabase.Functions, Version=2.0.0.0, Culture=neutral, PublicKeyToken=null' and ignoring 'Assets/Packages/functions-csharp.1.3.2/lib/netstandard2.0/Supabase.Functions.dll, AssemblyName=Supabase.Functions, Version=1.3.2.0, Culture=neutral, PublicKeyToken=null'.Duplicate assembly 'Supabase.Gotrue.dll' with different versions detected, using 'Assets/Packages/Supabase.Gotrue.6.0.3/lib/netstandard2.1/Supabase.Gotrue.dll, AssemblyName=Supabase.Gotrue, Version=6.0.3.0, Culture=neutral, PublicKeyToken=null' and ignoring 'Assets/Packages/gotrue-csharp.4.2.7/lib/netstandard2.0/Supabase.Gotrue.dll, AssemblyName=Supabase.Gotrue, Version=4.2.7.0, Culture=neutral, PublicKeyToken=null'.Duplicate assembly 'Supabase.Storage.dll' with different versions detected, using 'Assets/Packages/Supabase.Storage.2.0.2/lib/netstandard2.0/Supabase.Storage.dll, AssemblyName=Supabase.Storage, Version=2.0.2.0, Culture=neutral, PublicKeyToken=null' and ignoring 'Assets/Packages/supabase-storage-csharp.1.4.0/lib/netstandard2.0/Supabase.Storage.dll, AssemblyName=Supabase.Storage, Version=1.4.0.0, Culture=neutral, PublicKeyToken=null'.Duplicate assembly 'Supabase.Postgrest.dll' with different versions detected, using 'Assets/Packages/Supabase.Postgrest.4.0.3/lib/netstandard2.0/Supabase.Postgrest.dll, AssemblyName=Supabase.Postgrest, Version=4.0.3.0, Culture=neutral, PublicKeyToken=null' and ignoring 'Assets/Packages/postgrest-csharp.3.5.1/lib/netstandard2.0/Supabase.Postgrest.dll, AssemblyName=Supabase.Postgrest, Version=3.5.1.0, Culture=neutral, PublicKeyToken=null'.Duplicate assembly 'Supabase.dll' with different versions detected, using 'Assets/Packages/Supabase.1.1.1/lib/netstandard2.1/Supabase.dll, AssemblyName=Supabase, Version=1.1.1.0, Culture=neutral, PublicKeyToken=null' and ignoring 'Assets/Packages/supabase-csharp.0.16.2/lib/netstandard2.0/Supabase.dll, AssemblyName=Supabase, Version=0.16.2.0, Culture=neutral, PublicKeyToken=null'.- Loaded All Assemblies, in  2.390 seconds
Refreshing native plugins compatible for Editor in 55.08 ms, found 4 plugins.
Native extension for WindowsStandalone target not found
Native extension for WebGL target not found
[Package Manager] Server::EnsureServerProcessIsRunning -- launch failed, reason: Unity was launched with the -noUpm command-line argument
[Package Manager] UpmClient::Send -- Unable to send message (not connected to UPM process).
[Package Manager] Cannot connect to Unity Package Manager local server
Mono: successfully reloaded assembly
- Finished resetting the current domain, in  1.861 seconds
Domain Reload Profiling: 4221ms
	BeginReloadAssembly (349ms)
		ExecutionOrderSort (0ms)
		DisableScriptedObjects (16ms)
		BackupInstance (0ms)
		ReleaseScriptingObjects (0ms)
		CreateAndSetChildDomain (66ms)
	RebuildCommonClasses (110ms)
	RebuildNativeTypeToScriptingClass (48ms)
	initialDomainReloadingComplete (175ms)
	LoadAllAssembliesAndSetupDomain (1678ms)
		LoadAssemblies (1849ms)
		RebuildTransferFunctionScriptingTraits (0ms)
		AnalyzeDomain (32ms)
			TypeCache.Refresh (13ms)
				TypeCache.ScanAssembly (4ms)
			ScanForSourceGeneratedMonoScriptInfo (9ms)
			ResolveRequiredComponents (9ms)
	FinalizeReload (1862ms)
		ReleaseScriptCaches (0ms)
		RebuildScriptCaches (0ms)
		SetupLoadedEditorAssemblies (682ms)
			LogAssemblyErrors (0ms)
			InitializePlatformSupportModulesInManaged (12ms)
			SetLoadedEditorAssemblies (4ms)
			RefreshPlugins (0ms)
			BeforeProcessingInitializeOnLoad (135ms)
			ProcessInitializeOnLoadAttributes (455ms)
			ProcessInitializeOnLoadMethodAttributes (49ms)
			AfterProcessingInitializeOnLoad (26ms)
			EditorAssembliesLoaded (0ms)
		ExecutionOrderSort2 (0ms)
		AwakeInstancesAfterBackupRestoration (20ms)
Refreshing native plugins compatible for Editor in 52.03 ms, found 4 plugins.
Preloading 0 native plugins for Editor in 0.00 ms.
Unloading 4633 Unused Serialized files (Serialized files now loaded: 0)
Unloading 114 unused Assets / (149.3 KB). Loaded Objects now: 5190.
Memory consumption went from 150.4 MB to 150.2 MB.
Total: 4.193000 ms (FindLiveObjects: 0.325600 ms CreateObjectMapping: 0.120600 ms MarkObjects: 3.590000 ms  DeleteObjects: 0.156000 ms)

Prepare: number of updated asset objects reloaded= 0
AssetImportParameters requested are different than current active one (requested -> active):
  custom:container-demuxer-ogg: 62fdf1f143b41e24485cea50d1cbac27 -> 
  custom:video-codec-MediaFoundation-h265: 746d11721c4dcdbdad8f713fa42b33f4 -> 
  custom:video-decoder-ogg-theora: a1e56fd34408186e4bbccfd4996cb3dc -> 
  custom:framework-win-MediaFoundation: 216162199b28c13a410421893ffa2e32 -> 
  custom:CustomObjectIndexerAttribute: 756ad292c208cfabdd7b50bc23989ffe -> 
  custom:container-demuxer-webm: 4f35f7cbe854078d1ac9338744f61a02 -> 
  custom:container-muxer-webm: aa71ff27fc2769a1b78a27578f13a17b -> 
  custom:video-decoder-webm-vp8: 9c59270c3fd7afecdb556c50c9e8de78 -> 
  custom:SearchIndexIgnoredProperties: e643bd26f0fe6173181afceb89e7c659 -> 
  custom:AudioImporter_EditorPlatform: d09bf68614088b80899f8185d706f6e7 -> 
  custom:video-encoder-webm-vp8: eb34c28f22e8b96e1ab97ce403110664 -> 
  custom:audio-decoder-ogg-vorbis: bf7c407c2cedff20999df2af8eb42d56 -> 
  custom:audio-encoder-webm-vorbis: bf7c407c2cedff20999df2af8eb42d56 -> 
========================================================================
Received Prepare
Begin MonoManager ReloadAssembly
Duplicate assembly 'Supabase.Realtime.dll' with different versions detected, using 'Assets/Packages/Supabase.Realtime.7.0.2/lib/netstandard2.1/Supabase.Realtime.dll, AssemblyName=Supabase.Realtime, Version=7.0.2.0, Culture=neutral, PublicKeyToken=null' and ignoring 'Assets/Packages/realtime-csharp.6.0.4/lib/netstandard2.0/Supabase.Realtime.dll, AssemblyName=Supabase.Realtime, Version=6.0.4.0, Culture=neutral, PublicKeyToken=null'.Duplicate assembly 'Supabase.Functions.dll' with different versions detected, using 'Assets/Packages/Supabase.Functions.2.0.0/lib/netstandard2.0/Supabase.Functions.dll, AssemblyName=Supabase.Functions, Version=2.0.0.0, Culture=neutral, PublicKeyToken=null' and ignoring 'Assets/Packages/functions-csharp.1.3.2/lib/netstandard2.0/Supabase.Functions.dll, AssemblyName=Supabase.Functions, Version=1.3.2.0, Culture=neutral, PublicKeyToken=null'.Duplicate assembly 'Supabase.Gotrue.dll' with different versions detected, using 'Assets/Packages/Supabase.Gotrue.6.0.3/lib/netstandard2.1/Supabase.Gotrue.dll, AssemblyName=Supabase.Gotrue, Version=6.0.3.0, Culture=neutral, PublicKeyToken=null' and ignoring 'Assets/Packages/gotrue-csharp.4.2.7/lib/netstandard2.0/Supabase.Gotrue.dll, AssemblyName=Supabase.Gotrue, Version=4.2.7.0, Culture=neutral, PublicKeyToken=null'.Duplicate assembly 'Supabase.Storage.dll' with different versions detected, using 'Assets/Packages/Supabase.Storage.2.0.2/lib/netstandard2.0/Supabase.Storage.dll, AssemblyName=Supabase.Storage, Version=2.0.2.0, Culture=neutral, PublicKeyToken=null' and ignoring 'Assets/Packages/supabase-storage-csharp.1.4.0/lib/netstandard2.0/Supabase.Storage.dll, AssemblyName=Supabase.Storage, Version=1.4.0.0, Culture=neutral, PublicKeyToken=null'.Duplicate assembly 'Supabase.Postgrest.dll' with different versions detected, using 'Assets/Packages/Supabase.Postgrest.4.0.3/lib/netstandard2.0/Supabase.Postgrest.dll, AssemblyName=Supabase.Postgrest, Version=4.0.3.0, Culture=neutral, PublicKeyToken=null' and ignoring 'Assets/Packages/postgrest-csharp.3.5.1/lib/netstandard2.0/Supabase.Postgrest.dll, AssemblyName=Supabase.Postgrest, Version=3.5.1.0, Culture=neutral, PublicKeyToken=null'.Duplicate assembly 'Supabase.dll' with different versions detected, using 'Assets/Packages/Supabase.1.1.1/lib/netstandard2.1/Supabase.dll, AssemblyName=Supabase, Version=1.1.1.0, Culture=neutral, PublicKeyToken=null' and ignoring 'Assets/Packages/supabase-csharp.0.16.2/lib/netstandard2.0/Supabase.dll, AssemblyName=Supabase, Version=0.16.2.0, Culture=neutral, PublicKeyToken=null'.- Loaded All Assemblies, in  2.173 seconds
Refreshing native plugins compatible for Editor in 73.62 ms, found 4 plugins.
Native extension for WindowsStandalone target not found
Native extension for WebGL target not found
[Package Manager] Server::EnsureServerProcessIsRunning -- launch failed, reason: Unity was launched with the -noUpm command-line argument
[Package Manager] UpmClient::Send -- Unable to send message (not connected to UPM process).
[Package Manager] Cannot connect to Unity Package Manager local server
Mono: successfully reloaded assembly
- Finished resetting the current domain, in  2.484 seconds
Domain Reload Profiling: 4636ms
	BeginReloadAssembly (266ms)
		ExecutionOrderSort (0ms)
		DisableScriptedObjects (14ms)
		BackupInstance (0ms)
		ReleaseScriptingObjects (0ms)
		CreateAndSetChildDomain (53ms)
	RebuildCommonClasses (42ms)
	RebuildNativeTypeToScriptingClass (17ms)
	initialDomainReloadingComplete (106ms)
	LoadAllAssembliesAndSetupDomain (1720ms)
		LoadAssemblies (1841ms)
		RebuildTransferFunctionScriptingTraits (0ms)
		AnalyzeDomain (23ms)
			TypeCache.Refresh (7ms)
				TypeCache.ScanAssembly (0ms)
			ScanForSourceGeneratedMonoScriptInfo (0ms)
			ResolveRequiredComponents (15ms)
	FinalizeReload (2485ms)
		ReleaseScriptCaches (0ms)
		RebuildScriptCaches (0ms)
		SetupLoadedEditorAssemblies (935ms)
			LogAssemblyErrors (0ms)
			InitializePlatformSupportModulesInManaged (17ms)
			SetLoadedEditorAssemblies (5ms)
			RefreshPlugins (0ms)
			BeforeProcessingInitializeOnLoad (191ms)
			ProcessInitializeOnLoadAttributes (632ms)
			ProcessInitializeOnLoadMethodAttributes (56ms)
			AfterProcessingInitializeOnLoad (33ms)
			EditorAssembliesLoaded (0ms)
		ExecutionOrderSort2 (0ms)
		AwakeInstancesAfterBackupRestoration (21ms)
Refreshing native plugins compatible for Editor in 71.21 ms, found 4 plugins.
Preloading 0 native plugins for Editor in 0.00 ms.
Unloading 4633 Unused Serialized files (Serialized files now loaded: 0)
Unloading 114 unused Assets / (149.3 KB). Loaded Objects now: 5206.
Memory consumption went from 150.3 MB to 150.2 MB.
Total: 5.203100 ms (FindLiveObjects: 0.322400 ms CreateObjectMapping: 0.239200 ms MarkObjects: 4.444900 ms  DeleteObjects: 0.195900 ms)

Prepare: number of updated asset objects reloaded= 0
AssetImportParameters requested are different than current active one (requested -> active):
  custom:container-demuxer-ogg: 62fdf1f143b41e24485cea50d1cbac27 -> 
  custom:video-codec-MediaFoundation-h265: 746d11721c4dcdbdad8f713fa42b33f4 -> 
  custom:video-decoder-ogg-theora: a1e56fd34408186e4bbccfd4996cb3dc -> 
  custom:framework-win-MediaFoundation: 216162199b28c13a410421893ffa2e32 -> 
  custom:CustomObjectIndexerAttribute: 756ad292c208cfabdd7b50bc23989ffe -> 
  custom:container-demuxer-webm: 4f35f7cbe854078d1ac9338744f61a02 -> 
  custom:container-muxer-webm: aa71ff27fc2769a1b78a27578f13a17b -> 
  custom:video-decoder-webm-vp8: 9c59270c3fd7afecdb556c50c9e8de78 -> 
  custom:SearchIndexIgnoredProperties: e643bd26f0fe6173181afceb89e7c659 -> 
  custom:AudioImporter_EditorPlatform: d09bf68614088b80899f8185d706f6e7 -> 
  custom:video-encoder-webm-vp8: eb34c28f22e8b96e1ab97ce403110664 -> 
  custom:audio-decoder-ogg-vorbis: bf7c407c2cedff20999df2af8eb42d56 -> 
  custom:audio-encoder-webm-vorbis: bf7c407c2cedff20999df2af8eb42d56 -> 
========================================================================
Received Prepare
Begin MonoManager ReloadAssembly
Duplicate assembly 'Supabase.Realtime.dll' with different versions detected, using 'Assets/Packages/Supabase.Realtime.7.0.2/lib/netstandard2.1/Supabase.Realtime.dll, AssemblyName=Supabase.Realtime, Version=7.0.2.0, Culture=neutral, PublicKeyToken=null' and ignoring 'Assets/Packages/realtime-csharp.6.0.4/lib/netstandard2.0/Supabase.Realtime.dll, AssemblyName=Supabase.Realtime, Version=6.0.4.0, Culture=neutral, PublicKeyToken=null'.Duplicate assembly 'Supabase.Functions.dll' with different versions detected, using 'Assets/Packages/Supabase.Functions.2.0.0/lib/netstandard2.0/Supabase.Functions.dll, AssemblyName=Supabase.Functions, Version=2.0.0.0, Culture=neutral, PublicKeyToken=null' and ignoring 'Assets/Packages/functions-csharp.1.3.2/lib/netstandard2.0/Supabase.Functions.dll, AssemblyName=Supabase.Functions, Version=1.3.2.0, Culture=neutral, PublicKeyToken=null'.Duplicate assembly 'Supabase.Gotrue.dll' with different versions detected, using 'Assets/Packages/Supabase.Gotrue.6.0.3/lib/netstandard2.1/Supabase.Gotrue.dll, AssemblyName=Supabase.Gotrue, Version=6.0.3.0, Culture=neutral, PublicKeyToken=null' and ignoring 'Assets/Packages/gotrue-csharp.4.2.7/lib/netstandard2.0/Supabase.Gotrue.dll, AssemblyName=Supabase.Gotrue, Version=4.2.7.0, Culture=neutral, PublicKeyToken=null'.Duplicate assembly 'Supabase.Storage.dll' with different versions detected, using 'Assets/Packages/Supabase.Storage.2.0.2/lib/netstandard2.0/Supabase.Storage.dll, AssemblyName=Supabase.Storage, Version=2.0.2.0, Culture=neutral, PublicKeyToken=null' and ignoring 'Assets/Packages/supabase-storage-csharp.1.4.0/lib/netstandard2.0/Supabase.Storage.dll, AssemblyName=Supabase.Storage, Version=1.4.0.0, Culture=neutral, PublicKeyToken=null'.Duplicate assembly 'Supabase.Postgrest.dll' with different versions detected, using 'Assets/Packages/Supabase.Postgrest.4.0.3/lib/netstandard2.0/Supabase.Postgrest.dll, AssemblyName=Supabase.Postgrest, Version=4.0.3.0, Culture=neutral, PublicKeyToken=null' and ignoring 'Assets/Packages/postgrest-csharp.3.5.1/lib/netstandard2.0/Supabase.Postgrest.dll, AssemblyName=Supabase.Postgrest, Version=3.5.1.0, Culture=neutral, PublicKeyToken=null'.Duplicate assembly 'Supabase.dll' with different versions detected, using 'Assets/Packages/Supabase.1.1.1/lib/netstandard2.1/Supabase.dll, AssemblyName=Supabase, Version=1.1.1.0, Culture=neutral, PublicKeyToken=null' and ignoring 'Assets/Packages/supabase-csharp.0.16.2/lib/netstandard2.0/Supabase.dll, AssemblyName=Supabase, Version=0.16.2.0, Culture=neutral, PublicKeyToken=null'.- Loaded All Assemblies, in  1.867 seconds
Refreshing native plugins compatible for Editor in 54.34 ms, found 4 plugins.
Native extension for WindowsStandalone target not found
Native extension for WebGL target not found
[Package Manager] Server::EnsureServerProcessIsRunning -- launch failed, reason: Unity was launched with the -noUpm command-line argument
[Package Manager] UpmClient::Send -- Unable to send message (not connected to UPM process).
[Package Manager] Cannot connect to Unity Package Manager local server
Mono: successfully reloaded assembly
- Finished resetting the current domain, in  1.794 seconds
Domain Reload Profiling: 3641ms
	BeginReloadAssembly (290ms)
		ExecutionOrderSort (0ms)
		DisableScriptedObjects (12ms)
		BackupInstance (0ms)
		ReleaseScriptingObjects (0ms)
		CreateAndSetChildDomain (58ms)
	RebuildCommonClasses (47ms)
	RebuildNativeTypeToScriptingClass (12ms)
	initialDomainReloadingComplete (113ms)
	LoadAllAssembliesAndSetupDomain (1385ms)
		LoadAssemblies (1516ms)
		RebuildTransferFunctionScriptingTraits (0ms)
		AnalyzeDomain (35ms)
			TypeCache.Refresh (12ms)
				TypeCache.ScanAssembly (4ms)
			ScanForSourceGeneratedMonoScriptInfo (11ms)
			ResolveRequiredComponents (11ms)
	FinalizeReload (1794ms)
		ReleaseScriptCaches (0ms)
		RebuildScriptCaches (0ms)
		SetupLoadedEditorAssemblies (680ms)
			LogAssemblyErrors (0ms)
			InitializePlatformSupportModulesInManaged (13ms)
			SetLoadedEditorAssemblies (5ms)
			RefreshPlugins (0ms)
			BeforeProcessingInitializeOnLoad (134ms)
			ProcessInitializeOnLoadAttributes (461ms)
			ProcessInitializeOnLoadMethodAttributes (42ms)
			AfterProcessingInitializeOnLoad (25ms)
			EditorAssembliesLoaded (0ms)
		ExecutionOrderSort2 (0ms)
		AwakeInstancesAfterBackupRestoration (19ms)
Refreshing native plugins compatible for Editor in 52.47 ms, found 4 plugins.
Preloading 0 native plugins for Editor in 0.00 ms.
Unloading 4633 Unused Serialized files (Serialized files now loaded: 0)
Unloading 114 unused Assets / (149.3 KB). Loaded Objects now: 5222.
Memory consumption went from 150.4 MB to 150.2 MB.
Total: 3.526800 ms (FindLiveObjects: 0.320900 ms CreateObjectMapping: 0.114400 ms MarkObjects: 2.942700 ms  DeleteObjects: 0.148200 ms)

Prepare: number of updated asset objects reloaded= 0
AssetImportParameters requested are different than current active one (requested -> active):
  custom:container-demuxer-ogg: 62fdf1f143b41e24485cea50d1cbac27 -> 
  custom:video-codec-MediaFoundation-h265: 746d11721c4dcdbdad8f713fa42b33f4 -> 
  custom:video-decoder-ogg-theora: a1e56fd34408186e4bbccfd4996cb3dc -> 
  custom:framework-win-MediaFoundation: 216162199b28c13a410421893ffa2e32 -> 
  custom:CustomObjectIndexerAttribute: 756ad292c208cfabdd7b50bc23989ffe -> 
  custom:container-demuxer-webm: 4f35f7cbe854078d1ac9338744f61a02 -> 
  custom:container-muxer-webm: aa71ff27fc2769a1b78a27578f13a17b -> 
  custom:video-decoder-webm-vp8: 9c59270c3fd7afecdb556c50c9e8de78 -> 
  custom:SearchIndexIgnoredProperties: e643bd26f0fe6173181afceb89e7c659 -> 
  custom:AudioImporter_EditorPlatform: d09bf68614088b80899f8185d706f6e7 -> 
  custom:video-encoder-webm-vp8: eb34c28f22e8b96e1ab97ce403110664 -> 
  custom:audio-decoder-ogg-vorbis: bf7c407c2cedff20999df2af8eb42d56 -> 
  custom:audio-encoder-webm-vorbis: bf7c407c2cedff20999df2af8eb42d56 -> 
========================================================================
Received Prepare
Begin MonoManager ReloadAssembly
Duplicate assembly 'Supabase.Realtime.dll' with different versions detected, using 'Assets/Packages/Supabase.Realtime.7.0.2/lib/netstandard2.1/Supabase.Realtime.dll, AssemblyName=Supabase.Realtime, Version=7.0.2.0, Culture=neutral, PublicKeyToken=null' and ignoring 'Assets/Packages/realtime-csharp.6.0.4/lib/netstandard2.0/Supabase.Realtime.dll, AssemblyName=Supabase.Realtime, Version=6.0.4.0, Culture=neutral, PublicKeyToken=null'.Duplicate assembly 'Supabase.Functions.dll' with different versions detected, using 'Assets/Packages/Supabase.Functions.2.0.0/lib/netstandard2.0/Supabase.Functions.dll, AssemblyName=Supabase.Functions, Version=2.0.0.0, Culture=neutral, PublicKeyToken=null' and ignoring 'Assets/Packages/functions-csharp.1.3.2/lib/netstandard2.0/Supabase.Functions.dll, AssemblyName=Supabase.Functions, Version=1.3.2.0, Culture=neutral, PublicKeyToken=null'.Duplicate assembly 'Supabase.Gotrue.dll' with different versions detected, using 'Assets/Packages/Supabase.Gotrue.6.0.3/lib/netstandard2.1/Supabase.Gotrue.dll, AssemblyName=Supabase.Gotrue, Version=6.0.3.0, Culture=neutral, PublicKeyToken=null' and ignoring 'Assets/Packages/gotrue-csharp.4.2.7/lib/netstandard2.0/Supabase.Gotrue.dll, AssemblyName=Supabase.Gotrue, Version=4.2.7.0, Culture=neutral, PublicKeyToken=null'.Duplicate assembly 'Supabase.Storage.dll' with different versions detected, using 'Assets/Packages/Supabase.Storage.2.0.2/lib/netstandard2.0/Supabase.Storage.dll, AssemblyName=Supabase.Storage, Version=2.0.2.0, Culture=neutral, PublicKeyToken=null' and ignoring 'Assets/Packages/supabase-storage-csharp.1.4.0/lib/netstandard2.0/Supabase.Storage.dll, AssemblyName=Supabase.Storage, Version=1.4.0.0, Culture=neutral, PublicKeyToken=null'.Duplicate assembly 'Supabase.Postgrest.dll' with different versions detected, using 'Assets/Packages/Supabase.Postgrest.4.0.3/lib/netstandard2.0/Supabase.Postgrest.dll, AssemblyName=Supabase.Postgrest, Version=4.0.3.0, Culture=neutral, PublicKeyToken=null' and ignoring 'Assets/Packages/postgrest-csharp.3.5.1/lib/netstandard2.0/Supabase.Postgrest.dll, AssemblyName=Supabase.Postgrest, Version=3.5.1.0, Culture=neutral, PublicKeyToken=null'.Duplicate assembly 'Supabase.dll' with different versions detected, using 'Assets/Packages/Supabase.1.1.1/lib/netstandard2.1/Supabase.dll, AssemblyName=Supabase, Version=1.1.1.0, Culture=neutral, PublicKeyToken=null' and ignoring 'Assets/Packages/supabase-csharp.0.16.2/lib/netstandard2.0/Supabase.dll, AssemblyName=Supabase, Version=0.16.2.0, Culture=neutral, PublicKeyToken=null'.- Loaded All Assemblies, in  2.368 seconds
Refreshing native plugins compatible for Editor in 68.03 ms, found 4 plugins.
Native extension for WindowsStandalone target not found
Native extension for WebGL target not found
[Package Manager] Server::EnsureServerProcessIsRunning -- launch failed, reason: Unity was launched with the -noUpm command-line argument
[Package Manager] UpmClient::Send -- Unable to send message (not connected to UPM process).
[Package Manager] Cannot connect to Unity Package Manager local server
Mono: successfully reloaded assembly
- Finished resetting the current domain, in  1.938 seconds
Domain Reload Profiling: 4280ms
	BeginReloadAssembly (297ms)
		ExecutionOrderSort (0ms)
		DisableScriptedObjects (14ms)
		BackupInstance (0ms)
		ReleaseScriptingObjects (0ms)
		CreateAndSetChildDomain (55ms)
	RebuildCommonClasses (49ms)
	RebuildNativeTypeToScriptingClass (15ms)
	initialDomainReloadingComplete (181ms)
	LoadAllAssembliesAndSetupDomain (1799ms)
		LoadAssemblies (1931ms)
		RebuildTransferFunctionScriptingTraits (0ms)
		AnalyzeDomain (41ms)
			TypeCache.Refresh (16ms)
				TypeCache.ScanAssembly (5ms)
			ScanForSourceGeneratedMonoScriptInfo (13ms)
			ResolveRequiredComponents (11ms)
	FinalizeReload (1939ms)
		ReleaseScriptCaches (0ms)
		RebuildScriptCaches (0ms)
		SetupLoadedEditorAssemblies (699ms)
			LogAssemblyErrors (0ms)
			InitializePlatformSupportModulesInManaged (14ms)
			SetLoadedEditorAssemblies (4ms)
			RefreshPlugins (0ms)
			BeforeProcessingInitializeOnLoad (146ms)
			ProcessInitializeOnLoadAttributes (473ms)
			ProcessInitializeOnLoadMethodAttributes (39ms)
			AfterProcessingInitializeOnLoad (22ms)
			EditorAssembliesLoaded (0ms)
		ExecutionOrderSort2 (0ms)
		AwakeInstancesAfterBackupRestoration (14ms)
Refreshing native plugins compatible for Editor in 62.46 ms, found 4 plugins.
Preloading 0 native plugins for Editor in 0.00 ms.
Unloading 4633 Unused Serialized files (Serialized files now loaded: 0)
Unloading 114 unused Assets / (149.4 KB). Loaded Objects now: 5238.
Memory consumption went from 150.4 MB to 150.2 MB.
Total: 4.379100 ms (FindLiveObjects: 0.402700 ms CreateObjectMapping: 0.422200 ms MarkObjects: 3.398400 ms  DeleteObjects: 0.155300 ms)

Prepare: number of updated asset objects reloaded= 0
AssetImportParameters requested are different than current active one (requested -> active):
  custom:container-demuxer-ogg: 62fdf1f143b41e24485cea50d1cbac27 -> 
  custom:video-codec-MediaFoundation-h265: 746d11721c4dcdbdad8f713fa42b33f4 -> 
  custom:video-decoder-ogg-theora: a1e56fd34408186e4bbccfd4996cb3dc -> 
  custom:framework-win-MediaFoundation: 216162199b28c13a410421893ffa2e32 -> 
  custom:CustomObjectIndexerAttribute: 756ad292c208cfabdd7b50bc23989ffe -> 
  custom:container-demuxer-webm: 4f35f7cbe854078d1ac9338744f61a02 -> 
  custom:container-muxer-webm: aa71ff27fc2769a1b78a27578f13a17b -> 
  custom:video-decoder-webm-vp8: 9c59270c3fd7afecdb556c50c9e8de78 -> 
  custom:SearchIndexIgnoredProperties: e643bd26f0fe6173181afceb89e7c659 -> 
  custom:AudioImporter_EditorPlatform: d09bf68614088b80899f8185d706f6e7 -> 
  custom:video-encoder-webm-vp8: eb34c28f22e8b96e1ab97ce403110664 -> 
  custom:audio-decoder-ogg-vorbis: bf7c407c2cedff20999df2af8eb42d56 -> 
  custom:audio-encoder-webm-vorbis: bf7c407c2cedff20999df2af8eb42d56 -> 
========================================================================
Received Prepare
Begin MonoManager ReloadAssembly
Duplicate assembly 'Supabase.Realtime.dll' with different versions detected, using 'Assets/Packages/Supabase.Realtime.7.0.2/lib/netstandard2.1/Supabase.Realtime.dll, AssemblyName=Supabase.Realtime, Version=7.0.2.0, Culture=neutral, PublicKeyToken=null' and ignoring 'Assets/Packages/realtime-csharp.6.0.4/lib/netstandard2.0/Supabase.Realtime.dll, AssemblyName=Supabase.Realtime, Version=6.0.4.0, Culture=neutral, PublicKeyToken=null'.Duplicate assembly 'Supabase.Functions.dll' with different versions detected, using 'Assets/Packages/Supabase.Functions.2.0.0/lib/netstandard2.0/Supabase.Functions.dll, AssemblyName=Supabase.Functions, Version=2.0.0.0, Culture=neutral, PublicKeyToken=null' and ignoring 'Assets/Packages/functions-csharp.1.3.2/lib/netstandard2.0/Supabase.Functions.dll, AssemblyName=Supabase.Functions, Version=1.3.2.0, Culture=neutral, PublicKeyToken=null'.Duplicate assembly 'Supabase.Gotrue.dll' with different versions detected, using 'Assets/Packages/Supabase.Gotrue.6.0.3/lib/netstandard2.1/Supabase.Gotrue.dll, AssemblyName=Supabase.Gotrue, Version=6.0.3.0, Culture=neutral, PublicKeyToken=null' and ignoring 'Assets/Packages/gotrue-csharp.4.2.7/lib/netstandard2.0/Supabase.Gotrue.dll, AssemblyName=Supabase.Gotrue, Version=4.2.7.0, Culture=neutral, PublicKeyToken=null'.Duplicate assembly 'Supabase.Storage.dll' with different versions detected, using 'Assets/Packages/Supabase.Storage.2.0.2/lib/netstandard2.0/Supabase.Storage.dll, AssemblyName=Supabase.Storage, Version=2.0.2.0, Culture=neutral, PublicKeyToken=null' and ignoring 'Assets/Packages/supabase-storage-csharp.1.4.0/lib/netstandard2.0/Supabase.Storage.dll, AssemblyName=Supabase.Storage, Version=1.4.0.0, Culture=neutral, PublicKeyToken=null'.Duplicate assembly 'Supabase.Postgrest.dll' with different versions detected, using 'Assets/Packages/Supabase.Postgrest.4.0.3/lib/netstandard2.0/Supabase.Postgrest.dll, AssemblyName=Supabase.Postgrest, Version=4.0.3.0, Culture=neutral, PublicKeyToken=null' and ignoring 'Assets/Packages/postgrest-csharp.3.5.1/lib/netstandard2.0/Supabase.Postgrest.dll, AssemblyName=Supabase.Postgrest, Version=3.5.1.0, Culture=neutral, PublicKeyToken=null'.Duplicate assembly 'Supabase.dll' with different versions detected, using 'Assets/Packages/Supabase.1.1.1/lib/netstandard2.1/Supabase.dll, AssemblyName=Supabase, Version=1.1.1.0, Culture=neutral, PublicKeyToken=null' and ignoring 'Assets/Packages/supabase-csharp.0.16.2/lib/netstandard2.0/Supabase.dll, AssemblyName=Supabase, Version=0.16.2.0, Culture=neutral, PublicKeyToken=null'.- Loaded All Assemblies, in  2.441 seconds
Refreshing native plugins compatible for Editor in 67.55 ms, found 4 plugins.
Native extension for WindowsStandalone target not found
Native extension for WebGL target not found
[Package Manager] Server::EnsureServerProcessIsRunning -- launch failed, reason: Unity was launched with the -noUpm command-line argument
[Package Manager] UpmClient::Send -- Unable to send message (not connected to UPM process).
[Package Manager] Cannot connect to Unity Package Manager local server
Mono: successfully reloaded assembly
- Finished resetting the current domain, in  2.732 seconds
Domain Reload Profiling: 5139ms
	BeginReloadAssembly (319ms)
		ExecutionOrderSort (0ms)
		DisableScriptedObjects (19ms)
		BackupInstance (0ms)
		ReleaseScriptingObjects (0ms)
		CreateAndSetChildDomain (61ms)
	RebuildCommonClasses (54ms)
	RebuildNativeTypeToScriptingClass (17ms)
	initialDomainReloadingComplete (138ms)
	LoadAllAssembliesAndSetupDomain (1878ms)
		LoadAssemblies (2031ms)
		RebuildTransferFunctionScriptingTraits (0ms)
		AnalyzeDomain (25ms)
			TypeCache.Refresh (8ms)
				TypeCache.ScanAssembly (0ms)
			ScanForSourceGeneratedMonoScriptInfo (0ms)
			ResolveRequiredComponents (16ms)
	FinalizeReload (2733ms)
		ReleaseScriptCaches (0ms)
		RebuildScriptCaches (0ms)
		SetupLoadedEditorAssemblies (1059ms)
			LogAssemblyErrors (0ms)
			InitializePlatformSupportModulesInManaged (17ms)
			SetLoadedEditorAssemblies (8ms)
			RefreshPlugins (0ms)
			BeforeProcessingInitializeOnLoad (195ms)
			ProcessInitializeOnLoadAttributes (765ms)
			ProcessInitializeOnLoadMethodAttributes (46ms)
			AfterProcessingInitializeOnLoad (27ms)
			EditorAssembliesLoaded (0ms)
		ExecutionOrderSort2 (0ms)
		AwakeInstancesAfterBackupRestoration (21ms)
Refreshing native plugins compatible for Editor in 93.98 ms, found 4 plugins.
Preloading 0 native plugins for Editor in 0.00 ms.
Unloading 4633 Unused Serialized files (Serialized files now loaded: 0)
Unloading 114 unused Assets / (149.3 KB). Loaded Objects now: 5254.
Memory consumption went from 150.4 MB to 150.3 MB.
Total: 7.742900 ms (FindLiveObjects: 0.545900 ms CreateObjectMapping: 0.725300 ms MarkObjects: 6.265600 ms  DeleteObjects: 0.204600 ms)

Prepare: number of updated asset objects reloaded= 0
AssetImportParameters requested are different than current active one (requested -> active):
  custom:container-demuxer-ogg: 62fdf1f143b41e24485cea50d1cbac27 -> 
  custom:video-codec-MediaFoundation-h265: 746d11721c4dcdbdad8f713fa42b33f4 -> 
  custom:video-decoder-ogg-theora: a1e56fd34408186e4bbccfd4996cb3dc -> 
  custom:framework-win-MediaFoundation: 216162199b28c13a410421893ffa2e32 -> 
  custom:CustomObjectIndexerAttribute: 756ad292c208cfabdd7b50bc23989ffe -> 
  custom:container-demuxer-webm: 4f35f7cbe854078d1ac9338744f61a02 -> 
  custom:container-muxer-webm: aa71ff27fc2769a1b78a27578f13a17b -> 
  custom:video-decoder-webm-vp8: 9c59270c3fd7afecdb556c50c9e8de78 -> 
  custom:SearchIndexIgnoredProperties: e643bd26f0fe6173181afceb89e7c659 -> 
  custom:AudioImporter_EditorPlatform: d09bf68614088b80899f8185d706f6e7 -> 
  custom:video-encoder-webm-vp8: eb34c28f22e8b96e1ab97ce403110664 -> 
  custom:audio-decoder-ogg-vorbis: bf7c407c2cedff20999df2af8eb42d56 -> 
  custom:audio-encoder-webm-vorbis: bf7c407c2cedff20999df2af8eb42d56 -> 
========================================================================
Received Prepare
Begin MonoManager ReloadAssembly
Duplicate assembly 'Supabase.Realtime.dll' with different versions detected, using 'Assets/Packages/Supabase.Realtime.7.0.2/lib/netstandard2.1/Supabase.Realtime.dll, AssemblyName=Supabase.Realtime, Version=7.0.2.0, Culture=neutral, PublicKeyToken=null' and ignoring 'Assets/Packages/realtime-csharp.6.0.4/lib/netstandard2.0/Supabase.Realtime.dll, AssemblyName=Supabase.Realtime, Version=6.0.4.0, Culture=neutral, PublicKeyToken=null'.Duplicate assembly 'Supabase.Functions.dll' with different versions detected, using 'Assets/Packages/Supabase.Functions.2.0.0/lib/netstandard2.0/Supabase.Functions.dll, AssemblyName=Supabase.Functions, Version=2.0.0.0, Culture=neutral, PublicKeyToken=null' and ignoring 'Assets/Packages/functions-csharp.1.3.2/lib/netstandard2.0/Supabase.Functions.dll, AssemblyName=Supabase.Functions, Version=1.3.2.0, Culture=neutral, PublicKeyToken=null'.Duplicate assembly 'Supabase.Gotrue.dll' with different versions detected, using 'Assets/Packages/Supabase.Gotrue.6.0.3/lib/netstandard2.1/Supabase.Gotrue.dll, AssemblyName=Supabase.Gotrue, Version=6.0.3.0, Culture=neutral, PublicKeyToken=null' and ignoring 'Assets/Packages/gotrue-csharp.4.2.7/lib/netstandard2.0/Supabase.Gotrue.dll, AssemblyName=Supabase.Gotrue, Version=4.2.7.0, Culture=neutral, PublicKeyToken=null'.Duplicate assembly 'Supabase.Storage.dll' with different versions detected, using 'Assets/Packages/Supabase.Storage.2.0.2/lib/netstandard2.0/Supabase.Storage.dll, AssemblyName=Supabase.Storage, Version=2.0.2.0, Culture=neutral, PublicKeyToken=null' and ignoring 'Assets/Packages/supabase-storage-csharp.1.4.0/lib/netstandard2.0/Supabase.Storage.dll, AssemblyName=Supabase.Storage, Version=1.4.0.0, Culture=neutral, PublicKeyToken=null'.Duplicate assembly 'Supabase.Postgrest.dll' with different versions detected, using 'Assets/Packages/Supabase.Postgrest.4.0.3/lib/netstandard2.0/Supabase.Postgrest.dll, AssemblyName=Supabase.Postgrest, Version=4.0.3.0, Culture=neutral, PublicKeyToken=null' and ignoring 'Assets/Packages/postgrest-csharp.3.5.1/lib/netstandard2.0/Supabase.Postgrest.dll, AssemblyName=Supabase.Postgrest, Version=3.5.1.0, Culture=neutral, PublicKeyToken=null'.Duplicate assembly 'Supabase.dll' with different versions detected, using 'Assets/Packages/Supabase.1.1.1/lib/netstandard2.1/Supabase.dll, AssemblyName=Supabase, Version=1.1.1.0, Culture=neutral, PublicKeyToken=null' and ignoring 'Assets/Packages/supabase-csharp.0.16.2/lib/netstandard2.0/Supabase.dll, AssemblyName=Supabase, Version=0.16.2.0, Culture=neutral, PublicKeyToken=null'.- Loaded All Assemblies, in  2.182 seconds
Refreshing native plugins compatible for Editor in 60.06 ms, found 4 plugins.
Native extension for WindowsStandalone target not found
Native extension for WebGL target not found
[Package Manager] Server::EnsureServerProcessIsRunning -- launch failed, reason: Unity was launched with the -noUpm command-line argument
[Package Manager] UpmClient::Send -- Unable to send message (not connected to UPM process).
[Package Manager] Cannot connect to Unity Package Manager local server
Mono: successfully reloaded assembly
- Finished resetting the current domain, in  2.037 seconds
Domain Reload Profiling: 4197ms
	BeginReloadAssembly (326ms)
		ExecutionOrderSort (0ms)
		DisableScriptedObjects (21ms)
		BackupInstance (0ms)
		ReleaseScriptingObjects (0ms)
		CreateAndSetChildDomain (62ms)
	RebuildCommonClasses (39ms)
	RebuildNativeTypeToScriptingClass (10ms)
	initialDomainReloadingComplete (115ms)
	LoadAllAssembliesAndSetupDomain (1669ms)
		LoadAssemblies (1804ms)
		RebuildTransferFunctionScriptingTraits (0ms)
		AnalyzeDomain (44ms)
			TypeCache.Refresh (18ms)
				TypeCache.ScanAssembly (5ms)
			ScanForSourceGeneratedMonoScriptInfo (13ms)
			ResolveRequiredComponents (12ms)
	FinalizeReload (2037ms)
		ReleaseScriptCaches (0ms)
		RebuildScriptCaches (0ms)
		SetupLoadedEditorAssemblies (775ms)
			LogAssemblyErrors (0ms)
			InitializePlatformSupportModulesInManaged (15ms)
			SetLoadedEditorAssemblies (5ms)
			RefreshPlugins (0ms)
			BeforeProcessingInitializeOnLoad (157ms)
			ProcessInitializeOnLoadAttributes (530ms)
			ProcessInitializeOnLoadMethodAttributes (42ms)
			AfterProcessingInitializeOnLoad (26ms)
			EditorAssembliesLoaded (0ms)
		ExecutionOrderSort2 (0ms)
		AwakeInstancesAfterBackupRestoration (16ms)
Refreshing native plugins compatible for Editor in 58.60 ms, found 4 plugins.
Preloading 0 native plugins for Editor in 0.00 ms.
Unloading 4633 Unused Serialized files (Serialized files now loaded: 0)
Unloading 114 unused Assets / (149.4 KB). Loaded Objects now: 5270.
Memory consumption went from 150.4 MB to 150.3 MB.
Total: 4.403100 ms (FindLiveObjects: 0.309100 ms CreateObjectMapping: 0.110700 ms MarkObjects: 3.826400 ms  DeleteObjects: 0.156200 ms)

Prepare: number of updated asset objects reloaded= 0
AssetImportParameters requested are different than current active one (requested -> active):
  custom:container-demuxer-ogg: 62fdf1f143b41e24485cea50d1cbac27 -> 
  custom:video-codec-MediaFoundation-h265: 746d11721c4dcdbdad8f713fa42b33f4 -> 
  custom:video-decoder-ogg-theora: a1e56fd34408186e4bbccfd4996cb3dc -> 
  custom:framework-win-MediaFoundation: 216162199b28c13a410421893ffa2e32 -> 
  custom:CustomObjectIndexerAttribute: 756ad292c208cfabdd7b50bc23989ffe -> 
  custom:container-demuxer-webm: 4f35f7cbe854078d1ac9338744f61a02 -> 
  custom:container-muxer-webm: aa71ff27fc2769a1b78a27578f13a17b -> 
  custom:video-decoder-webm-vp8: 9c59270c3fd7afecdb556c50c9e8de78 -> 
  custom:SearchIndexIgnoredProperties: e643bd26f0fe6173181afceb89e7c659 -> 
  custom:AudioImporter_EditorPlatform: d09bf68614088b80899f8185d706f6e7 -> 
  custom:video-encoder-webm-vp8: eb34c28f22e8b96e1ab97ce403110664 -> 
  custom:audio-decoder-ogg-vorbis: bf7c407c2cedff20999df2af8eb42d56 -> 
  custom:audio-encoder-webm-vorbis: bf7c407c2cedff20999df2af8eb42d56 -> 
========================================================================
Received Prepare
Refreshing native plugins compatible for Editor in 54.77 ms, found 4 plugins.
Preloading 0 native plugins for Editor in 0.00 ms.
Unloading 2 Unused Serialized files (Serialized files now loaded: 0)
Unloading 2 unused Assets / (76.5 KB). Loaded Objects now: 5270.
Memory consumption went from 78.4 MB to 78.3 MB.
Total: 3.513200 ms (FindLiveObjects: 0.347500 ms CreateObjectMapping: 0.139000 ms MarkObjects: 2.991000 ms  DeleteObjects: 0.035200 ms)

Prepare: number of updated asset objects reloaded= 0
AssetImportParameters requested are different than current active one (requested -> active):
  custom:container-demuxer-ogg: 62fdf1f143b41e24485cea50d1cbac27 -> 
  custom:video-codec-MediaFoundation-h265: 746d11721c4dcdbdad8f713fa42b33f4 -> 
  custom:video-decoder-ogg-theora: a1e56fd34408186e4bbccfd4996cb3dc -> 
  custom:framework-win-MediaFoundation: 216162199b28c13a410421893ffa2e32 -> 
  custom:CustomObjectIndexerAttribute: 756ad292c208cfabdd7b50bc23989ffe -> 
  custom:container-demuxer-webm: 4f35f7cbe854078d1ac9338744f61a02 -> 
  custom:container-muxer-webm: aa71ff27fc2769a1b78a27578f13a17b -> 
  custom:video-decoder-webm-vp8: 9c59270c3fd7afecdb556c50c9e8de78 -> 
  custom:SearchIndexIgnoredProperties: e643bd26f0fe6173181afceb89e7c659 -> 
  custom:AudioImporter_EditorPlatform: d09bf68614088b80899f8185d706f6e7 -> 
  custom:video-encoder-webm-vp8: eb34c28f22e8b96e1ab97ce403110664 -> 
  custom:audio-decoder-ogg-vorbis: bf7c407c2cedff20999df2af8eb42d56 -> 
  custom:audio-encoder-webm-vorbis: bf7c407c2cedff20999df2af8eb42d56 -> 
========================================================================
Received Prepare
Refreshing native plugins compatible for Editor in 76.64 ms, found 4 plugins.
Preloading 0 native plugins for Editor in 0.00 ms.
Unloading 2 Unused Serialized files (Serialized files now loaded: 0)
Unloading 2 unused Assets / (76.5 KB). Loaded Objects now: 5270.
Memory consumption went from 78.0 MB to 77.9 MB.
Total: 6.362400 ms (FindLiveObjects: 0.586800 ms CreateObjectMapping: 0.255600 ms MarkObjects: 5.471800 ms  DeleteObjects: 0.046800 ms)

Prepare: number of updated asset objects reloaded= 0
AssetImportParameters requested are different than current active one (requested -> active):
  custom:container-demuxer-ogg: 62fdf1f143b41e24485cea50d1cbac27 -> 
  custom:video-codec-MediaFoundation-h265: 746d11721c4dcdbdad8f713fa42b33f4 -> 
  custom:video-decoder-ogg-theora: a1e56fd34408186e4bbccfd4996cb3dc -> 
  custom:framework-win-MediaFoundation: 216162199b28c13a410421893ffa2e32 -> 
  custom:CustomObjectIndexerAttribute: 756ad292c208cfabdd7b50bc23989ffe -> 
  custom:container-demuxer-webm: 4f35f7cbe854078d1ac9338744f61a02 -> 
  custom:container-muxer-webm: aa71ff27fc2769a1b78a27578f13a17b -> 
  custom:video-decoder-webm-vp8: 9c59270c3fd7afecdb556c50c9e8de78 -> 
  custom:SearchIndexIgnoredProperties: e643bd26f0fe6173181afceb89e7c659 -> 
  custom:AudioImporter_EditorPlatform: d09bf68614088b80899f8185d706f6e7 -> 
  custom:video-encoder-webm-vp8: eb34c28f22e8b96e1ab97ce403110664 -> 
  custom:audio-decoder-ogg-vorbis: bf7c407c2cedff20999df2af8eb42d56 -> 
  custom:audio-encoder-webm-vorbis: bf7c407c2cedff20999df2af8eb42d56 -> 
========================================================================
Received Prepare
Begin MonoManager ReloadAssembly
Duplicate assembly 'Supabase.Realtime.dll' with different versions detected, using 'Assets/Packages/Supabase.Realtime.7.0.2/lib/netstandard2.1/Supabase.Realtime.dll, AssemblyName=Supabase.Realtime, Version=7.0.2.0, Culture=neutral, PublicKeyToken=null' and ignoring 'Assets/Packages/realtime-csharp.6.0.4/lib/netstandard2.0/Supabase.Realtime.dll, AssemblyName=Supabase.Realtime, Version=6.0.4.0, Culture=neutral, PublicKeyToken=null'.Duplicate assembly 'Supabase.Functions.dll' with different versions detected, using 'Assets/Packages/Supabase.Functions.2.0.0/lib/netstandard2.0/Supabase.Functions.dll, AssemblyName=Supabase.Functions, Version=2.0.0.0, Culture=neutral, PublicKeyToken=null' and ignoring 'Assets/Packages/functions-csharp.1.3.2/lib/netstandard2.0/Supabase.Functions.dll, AssemblyName=Supabase.Functions, Version=1.3.2.0, Culture=neutral, PublicKeyToken=null'.Duplicate assembly 'Supabase.Gotrue.dll' with different versions detected, using 'Assets/Packages/Supabase.Gotrue.6.0.3/lib/netstandard2.1/Supabase.Gotrue.dll, AssemblyName=Supabase.Gotrue, Version=6.0.3.0, Culture=neutral, PublicKeyToken=null' and ignoring 'Assets/Packages/gotrue-csharp.4.2.7/lib/netstandard2.0/Supabase.Gotrue.dll, AssemblyName=Supabase.Gotrue, Version=4.2.7.0, Culture=neutral, PublicKeyToken=null'.Duplicate assembly 'Supabase.Storage.dll' with different versions detected, using 'Assets/Packages/Supabase.Storage.2.0.2/lib/netstandard2.0/Supabase.Storage.dll, AssemblyName=Supabase.Storage, Version=2.0.2.0, Culture=neutral, PublicKeyToken=null' and ignoring 'Assets/Packages/supabase-storage-csharp.1.4.0/lib/netstandard2.0/Supabase.Storage.dll, AssemblyName=Supabase.Storage, Version=1.4.0.0, Culture=neutral, PublicKeyToken=null'.Duplicate assembly 'Supabase.Postgrest.dll' with different versions detected, using 'Assets/Packages/Supabase.Postgrest.4.0.3/lib/netstandard2.0/Supabase.Postgrest.dll, AssemblyName=Supabase.Postgrest, Version=4.0.3.0, Culture=neutral, PublicKeyToken=null' and ignoring 'Assets/Packages/postgrest-csharp.3.5.1/lib/netstandard2.0/Supabase.Postgrest.dll, AssemblyName=Supabase.Postgrest, Version=3.5.1.0, Culture=neutral, PublicKeyToken=null'.Duplicate assembly 'Supabase.dll' with different versions detected, using 'Assets/Packages/Supabase.1.1.1/lib/netstandard2.1/Supabase.dll, AssemblyName=Supabase, Version=1.1.1.0, Culture=neutral, PublicKeyToken=null' and ignoring 'Assets/Packages/supabase-csharp.0.16.2/lib/netstandard2.0/Supabase.dll, AssemblyName=Supabase, Version=0.16.2.0, Culture=neutral, PublicKeyToken=null'.- Loaded All Assemblies, in  2.472 seconds
Refreshing native plugins compatible for Editor in 69.77 ms, found 4 plugins.
Native extension for WindowsStandalone target not found
Native extension for WebGL target not found
[Package Manager] Server::EnsureServerProcessIsRunning -- launch failed, reason: Unity was launched with the -noUpm command-line argument
[Package Manager] UpmClient::Send -- Unable to send message (not connected to UPM process).
[Package Manager] Cannot connect to Unity Package Manager local server
Mono: successfully reloaded assembly
- Finished resetting the current domain, in  2.472 seconds
Domain Reload Profiling: 4919ms
	BeginReloadAssembly (312ms)
		ExecutionOrderSort (0ms)
		DisableScriptedObjects (17ms)
		BackupInstance (0ms)
		ReleaseScriptingObjects (0ms)
		CreateAndSetChildDomain (59ms)
	RebuildCommonClasses (51ms)
	RebuildNativeTypeToScriptingClass (19ms)
	initialDomainReloadingComplete (138ms)
	LoadAllAssembliesAndSetupDomain (1926ms)
		LoadAssemblies (2061ms)
		RebuildTransferFunctionScriptingTraits (0ms)
		AnalyzeDomain (42ms)
			TypeCache.Refresh (16ms)
				TypeCache.ScanAssembly (5ms)
			ScanForSourceGeneratedMonoScriptInfo (13ms)
			ResolveRequiredComponents (12ms)
	FinalizeReload (2473ms)
		ReleaseScriptCaches (0ms)
		RebuildScriptCaches (0ms)
		SetupLoadedEditorAssemblies (898ms)
			LogAssemblyErrors (0ms)
			InitializePlatformSupportModulesInManaged (17ms)
			SetLoadedEditorAssemblies (6ms)
			RefreshPlugins (0ms)
			BeforeProcessingInitializeOnLoad (181ms)
			ProcessInitializeOnLoadAttributes (601ms)
			ProcessInitializeOnLoadMethodAttributes (62ms)
			AfterProcessingInitializeOnLoad (30ms)
			EditorAssembliesLoaded (0ms)
		ExecutionOrderSort2 (0ms)
		AwakeInstancesAfterBackupRestoration (23ms)
Refreshing native plugins compatible for Editor in 56.97 ms, found 4 plugins.
Preloading 0 native plugins for Editor in 0.00 ms.
Unloading 4633 Unused Serialized files (Serialized files now loaded: 0)
Unloading 114 unused Assets / (149.3 KB). Loaded Objects now: 5286.
Memory consumption went from 150.4 MB to 150.2 MB.
Total: 4.528400 ms (FindLiveObjects: 0.356900 ms CreateObjectMapping: 0.338500 ms MarkObjects: 3.619200 ms  DeleteObjects: 0.212900 ms)

Prepare: number of updated asset objects reloaded= 0
AssetImportParameters requested are different than current active one (requested -> active):
  custom:container-demuxer-ogg: 62fdf1f143b41e24485cea50d1cbac27 -> 
  custom:video-codec-MediaFoundation-h265: 746d11721c4dcdbdad8f713fa42b33f4 -> 
  custom:video-decoder-ogg-theora: a1e56fd34408186e4bbccfd4996cb3dc -> 
  custom:framework-win-MediaFoundation: 216162199b28c13a410421893ffa2e32 -> 
  custom:CustomObjectIndexerAttribute: 756ad292c208cfabdd7b50bc23989ffe -> 
  custom:container-demuxer-webm: 4f35f7cbe854078d1ac9338744f61a02 -> 
  custom:container-muxer-webm: aa71ff27fc2769a1b78a27578f13a17b -> 
  custom:video-decoder-webm-vp8: 9c59270c3fd7afecdb556c50c9e8de78 -> 
  custom:SearchIndexIgnoredProperties: e643bd26f0fe6173181afceb89e7c659 -> 
  custom:AudioImporter_EditorPlatform: d09bf68614088b80899f8185d706f6e7 -> 
  custom:video-encoder-webm-vp8: eb34c28f22e8b96e1ab97ce403110664 -> 
  custom:audio-decoder-ogg-vorbis: bf7c407c2cedff20999df2af8eb42d56 -> 
  custom:audio-encoder-webm-vorbis: bf7c407c2cedff20999df2af8eb42d56 -> 
========================================================================
Received Prepare
Refreshing native plugins compatible for Editor in 62.91 ms, found 4 plugins.
Preloading 0 native plugins for Editor in 0.00 ms.
Unloading 2 Unused Serialized files (Serialized files now loaded: 0)
Unloading 2 unused Assets / (76.5 KB). Loaded Objects now: 5286.
Memory consumption went from 78.3 MB to 78.3 MB.
Total: 5.506400 ms (FindLiveObjects: 0.337100 ms CreateObjectMapping: 0.129700 ms MarkObjects: 4.994700 ms  DeleteObjects: 0.044100 ms)

Prepare: number of updated asset objects reloaded= 0
AssetImportParameters requested are different than current active one (requested -> active):
  custom:container-demuxer-ogg: 62fdf1f143b41e24485cea50d1cbac27 -> 
  custom:video-codec-MediaFoundation-h265: 746d11721c4dcdbdad8f713fa42b33f4 -> 
  custom:video-decoder-ogg-theora: a1e56fd34408186e4bbccfd4996cb3dc -> 
  custom:framework-win-MediaFoundation: 216162199b28c13a410421893ffa2e32 -> 
  custom:CustomObjectIndexerAttribute: 756ad292c208cfabdd7b50bc23989ffe -> 
  custom:container-demuxer-webm: 4f35f7cbe854078d1ac9338744f61a02 -> 
  custom:container-muxer-webm: aa71ff27fc2769a1b78a27578f13a17b -> 
  custom:video-decoder-webm-vp8: 9c59270c3fd7afecdb556c50c9e8de78 -> 
  custom:SearchIndexIgnoredProperties: e643bd26f0fe6173181afceb89e7c659 -> 
  custom:AudioImporter_EditorPlatform: d09bf68614088b80899f8185d706f6e7 -> 
  custom:video-encoder-webm-vp8: eb34c28f22e8b96e1ab97ce403110664 -> 
  custom:audio-decoder-ogg-vorbis: bf7c407c2cedff20999df2af8eb42d56 -> 
  custom:audio-encoder-webm-vorbis: bf7c407c2cedff20999df2af8eb42d56 -> 
========================================================================
Received Prepare
Begin MonoManager ReloadAssembly
Duplicate assembly 'Supabase.Realtime.dll' with different versions detected, using 'Assets/Packages/Supabase.Realtime.7.0.2/lib/netstandard2.1/Supabase.Realtime.dll, AssemblyName=Supabase.Realtime, Version=7.0.2.0, Culture=neutral, PublicKeyToken=null' and ignoring 'Assets/Packages/realtime-csharp.6.0.4/lib/netstandard2.0/Supabase.Realtime.dll, AssemblyName=Supabase.Realtime, Version=6.0.4.0, Culture=neutral, PublicKeyToken=null'.Duplicate assembly 'Supabase.Functions.dll' with different versions detected, using 'Assets/Packages/Supabase.Functions.2.0.0/lib/netstandard2.0/Supabase.Functions.dll, AssemblyName=Supabase.Functions, Version=2.0.0.0, Culture=neutral, PublicKeyToken=null' and ignoring 'Assets/Packages/functions-csharp.1.3.2/lib/netstandard2.0/Supabase.Functions.dll, AssemblyName=Supabase.Functions, Version=1.3.2.0, Culture=neutral, PublicKeyToken=null'.Duplicate assembly 'Supabase.Gotrue.dll' with different versions detected, using 'Assets/Packages/Supabase.Gotrue.6.0.3/lib/netstandard2.1/Supabase.Gotrue.dll, AssemblyName=Supabase.Gotrue, Version=6.0.3.0, Culture=neutral, PublicKeyToken=null' and ignoring 'Assets/Packages/gotrue-csharp.4.2.7/lib/netstandard2.0/Supabase.Gotrue.dll, AssemblyName=Supabase.Gotrue, Version=4.2.7.0, Culture=neutral, PublicKeyToken=null'.Duplicate assembly 'Supabase.Storage.dll' with different versions detected, using 'Assets/Packages/Supabase.Storage.2.0.2/lib/netstandard2.0/Supabase.Storage.dll, AssemblyName=Supabase.Storage, Version=2.0.2.0, Culture=neutral, PublicKeyToken=null' and ignoring 'Assets/Packages/supabase-storage-csharp.1.4.0/lib/netstandard2.0/Supabase.Storage.dll, AssemblyName=Supabase.Storage, Version=1.4.0.0, Culture=neutral, PublicKeyToken=null'.Duplicate assembly 'Supabase.Postgrest.dll' with different versions detected, using 'Assets/Packages/Supabase.Postgrest.4.0.3/lib/netstandard2.0/Supabase.Postgrest.dll, AssemblyName=Supabase.Postgrest, Version=4.0.3.0, Culture=neutral, PublicKeyToken=null' and ignoring 'Assets/Packages/postgrest-csharp.3.5.1/lib/netstandard2.0/Supabase.Postgrest.dll, AssemblyName=Supabase.Postgrest, Version=3.5.1.0, Culture=neutral, PublicKeyToken=null'.Duplicate assembly 'Supabase.dll' with different versions detected, using 'Assets/Packages/Supabase.1.1.1/lib/netstandard2.1/Supabase.dll, AssemblyName=Supabase, Version=1.1.1.0, Culture=neutral, PublicKeyToken=null' and ignoring 'Assets/Packages/supabase-csharp.0.16.2/lib/netstandard2.0/Supabase.dll, AssemblyName=Supabase, Version=0.16.2.0, Culture=neutral, PublicKeyToken=null'.- Loaded All Assemblies, in  2.239 seconds
Refreshing native plugins compatible for Editor in 64.25 ms, found 4 plugins.
Native extension for WindowsStandalone target not found
Native extension for WebGL target not found
[Package Manager] Server::EnsureServerProcessIsRunning -- launch failed, reason: Unity was launched with the -noUpm command-line argument
[Package Manager] UpmClient::Send -- Unable to send message (not connected to UPM process).
[Package Manager] Cannot connect to Unity Package Manager local server
Mono: successfully reloaded assembly
- Finished resetting the current domain, in  2.169 seconds
Domain Reload Profiling: 4384ms
	BeginReloadAssembly (401ms)
		ExecutionOrderSort (0ms)
		DisableScriptedObjects (18ms)
		BackupInstance (0ms)
		ReleaseScriptingObjects (0ms)
		CreateAndSetChildDomain (69ms)
	RebuildCommonClasses (52ms)
	RebuildNativeTypeToScriptingClass (15ms)
	initialDomainReloadingComplete (131ms)
	LoadAllAssembliesAndSetupDomain (1613ms)
		LoadAssemblies (1767ms)
		RebuildTransferFunctionScriptingTraits (0ms)
		AnalyzeDomain (42ms)
			TypeCache.Refresh (14ms)
				TypeCache.ScanAssembly (4ms)
			ScanForSourceGeneratedMonoScriptInfo (14ms)
			ResolveRequiredComponents (12ms)
	FinalizeReload (2170ms)
		ReleaseScriptCaches (0ms)
		RebuildScriptCaches (0ms)
		SetupLoadedEditorAssemblies (834ms)
			LogAssemblyErrors (0ms)
			InitializePlatformSupportModulesInManaged (15ms)
			SetLoadedEditorAssemblies (5ms)
			RefreshPlugins (0ms)
			BeforeProcessingInitializeOnLoad (172ms)
			ProcessInitializeOnLoadAttributes (559ms)
			ProcessInitializeOnLoadMethodAttributes (50ms)
			AfterProcessingInitializeOnLoad (32ms)
			EditorAssembliesLoaded (1ms)
		ExecutionOrderSort2 (0ms)
		AwakeInstancesAfterBackupRestoration (18ms)
Refreshing native plugins compatible for Editor in 60.10 ms, found 4 plugins.
Preloading 0 native plugins for Editor in 0.00 ms.
Unloading 4633 Unused Serialized files (Serialized files now loaded: 0)
Unloading 114 unused Assets / (149.5 KB). Loaded Objects now: 5302.
Memory consumption went from 150.4 MB to 150.3 MB.
Total: 5.007800 ms (FindLiveObjects: 0.345600 ms CreateObjectMapping: 0.268700 ms MarkObjects: 4.214300 ms  DeleteObjects: 0.178100 ms)

Prepare: number of updated asset objects reloaded= 0
AssetImportParameters requested are different than current active one (requested -> active):
  custom:container-demuxer-ogg: 62fdf1f143b41e24485cea50d1cbac27 -> 
  custom:video-codec-MediaFoundation-h265: 746d11721c4dcdbdad8f713fa42b33f4 -> 
  custom:video-decoder-ogg-theora: a1e56fd34408186e4bbccfd4996cb3dc -> 
  custom:framework-win-MediaFoundation: 216162199b28c13a410421893ffa2e32 -> 
  custom:CustomObjectIndexerAttribute: 756ad292c208cfabdd7b50bc23989ffe -> 
  custom:container-demuxer-webm: 4f35f7cbe854078d1ac9338744f61a02 -> 
  custom:container-muxer-webm: aa71ff27fc2769a1b78a27578f13a17b -> 
  custom:video-decoder-webm-vp8: 9c59270c3fd7afecdb556c50c9e8de78 -> 
  custom:SearchIndexIgnoredProperties: e643bd26f0fe6173181afceb89e7c659 -> 
  custom:AudioImporter_EditorPlatform: d09bf68614088b80899f8185d706f6e7 -> 
  custom:video-encoder-webm-vp8: eb34c28f22e8b96e1ab97ce403110664 -> 
  custom:audio-decoder-ogg-vorbis: bf7c407c2cedff20999df2af8eb42d56 -> 
  custom:audio-encoder-webm-vorbis: bf7c407c2cedff20999df2af8eb42d56 -> 
========================================================================
Received Prepare
Begin MonoManager ReloadAssembly
Duplicate assembly 'Supabase.Realtime.dll' with different versions detected, using 'Assets/Packages/Supabase.Realtime.7.0.2/lib/netstandard2.1/Supabase.Realtime.dll, AssemblyName=Supabase.Realtime, Version=7.0.2.0, Culture=neutral, PublicKeyToken=null' and ignoring 'Assets/Packages/realtime-csharp.6.0.4/lib/netstandard2.0/Supabase.Realtime.dll, AssemblyName=Supabase.Realtime, Version=6.0.4.0, Culture=neutral, PublicKeyToken=null'.Duplicate assembly 'Supabase.Functions.dll' with different versions detected, using 'Assets/Packages/Supabase.Functions.2.0.0/lib/netstandard2.0/Supabase.Functions.dll, AssemblyName=Supabase.Functions, Version=2.0.0.0, Culture=neutral, PublicKeyToken=null' and ignoring 'Assets/Packages/functions-csharp.1.3.2/lib/netstandard2.0/Supabase.Functions.dll, AssemblyName=Supabase.Functions, Version=1.3.2.0, Culture=neutral, PublicKeyToken=null'.Duplicate assembly 'Supabase.Gotrue.dll' with different versions detected, using 'Assets/Packages/Supabase.Gotrue.6.0.3/lib/netstandard2.1/Supabase.Gotrue.dll, AssemblyName=Supabase.Gotrue, Version=6.0.3.0, Culture=neutral, PublicKeyToken=null' and ignoring 'Assets/Packages/gotrue-csharp.4.2.7/lib/netstandard2.0/Supabase.Gotrue.dll, AssemblyName=Supabase.Gotrue, Version=4.2.7.0, Culture=neutral, PublicKeyToken=null'.Duplicate assembly 'Supabase.Storage.dll' with different versions detected, using 'Assets/Packages/Supabase.Storage.2.0.2/lib/netstandard2.0/Supabase.Storage.dll, AssemblyName=Supabase.Storage, Version=2.0.2.0, Culture=neutral, PublicKeyToken=null' and ignoring 'Assets/Packages/supabase-storage-csharp.1.4.0/lib/netstandard2.0/Supabase.Storage.dll, AssemblyName=Supabase.Storage, Version=1.4.0.0, Culture=neutral, PublicKeyToken=null'.Duplicate assembly 'Supabase.Postgrest.dll' with different versions detected, using 'Assets/Packages/Supabase.Postgrest.4.0.3/lib/netstandard2.0/Supabase.Postgrest.dll, AssemblyName=Supabase.Postgrest, Version=4.0.3.0, Culture=neutral, PublicKeyToken=null' and ignoring 'Assets/Packages/postgrest-csharp.3.5.1/lib/netstandard2.0/Supabase.Postgrest.dll, AssemblyName=Supabase.Postgrest, Version=3.5.1.0, Culture=neutral, PublicKeyToken=null'.Duplicate assembly 'Supabase.dll' with different versions detected, using 'Assets/Packages/Supabase.1.1.1/lib/netstandard2.1/Supabase.dll, AssemblyName=Supabase, Version=1.1.1.0, Culture=neutral, PublicKeyToken=null' and ignoring 'Assets/Packages/supabase-csharp.0.16.2/lib/netstandard2.0/Supabase.dll, AssemblyName=Supabase, Version=0.16.2.0, Culture=neutral, PublicKeyToken=null'.- Loaded All Assemblies, in  2.085 seconds
Refreshing native plugins compatible for Editor in 51.98 ms, found 4 plugins.
Native extension for WindowsStandalone target not found
Native extension for WebGL target not found
[Package Manager] Server::EnsureServerProcessIsRunning -- launch failed, reason: Unity was launched with the -noUpm command-line argument
[Package Manager] UpmClient::Send -- Unable to send message (not connected to UPM process).
[Package Manager] Cannot connect to Unity Package Manager local server
Mono: successfully reloaded assembly
- Finished resetting the current domain, in  1.834 seconds
Domain Reload Profiling: 3879ms
	BeginReloadAssembly (248ms)
		ExecutionOrderSort (0ms)
		DisableScriptedObjects (14ms)
		BackupInstance (0ms)
		ReleaseScriptingObjects (0ms)
		CreateAndSetChildDomain (49ms)
	RebuildCommonClasses (44ms)
	RebuildNativeTypeToScriptingClass (13ms)
	initialDomainReloadingComplete (165ms)
	LoadAllAssembliesAndSetupDomain (1575ms)
		LoadAssemblies (1679ms)
		RebuildTransferFunctionScriptingTraits (0ms)
		AnalyzeDomain (36ms)
			TypeCache.Refresh (14ms)
				TypeCache.ScanAssembly (4ms)
			ScanForSourceGeneratedMonoScriptInfo (11ms)
			ResolveRequiredComponents (10ms)
	FinalizeReload (1835ms)
		ReleaseScriptCaches (0ms)
		RebuildScriptCaches (0ms)
		SetupLoadedEditorAssemblies (687ms)
			LogAssemblyErrors (0ms)
			InitializePlatformSupportModulesInManaged (13ms)
			SetLoadedEditorAssemblies (5ms)
			RefreshPlugins (0ms)
			BeforeProcessingInitializeOnLoad (131ms)
			ProcessInitializeOnLoadAttributes (470ms)
			ProcessInitializeOnLoadMethodAttributes (41ms)
			AfterProcessingInitializeOnLoad (27ms)
			EditorAssembliesLoaded (0ms)
		ExecutionOrderSort2 (0ms)
		AwakeInstancesAfterBackupRestoration (15ms)
Refreshing native plugins compatible for Editor in 54.80 ms, found 4 plugins.
Preloading 0 native plugins for Editor in 0.00 ms.
Unloading 4633 Unused Serialized files (Serialized files now loaded: 0)
Unloading 114 unused Assets / (149.5 KB). Loaded Objects now: 5318.
Memory consumption went from 150.4 MB to 150.3 MB.
Total: 4.287000 ms (FindLiveObjects: 0.356400 ms CreateObjectMapping: 0.271900 ms MarkObjects: 3.485000 ms  DeleteObjects: 0.173100 ms)

Prepare: number of updated asset objects reloaded= 0
AssetImportParameters requested are different than current active one (requested -> active):
  custom:container-demuxer-ogg: 62fdf1f143b41e24485cea50d1cbac27 -> 
  custom:video-codec-MediaFoundation-h265: 746d11721c4dcdbdad8f713fa42b33f4 -> 
  custom:video-decoder-ogg-theora: a1e56fd34408186e4bbccfd4996cb3dc -> 
  custom:framework-win-MediaFoundation: 216162199b28c13a410421893ffa2e32 -> 
  custom:CustomObjectIndexerAttribute: 756ad292c208cfabdd7b50bc23989ffe -> 
  custom:container-demuxer-webm: 4f35f7cbe854078d1ac9338744f61a02 -> 
  custom:container-muxer-webm: aa71ff27fc2769a1b78a27578f13a17b -> 
  custom:video-decoder-webm-vp8: 9c59270c3fd7afecdb556c50c9e8de78 -> 
  custom:SearchIndexIgnoredProperties: e643bd26f0fe6173181afceb89e7c659 -> 
  custom:AudioImporter_EditorPlatform: d09bf68614088b80899f8185d706f6e7 -> 
  custom:video-encoder-webm-vp8: eb34c28f22e8b96e1ab97ce403110664 -> 
  custom:audio-decoder-ogg-vorbis: bf7c407c2cedff20999df2af8eb42d56 -> 
  custom:audio-encoder-webm-vorbis: bf7c407c2cedff20999df2af8eb42d56 -> 
========================================================================
Received Prepare
Refreshing native plugins compatible for Editor in 75.68 ms, found 4 plugins.
Preloading 0 native plugins for Editor in 0.00 ms.
Unloading 2 Unused Serialized files (Serialized files now loaded: 0)
Unloading 2 unused Assets / (76.5 KB). Loaded Objects now: 5318.
Memory consumption went from 78.4 MB to 78.4 MB.
Total: 6.309000 ms (FindLiveObjects: 0.403300 ms CreateObjectMapping: 0.421700 ms MarkObjects: 5.428000 ms  DeleteObjects: 0.055000 ms)

Prepare: number of updated asset objects reloaded= 0
AssetImportParameters requested are different than current active one (requested -> active):
  custom:container-demuxer-ogg: 62fdf1f143b41e24485cea50d1cbac27 -> 
  custom:video-codec-MediaFoundation-h265: 746d11721c4dcdbdad8f713fa42b33f4 -> 
  custom:video-decoder-ogg-theora: a1e56fd34408186e4bbccfd4996cb3dc -> 
  custom:framework-win-MediaFoundation: 216162199b28c13a410421893ffa2e32 -> 
  custom:CustomObjectIndexerAttribute: 756ad292c208cfabdd7b50bc23989ffe -> 
  custom:container-demuxer-webm: 4f35f7cbe854078d1ac9338744f61a02 -> 
  custom:container-muxer-webm: aa71ff27fc2769a1b78a27578f13a17b -> 
  custom:video-decoder-webm-vp8: 9c59270c3fd7afecdb556c50c9e8de78 -> 
  custom:SearchIndexIgnoredProperties: e643bd26f0fe6173181afceb89e7c659 -> 
  custom:AudioImporter_EditorPlatform: d09bf68614088b80899f8185d706f6e7 -> 
  custom:video-encoder-webm-vp8: eb34c28f22e8b96e1ab97ce403110664 -> 
  custom:audio-decoder-ogg-vorbis: bf7c407c2cedff20999df2af8eb42d56 -> 
  custom:audio-encoder-webm-vorbis: bf7c407c2cedff20999df2af8eb42d56 -> 
========================================================================
Received Prepare
Begin MonoManager ReloadAssembly
Duplicate assembly 'Supabase.Realtime.dll' with different versions detected, using 'Assets/Packages/Supabase.Realtime.7.0.2/lib/netstandard2.1/Supabase.Realtime.dll, AssemblyName=Supabase.Realtime, Version=7.0.2.0, Culture=neutral, PublicKeyToken=null' and ignoring 'Assets/Packages/realtime-csharp.6.0.4/lib/netstandard2.0/Supabase.Realtime.dll, AssemblyName=Supabase.Realtime, Version=6.0.4.0, Culture=neutral, PublicKeyToken=null'.Duplicate assembly 'Supabase.Functions.dll' with different versions detected, using 'Assets/Packages/Supabase.Functions.2.0.0/lib/netstandard2.0/Supabase.Functions.dll, AssemblyName=Supabase.Functions, Version=2.0.0.0, Culture=neutral, PublicKeyToken=null' and ignoring 'Assets/Packages/functions-csharp.1.3.2/lib/netstandard2.0/Supabase.Functions.dll, AssemblyName=Supabase.Functions, Version=1.3.2.0, Culture=neutral, PublicKeyToken=null'.Duplicate assembly 'Supabase.Gotrue.dll' with different versions detected, using 'Assets/Packages/Supabase.Gotrue.6.0.3/lib/netstandard2.1/Supabase.Gotrue.dll, AssemblyName=Supabase.Gotrue, Version=6.0.3.0, Culture=neutral, PublicKeyToken=null' and ignoring 'Assets/Packages/gotrue-csharp.4.2.7/lib/netstandard2.0/Supabase.Gotrue.dll, AssemblyName=Supabase.Gotrue, Version=4.2.7.0, Culture=neutral, PublicKeyToken=null'.Duplicate assembly 'Supabase.Storage.dll' with different versions detected, using 'Assets/Packages/Supabase.Storage.2.0.2/lib/netstandard2.0/Supabase.Storage.dll, AssemblyName=Supabase.Storage, Version=2.0.2.0, Culture=neutral, PublicKeyToken=null' and ignoring 'Assets/Packages/supabase-storage-csharp.1.4.0/lib/netstandard2.0/Supabase.Storage.dll, AssemblyName=Supabase.Storage, Version=1.4.0.0, Culture=neutral, PublicKeyToken=null'.Duplicate assembly 'Supabase.Postgrest.dll' with different versions detected, using 'Assets/Packages/Supabase.Postgrest.4.0.3/lib/netstandard2.0/Supabase.Postgrest.dll, AssemblyName=Supabase.Postgrest, Version=4.0.3.0, Culture=neutral, PublicKeyToken=null' and ignoring 'Assets/Packages/postgrest-csharp.3.5.1/lib/netstandard2.0/Supabase.Postgrest.dll, AssemblyName=Supabase.Postgrest, Version=3.5.1.0, Culture=neutral, PublicKeyToken=null'.Duplicate assembly 'Supabase.dll' with different versions detected, using 'Assets/Packages/Supabase.1.1.1/lib/netstandard2.1/Supabase.dll, AssemblyName=Supabase, Version=1.1.1.0, Culture=neutral, PublicKeyToken=null' and ignoring 'Assets/Packages/supabase-csharp.0.16.2/lib/netstandard2.0/Supabase.dll, AssemblyName=Supabase, Version=0.16.2.0, Culture=neutral, PublicKeyToken=null'.- Loaded All Assemblies, in  2.512 seconds
Refreshing native plugins compatible for Editor in 62.40 ms, found 4 plugins.
Native extension for WindowsStandalone target not found
Native extension for WebGL target not found
[Package Manager] Server::EnsureServerProcessIsRunning -- launch failed, reason: Unity was launched with the -noUpm command-line argument
[Package Manager] UpmClient::Send -- Unable to send message (not connected to UPM process).
[Package Manager] Cannot connect to Unity Package Manager local server
Mono: successfully reloaded assembly
- Finished resetting the current domain, in  2.284 seconds
Domain Reload Profiling: 4769ms
	BeginReloadAssembly (378ms)
		ExecutionOrderSort (0ms)
		DisableScriptedObjects (12ms)
		BackupInstance (0ms)
		ReleaseScriptingObjects (0ms)
		CreateAndSetChildDomain (65ms)
	RebuildCommonClasses (47ms)
	RebuildNativeTypeToScriptingClass (18ms)
	initialDomainReloadingComplete (133ms)
	LoadAllAssembliesAndSetupDomain (1907ms)
		LoadAssemblies (2108ms)
		RebuildTransferFunctionScriptingTraits (0ms)
		AnalyzeDomain (38ms)
			TypeCache.Refresh (16ms)
				TypeCache.ScanAssembly (4ms)
			ScanForSourceGeneratedMonoScriptInfo (12ms)
			ResolveRequiredComponents (9ms)
	FinalizeReload (2285ms)
		ReleaseScriptCaches (0ms)
		RebuildScriptCaches (0ms)
		SetupLoadedEditorAssemblies (841ms)
			LogAssemblyErrors (0ms)
			InitializePlatformSupportModulesInManaged (17ms)
			SetLoadedEditorAssemblies (6ms)
			RefreshPlugins (0ms)
			BeforeProcessingInitializeOnLoad (172ms)
			ProcessInitializeOnLoadAttributes (559ms)
			ProcessInitializeOnLoadMethodAttributes (56ms)
			AfterProcessingInitializeOnLoad (31ms)
			EditorAssembliesLoaded (0ms)
		ExecutionOrderSort2 (0ms)
		AwakeInstancesAfterBackupRestoration (21ms)
Refreshing native plugins compatible for Editor in 60.83 ms, found 4 plugins.
Preloading 0 native plugins for Editor in 0.00 ms.
Unloading 4633 Unused Serialized files (Serialized files now loaded: 0)
Unloading 114 unused Assets / (149.3 KB). Loaded Objects now: 5334.
Memory consumption went from 150.5 MB to 150.3 MB.
Total: 4.139000 ms (FindLiveObjects: 0.327100 ms CreateObjectMapping: 0.221800 ms MarkObjects: 3.431300 ms  DeleteObjects: 0.158200 ms)

Prepare: number of updated asset objects reloaded= 0
AssetImportParameters requested are different than current active one (requested -> active):
  custom:container-demuxer-ogg: 62fdf1f143b41e24485cea50d1cbac27 -> 
  custom:video-codec-MediaFoundation-h265: 746d11721c4dcdbdad8f713fa42b33f4 -> 
  custom:video-decoder-ogg-theora: a1e56fd34408186e4bbccfd4996cb3dc -> 
  custom:framework-win-MediaFoundation: 216162199b28c13a410421893ffa2e32 -> 
  custom:CustomObjectIndexerAttribute: 756ad292c208cfabdd7b50bc23989ffe -> 
  custom:container-demuxer-webm: 4f35f7cbe854078d1ac9338744f61a02 -> 
  custom:container-muxer-webm: aa71ff27fc2769a1b78a27578f13a17b -> 
  custom:video-decoder-webm-vp8: 9c59270c3fd7afecdb556c50c9e8de78 -> 
  custom:SearchIndexIgnoredProperties: e643bd26f0fe6173181afceb89e7c659 -> 
  custom:AudioImporter_EditorPlatform: d09bf68614088b80899f8185d706f6e7 -> 
  custom:video-encoder-webm-vp8: eb34c28f22e8b96e1ab97ce403110664 -> 
  custom:audio-decoder-ogg-vorbis: bf7c407c2cedff20999df2af8eb42d56 -> 
  custom:audio-encoder-webm-vorbis: bf7c407c2cedff20999df2af8eb42d56 -> 
========================================================================
Received Prepare
Begin MonoManager ReloadAssembly
Duplicate assembly 'Supabase.Realtime.dll' with different versions detected, using 'Assets/Packages/Supabase.Realtime.7.0.2/lib/netstandard2.1/Supabase.Realtime.dll, AssemblyName=Supabase.Realtime, Version=7.0.2.0, Culture=neutral, PublicKeyToken=null' and ignoring 'Assets/Packages/realtime-csharp.6.0.4/lib/netstandard2.0/Supabase.Realtime.dll, AssemblyName=Supabase.Realtime, Version=6.0.4.0, Culture=neutral, PublicKeyToken=null'.Duplicate assembly 'Supabase.Functions.dll' with different versions detected, using 'Assets/Packages/Supabase.Functions.2.0.0/lib/netstandard2.0/Supabase.Functions.dll, AssemblyName=Supabase.Functions, Version=2.0.0.0, Culture=neutral, PublicKeyToken=null' and ignoring 'Assets/Packages/functions-csharp.1.3.2/lib/netstandard2.0/Supabase.Functions.dll, AssemblyName=Supabase.Functions, Version=1.3.2.0, Culture=neutral, PublicKeyToken=null'.Duplicate assembly 'Supabase.Gotrue.dll' with different versions detected, using 'Assets/Packages/Supabase.Gotrue.6.0.3/lib/netstandard2.1/Supabase.Gotrue.dll, AssemblyName=Supabase.Gotrue, Version=6.0.3.0, Culture=neutral, PublicKeyToken=null' and ignoring 'Assets/Packages/gotrue-csharp.4.2.7/lib/netstandard2.0/Supabase.Gotrue.dll, AssemblyName=Supabase.Gotrue, Version=4.2.7.0, Culture=neutral, PublicKeyToken=null'.Duplicate assembly 'Supabase.Storage.dll' with different versions detected, using 'Assets/Packages/Supabase.Storage.2.0.2/lib/netstandard2.0/Supabase.Storage.dll, AssemblyName=Supabase.Storage, Version=2.0.2.0, Culture=neutral, PublicKeyToken=null' and ignoring 'Assets/Packages/supabase-storage-csharp.1.4.0/lib/netstandard2.0/Supabase.Storage.dll, AssemblyName=Supabase.Storage, Version=1.4.0.0, Culture=neutral, PublicKeyToken=null'.Duplicate assembly 'Supabase.Postgrest.dll' with different versions detected, using 'Assets/Packages/Supabase.Postgrest.4.0.3/lib/netstandard2.0/Supabase.Postgrest.dll, AssemblyName=Supabase.Postgrest, Version=4.0.3.0, Culture=neutral, PublicKeyToken=null' and ignoring 'Assets/Packages/postgrest-csharp.3.5.1/lib/netstandard2.0/Supabase.Postgrest.dll, AssemblyName=Supabase.Postgrest, Version=3.5.1.0, Culture=neutral, PublicKeyToken=null'.Duplicate assembly 'Supabase.dll' with different versions detected, using 'Assets/Packages/Supabase.1.1.1/lib/netstandard2.1/Supabase.dll, AssemblyName=Supabase, Version=1.1.1.0, Culture=neutral, PublicKeyToken=null' and ignoring 'Assets/Packages/supabase-csharp.0.16.2/lib/netstandard2.0/Supabase.dll, AssemblyName=Supabase, Version=0.16.2.0, Culture=neutral, PublicKeyToken=null'.- Loaded All Assemblies, in  2.319 seconds
Refreshing native plugins compatible for Editor in 68.57 ms, found 4 plugins.
Native extension for WindowsStandalone target not found
Native extension for WebGL target not found
[Package Manager] Server::EnsureServerProcessIsRunning -- launch failed, reason: Unity was launched with the -noUpm command-line argument
[Package Manager] UpmClient::Send -- Unable to send message (not connected to UPM process).
[Package Manager] Cannot connect to Unity Package Manager local server
Mono: successfully reloaded assembly
- Finished resetting the current domain, in  2.270 seconds
Domain Reload Profiling: 4562ms
	BeginReloadAssembly (292ms)
		ExecutionOrderSort (0ms)
		DisableScriptedObjects (14ms)
		BackupInstance (0ms)
		ReleaseScriptingObjects (0ms)
		CreateAndSetChildDomain (49ms)
	RebuildCommonClasses (49ms)
	RebuildNativeTypeToScriptingClass (16ms)
	initialDomainReloadingComplete (142ms)
	LoadAllAssembliesAndSetupDomain (1793ms)
		LoadAssemblies (1928ms)
		RebuildTransferFunctionScriptingTraits (0ms)
		AnalyzeDomain (41ms)
			TypeCache.Refresh (16ms)
				TypeCache.ScanAssembly (5ms)
			ScanForSourceGeneratedMonoScriptInfo (12ms)
			ResolveRequiredComponents (11ms)
	FinalizeReload (2271ms)
		ReleaseScriptCaches (0ms)
		RebuildScriptCaches (0ms)
		SetupLoadedEditorAssemblies (864ms)
			LogAssemblyErrors (0ms)
			InitializePlatformSupportModulesInManaged (16ms)
			SetLoadedEditorAssemblies (6ms)
			RefreshPlugins (0ms)
			BeforeProcessingInitializeOnLoad (175ms)
			ProcessInitializeOnLoadAttributes (578ms)
			ProcessInitializeOnLoadMethodAttributes (53ms)
			AfterProcessingInitializeOnLoad (35ms)
			EditorAssembliesLoaded (0ms)
		ExecutionOrderSort2 (0ms)
		AwakeInstancesAfterBackupRestoration (21ms)
Refreshing native plugins compatible for Editor in 61.70 ms, found 4 plugins.
Preloading 0 native plugins for Editor in 0.00 ms.
Unloading 4633 Unused Serialized files (Serialized files now loaded: 0)
Unloading 114 unused Assets / (149.4 KB). Loaded Objects now: 5350.
Memory consumption went from 150.7 MB to 150.6 MB.
Total: 5.569600 ms (FindLiveObjects: 0.480100 ms CreateObjectMapping: 0.359400 ms MarkObjects: 4.532100 ms  DeleteObjects: 0.197200 ms)

Prepare: number of updated asset objects reloaded= 0
AssetImportParameters requested are different than current active one (requested -> active):
  custom:container-demuxer-ogg: 62fdf1f143b41e24485cea50d1cbac27 -> 
  custom:video-codec-MediaFoundation-h265: 746d11721c4dcdbdad8f713fa42b33f4 -> 
  custom:video-decoder-ogg-theora: a1e56fd34408186e4bbccfd4996cb3dc -> 
  custom:framework-win-MediaFoundation: 216162199b28c13a410421893ffa2e32 -> 
  custom:CustomObjectIndexerAttribute: 756ad292c208cfabdd7b50bc23989ffe -> 
  custom:container-demuxer-webm: 4f35f7cbe854078d1ac9338744f61a02 -> 
  custom:container-muxer-webm: aa71ff27fc2769a1b78a27578f13a17b -> 
  custom:video-decoder-webm-vp8: 9c59270c3fd7afecdb556c50c9e8de78 -> 
  custom:SearchIndexIgnoredProperties: e643bd26f0fe6173181afceb89e7c659 -> 
  custom:AudioImporter_EditorPlatform: d09bf68614088b80899f8185d706f6e7 -> 
  custom:video-encoder-webm-vp8: eb34c28f22e8b96e1ab97ce403110664 -> 
  custom:audio-decoder-ogg-vorbis: bf7c407c2cedff20999df2af8eb42d56 -> 
  custom:audio-encoder-webm-vorbis: bf7c407c2cedff20999df2af8eb42d56 -> 
========================================================================
Received Prepare
Begin MonoManager ReloadAssembly
Duplicate assembly 'Supabase.Realtime.dll' with different versions detected, using 'Assets/Packages/Supabase.Realtime.7.0.2/lib/netstandard2.1/Supabase.Realtime.dll, AssemblyName=Supabase.Realtime, Version=7.0.2.0, Culture=neutral, PublicKeyToken=null' and ignoring 'Assets/Packages/realtime-csharp.6.0.4/lib/netstandard2.0/Supabase.Realtime.dll, AssemblyName=Supabase.Realtime, Version=6.0.4.0, Culture=neutral, PublicKeyToken=null'.Duplicate assembly 'Supabase.Functions.dll' with different versions detected, using 'Assets/Packages/Supabase.Functions.2.0.0/lib/netstandard2.0/Supabase.Functions.dll, AssemblyName=Supabase.Functions, Version=2.0.0.0, Culture=neutral, PublicKeyToken=null' and ignoring 'Assets/Packages/functions-csharp.1.3.2/lib/netstandard2.0/Supabase.Functions.dll, AssemblyName=Supabase.Functions, Version=1.3.2.0, Culture=neutral, PublicKeyToken=null'.Duplicate assembly 'Supabase.Gotrue.dll' with different versions detected, using 'Assets/Packages/Supabase.Gotrue.6.0.3/lib/netstandard2.1/Supabase.Gotrue.dll, AssemblyName=Supabase.Gotrue, Version=6.0.3.0, Culture=neutral, PublicKeyToken=null' and ignoring 'Assets/Packages/gotrue-csharp.4.2.7/lib/netstandard2.0/Supabase.Gotrue.dll, AssemblyName=Supabase.Gotrue, Version=4.2.7.0, Culture=neutral, PublicKeyToken=null'.Duplicate assembly 'Supabase.Storage.dll' with different versions detected, using 'Assets/Packages/Supabase.Storage.2.0.2/lib/netstandard2.0/Supabase.Storage.dll, AssemblyName=Supabase.Storage, Version=2.0.2.0, Culture=neutral, PublicKeyToken=null' and ignoring 'Assets/Packages/supabase-storage-csharp.1.4.0/lib/netstandard2.0/Supabase.Storage.dll, AssemblyName=Supabase.Storage, Version=1.4.0.0, Culture=neutral, PublicKeyToken=null'.Duplicate assembly 'Supabase.Postgrest.dll' with different versions detected, using 'Assets/Packages/Supabase.Postgrest.4.0.3/lib/netstandard2.0/Supabase.Postgrest.dll, AssemblyName=Supabase.Postgrest, Version=4.0.3.0, Culture=neutral, PublicKeyToken=null' and ignoring 'Assets/Packages/postgrest-csharp.3.5.1/lib/netstandard2.0/Supabase.Postgrest.dll, AssemblyName=Supabase.Postgrest, Version=3.5.1.0, Culture=neutral, PublicKeyToken=null'.Duplicate assembly 'Supabase.dll' with different versions detected, using 'Assets/Packages/Supabase.1.1.1/lib/netstandard2.1/Supabase.dll, AssemblyName=Supabase, Version=1.1.1.0, Culture=neutral, PublicKeyToken=null' and ignoring 'Assets/Packages/supabase-csharp.0.16.2/lib/netstandard2.0/Supabase.dll, AssemblyName=Supabase, Version=0.16.2.0, Culture=neutral, PublicKeyToken=null'.- Loaded All Assemblies, in  2.295 seconds
Refreshing native plugins compatible for Editor in 66.46 ms, found 4 plugins.
Native extension for WindowsStandalone target not found
Native extension for WebGL target not found
[Package Manager] Server::EnsureServerProcessIsRunning -- launch failed, reason: Unity was launched with the -noUpm command-line argument
[Package Manager] UpmClient::Send -- Unable to send message (not connected to UPM process).
[Package Manager] Cannot connect to Unity Package Manager local server
Mono: successfully reloaded assembly
- Finished resetting the current domain, in  2.296 seconds
Domain Reload Profiling: 4568ms
	BeginReloadAssembly (289ms)
		ExecutionOrderSort (0ms)
		DisableScriptedObjects (16ms)
		BackupInstance (0ms)
		ReleaseScriptingObjects (0ms)
		CreateAndSetChildDomain (55ms)
	RebuildCommonClasses (80ms)
	RebuildNativeTypeToScriptingClass (14ms)
	initialDomainReloadingComplete (129ms)
	LoadAllAssembliesAndSetupDomain (1758ms)
		LoadAssemblies (1880ms)
		RebuildTransferFunctionScriptingTraits (0ms)
		AnalyzeDomain (43ms)
			TypeCache.Refresh (15ms)
				TypeCache.ScanAssembly (4ms)
			ScanForSourceGeneratedMonoScriptInfo (13ms)
			ResolveRequiredComponents (13ms)
	FinalizeReload (2297ms)
		ReleaseScriptCaches (0ms)
		RebuildScriptCaches (0ms)
		SetupLoadedEditorAssemblies (941ms)
			LogAssemblyErrors (0ms)
			InitializePlatformSupportModulesInManaged (17ms)
			SetLoadedEditorAssemblies (10ms)
			RefreshPlugins (0ms)
			BeforeProcessingInitializeOnLoad (175ms)
			ProcessInitializeOnLoadAttributes (652ms)
			ProcessInitializeOnLoadMethodAttributes (55ms)
			AfterProcessingInitializeOnLoad (32ms)
			EditorAssembliesLoaded (0ms)
		ExecutionOrderSort2 (0ms)
		AwakeInstancesAfterBackupRestoration (22ms)
Script is not up to date after domain reload: guid(76b377107fe42e74ab62543a163102d0) path("Assets/Scripts/Save and Load/SaveManager.cs") state(2)
Refreshing native plugins compatible for Editor in 73.03 ms, found 4 plugins.
Preloading 0 native plugins for Editor in 0.00 ms.
Unloading 4632 Unused Serialized files (Serialized files now loaded: 0)
Unloading 114 unused Assets / (149.4 KB). Loaded Objects now: 5365.
Memory consumption went from 150.6 MB to 150.5 MB.
Total: 4.669100 ms (FindLiveObjects: 0.374000 ms CreateObjectMapping: 0.299400 ms MarkObjects: 3.828800 ms  DeleteObjects: 0.166200 ms)

Prepare: number of updated asset objects reloaded= 0
AssetImportParameters requested are different than current active one (requested -> active):
  custom:container-demuxer-ogg: 62fdf1f143b41e24485cea50d1cbac27 -> 
  custom:video-codec-MediaFoundation-h265: 746d11721c4dcdbdad8f713fa42b33f4 -> 
  custom:video-decoder-ogg-theora: a1e56fd34408186e4bbccfd4996cb3dc -> 
  custom:framework-win-MediaFoundation: 216162199b28c13a410421893ffa2e32 -> 
  custom:CustomObjectIndexerAttribute: 756ad292c208cfabdd7b50bc23989ffe -> 
  custom:container-demuxer-webm: 4f35f7cbe854078d1ac9338744f61a02 -> 
  custom:container-muxer-webm: aa71ff27fc2769a1b78a27578f13a17b -> 
  custom:video-decoder-webm-vp8: 9c59270c3fd7afecdb556c50c9e8de78 -> 
  custom:SearchIndexIgnoredProperties: e643bd26f0fe6173181afceb89e7c659 -> 
  custom:AudioImporter_EditorPlatform: d09bf68614088b80899f8185d706f6e7 -> 
  custom:video-encoder-webm-vp8: eb34c28f22e8b96e1ab97ce403110664 -> 
  custom:audio-decoder-ogg-vorbis: bf7c407c2cedff20999df2af8eb42d56 -> 
  custom:audio-encoder-webm-vorbis: bf7c407c2cedff20999df2af8eb42d56 -> 
========================================================================
Received Prepare
Begin MonoManager ReloadAssembly
Duplicate assembly 'Supabase.Realtime.dll' with different versions detected, using 'Assets/Packages/Supabase.Realtime.7.0.2/lib/netstandard2.1/Supabase.Realtime.dll, AssemblyName=Supabase.Realtime, Version=7.0.2.0, Culture=neutral, PublicKeyToken=null' and ignoring 'Assets/Packages/realtime-csharp.6.0.4/lib/netstandard2.0/Supabase.Realtime.dll, AssemblyName=Supabase.Realtime, Version=6.0.4.0, Culture=neutral, PublicKeyToken=null'.Duplicate assembly 'Supabase.Functions.dll' with different versions detected, using 'Assets/Packages/Supabase.Functions.2.0.0/lib/netstandard2.0/Supabase.Functions.dll, AssemblyName=Supabase.Functions, Version=2.0.0.0, Culture=neutral, PublicKeyToken=null' and ignoring 'Assets/Packages/functions-csharp.1.3.2/lib/netstandard2.0/Supabase.Functions.dll, AssemblyName=Supabase.Functions, Version=1.3.2.0, Culture=neutral, PublicKeyToken=null'.Duplicate assembly 'Supabase.Gotrue.dll' with different versions detected, using 'Assets/Packages/Supabase.Gotrue.6.0.3/lib/netstandard2.1/Supabase.Gotrue.dll, AssemblyName=Supabase.Gotrue, Version=6.0.3.0, Culture=neutral, PublicKeyToken=null' and ignoring 'Assets/Packages/gotrue-csharp.4.2.7/lib/netstandard2.0/Supabase.Gotrue.dll, AssemblyName=Supabase.Gotrue, Version=4.2.7.0, Culture=neutral, PublicKeyToken=null'.Duplicate assembly 'Supabase.Storage.dll' with different versions detected, using 'Assets/Packages/Supabase.Storage.2.0.2/lib/netstandard2.0/Supabase.Storage.dll, AssemblyName=Supabase.Storage, Version=2.0.2.0, Culture=neutral, PublicKeyToken=null' and ignoring 'Assets/Packages/supabase-storage-csharp.1.4.0/lib/netstandard2.0/Supabase.Storage.dll, AssemblyName=Supabase.Storage, Version=1.4.0.0, Culture=neutral, PublicKeyToken=null'.Duplicate assembly 'Supabase.Postgrest.dll' with different versions detected, using 'Assets/Packages/Supabase.Postgrest.4.0.3/lib/netstandard2.0/Supabase.Postgrest.dll, AssemblyName=Supabase.Postgrest, Version=4.0.3.0, Culture=neutral, PublicKeyToken=null' and ignoring 'Assets/Packages/postgrest-csharp.3.5.1/lib/netstandard2.0/Supabase.Postgrest.dll, AssemblyName=Supabase.Postgrest, Version=3.5.1.0, Culture=neutral, PublicKeyToken=null'.Duplicate assembly 'Supabase.dll' with different versions detected, using 'Assets/Packages/Supabase.1.1.1/lib/netstandard2.1/Supabase.dll, AssemblyName=Supabase, Version=1.1.1.0, Culture=neutral, PublicKeyToken=null' and ignoring 'Assets/Packages/supabase-csharp.0.16.2/lib/netstandard2.0/Supabase.dll, AssemblyName=Supabase, Version=0.16.2.0, Culture=neutral, PublicKeyToken=null'.- Loaded All Assemblies, in  2.328 seconds
Refreshing native plugins compatible for Editor in 68.16 ms, found 4 plugins.
Native extension for WindowsStandalone target not found
Native extension for WebGL target not found
[Package Manager] Server::EnsureServerProcessIsRunning -- launch failed, reason: Unity was launched with the -noUpm command-line argument
[Package Manager] UpmClient::Send -- Unable to send message (not connected to UPM process).
[Package Manager] Cannot connect to Unity Package Manager local server
Mono: successfully reloaded assembly
- Finished resetting the current domain, in  2.470 seconds
Domain Reload Profiling: 4772ms
	BeginReloadAssembly (342ms)
		ExecutionOrderSort (0ms)
		DisableScriptedObjects (14ms)
		BackupInstance (0ms)
		ReleaseScriptingObjects (0ms)
		CreateAndSetChildDomain (89ms)
	RebuildCommonClasses (47ms)
	RebuildNativeTypeToScriptingClass (17ms)
	initialDomainReloadingComplete (124ms)
	LoadAllAssembliesAndSetupDomain (1772ms)
		LoadAssemblies (1908ms)
		RebuildTransferFunctionScriptingTraits (0ms)
		AnalyzeDomain (43ms)
			TypeCache.Refresh (17ms)
				TypeCache.ScanAssembly (5ms)
			ScanForSourceGeneratedMonoScriptInfo (13ms)
			ResolveRequiredComponents (11ms)
	FinalizeReload (2470ms)
		ReleaseScriptCaches (0ms)
		RebuildScriptCaches (0ms)
		SetupLoadedEditorAssemblies (940ms)
			LogAssemblyErrors (0ms)
			InitializePlatformSupportModulesInManaged (15ms)
			SetLoadedEditorAssemblies (5ms)
			RefreshPlugins (0ms)
			BeforeProcessingInitializeOnLoad (200ms)
			ProcessInitializeOnLoadAttributes (632ms)
			ProcessInitializeOnLoadMethodAttributes (53ms)
			AfterProcessingInitializeOnLoad (35ms)
			EditorAssembliesLoaded (0ms)
		ExecutionOrderSort2 (0ms)
		AwakeInstancesAfterBackupRestoration (21ms)
Refreshing native plugins compatible for Editor in 68.74 ms, found 4 plugins.
Preloading 0 native plugins for Editor in 0.00 ms.
Unloading 4633 Unused Serialized files (Serialized files now loaded: 0)
Unloading 114 unused Assets / (149.4 KB). Loaded Objects now: 5382.
Memory consumption went from 150.7 MB to 150.6 MB.
Total: 5.248600 ms (FindLiveObjects: 0.520100 ms CreateObjectMapping: 0.396600 ms MarkObjects: 4.165800 ms  DeleteObjects: 0.165300 ms)

Prepare: number of updated asset objects reloaded= 0
AssetImportParameters requested are different than current active one (requested -> active):
  custom:container-demuxer-ogg: 62fdf1f143b41e24485cea50d1cbac27 -> 
  custom:video-codec-MediaFoundation-h265: 746d11721c4dcdbdad8f713fa42b33f4 -> 
  custom:video-decoder-ogg-theora: a1e56fd34408186e4bbccfd4996cb3dc -> 
  custom:framework-win-MediaFoundation: 216162199b28c13a410421893ffa2e32 -> 
  custom:CustomObjectIndexerAttribute: 756ad292c208cfabdd7b50bc23989ffe -> 
  custom:container-demuxer-webm: 4f35f7cbe854078d1ac9338744f61a02 -> 
  custom:container-muxer-webm: aa71ff27fc2769a1b78a27578f13a17b -> 
  custom:video-decoder-webm-vp8: 9c59270c3fd7afecdb556c50c9e8de78 -> 
  custom:SearchIndexIgnoredProperties: e643bd26f0fe6173181afceb89e7c659 -> 
  custom:AudioImporter_EditorPlatform: d09bf68614088b80899f8185d706f6e7 -> 
  custom:video-encoder-webm-vp8: eb34c28f22e8b96e1ab97ce403110664 -> 
  custom:audio-decoder-ogg-vorbis: bf7c407c2cedff20999df2af8eb42d56 -> 
  custom:audio-encoder-webm-vorbis: bf7c407c2cedff20999df2af8eb42d56 -> 
========================================================================
Received Prepare
Begin MonoManager ReloadAssembly
Duplicate assembly 'Supabase.Realtime.dll' with different versions detected, using 'Assets/Packages/Supabase.Realtime.7.0.2/lib/netstandard2.1/Supabase.Realtime.dll, AssemblyName=Supabase.Realtime, Version=7.0.2.0, Culture=neutral, PublicKeyToken=null' and ignoring 'Assets/Packages/realtime-csharp.6.0.4/lib/netstandard2.0/Supabase.Realtime.dll, AssemblyName=Supabase.Realtime, Version=6.0.4.0, Culture=neutral, PublicKeyToken=null'.Duplicate assembly 'Supabase.Functions.dll' with different versions detected, using 'Assets/Packages/Supabase.Functions.2.0.0/lib/netstandard2.0/Supabase.Functions.dll, AssemblyName=Supabase.Functions, Version=2.0.0.0, Culture=neutral, PublicKeyToken=null' and ignoring 'Assets/Packages/functions-csharp.1.3.2/lib/netstandard2.0/Supabase.Functions.dll, AssemblyName=Supabase.Functions, Version=1.3.2.0, Culture=neutral, PublicKeyToken=null'.Duplicate assembly 'Supabase.Gotrue.dll' with different versions detected, using 'Assets/Packages/Supabase.Gotrue.6.0.3/lib/netstandard2.1/Supabase.Gotrue.dll, AssemblyName=Supabase.Gotrue, Version=6.0.3.0, Culture=neutral, PublicKeyToken=null' and ignoring 'Assets/Packages/gotrue-csharp.4.2.7/lib/netstandard2.0/Supabase.Gotrue.dll, AssemblyName=Supabase.Gotrue, Version=4.2.7.0, Culture=neutral, PublicKeyToken=null'.Duplicate assembly 'Supabase.Storage.dll' with different versions detected, using 'Assets/Packages/Supabase.Storage.2.0.2/lib/netstandard2.0/Supabase.Storage.dll, AssemblyName=Supabase.Storage, Version=2.0.2.0, Culture=neutral, PublicKeyToken=null' and ignoring 'Assets/Packages/supabase-storage-csharp.1.4.0/lib/netstandard2.0/Supabase.Storage.dll, AssemblyName=Supabase.Storage, Version=1.4.0.0, Culture=neutral, PublicKeyToken=null'.Duplicate assembly 'Supabase.Postgrest.dll' with different versions detected, using 'Assets/Packages/Supabase.Postgrest.4.0.3/lib/netstandard2.0/Supabase.Postgrest.dll, AssemblyName=Supabase.Postgrest, Version=4.0.3.0, Culture=neutral, PublicKeyToken=null' and ignoring 'Assets/Packages/postgrest-csharp.3.5.1/lib/netstandard2.0/Supabase.Postgrest.dll, AssemblyName=Supabase.Postgrest, Version=3.5.1.0, Culture=neutral, PublicKeyToken=null'.Duplicate assembly 'Supabase.dll' with different versions detected, using 'Assets/Packages/Supabase.1.1.1/lib/netstandard2.1/Supabase.dll, AssemblyName=Supabase, Version=1.1.1.0, Culture=neutral, PublicKeyToken=null' and ignoring 'Assets/Packages/supabase-csharp.0.16.2/lib/netstandard2.0/Supabase.dll, AssemblyName=Supabase, Version=0.16.2.0, Culture=neutral, PublicKeyToken=null'.- Loaded All Assemblies, in  2.341 seconds
Refreshing native plugins compatible for Editor in 70.88 ms, found 4 plugins.
Native extension for WindowsStandalone target not found
Native extension for WebGL target not found
[Package Manager] Server::EnsureServerProcessIsRunning -- launch failed, reason: Unity was launched with the -noUpm command-line argument
[Package Manager] UpmClient::Send -- Unable to send message (not connected to UPM process).
[Package Manager] Cannot connect to Unity Package Manager local server
Mono: successfully reloaded assembly
- Finished resetting the current domain, in  2.140 seconds
Domain Reload Profiling: 4455ms
	BeginReloadAssembly (425ms)
		ExecutionOrderSort (0ms)
		DisableScriptedObjects (13ms)
		BackupInstance (0ms)
		ReleaseScriptingObjects (0ms)
		CreateAndSetChildDomain (61ms)
	RebuildCommonClasses (56ms)
	RebuildNativeTypeToScriptingClass (16ms)
	initialDomainReloadingComplete (127ms)
	LoadAllAssembliesAndSetupDomain (1690ms)
		LoadAssemblies (1938ms)
		RebuildTransferFunctionScriptingTraits (0ms)
		AnalyzeDomain (41ms)
			TypeCache.Refresh (17ms)
				TypeCache.ScanAssembly (5ms)
			ScanForSourceGeneratedMonoScriptInfo (13ms)
			ResolveRequiredComponents (10ms)
	FinalizeReload (2141ms)
		ReleaseScriptCaches (0ms)
		RebuildScriptCaches (0ms)
		SetupLoadedEditorAssemblies (778ms)
			LogAssemblyErrors (0ms)
			InitializePlatformSupportModulesInManaged (18ms)
			SetLoadedEditorAssemblies (6ms)
			RefreshPlugins (0ms)
			BeforeProcessingInitializeOnLoad (176ms)
			ProcessInitializeOnLoadAttributes (522ms)
			ProcessInitializeOnLoadMethodAttributes (34ms)
			AfterProcessingInitializeOnLoad (22ms)
			EditorAssembliesLoaded (0ms)
		ExecutionOrderSort2 (0ms)
		AwakeInstancesAfterBackupRestoration (14ms)
Refreshing native plugins compatible for Editor in 71.75 ms, found 4 plugins.
Preloading 0 native plugins for Editor in 0.00 ms.
Unloading 4633 Unused Serialized files (Serialized files now loaded: 0)
Unloading 114 unused Assets / (149.3 KB). Loaded Objects now: 5398.
Memory consumption went from 150.7 MB to 150.6 MB.
Total: 4.195200 ms (FindLiveObjects: 0.369100 ms CreateObjectMapping: 0.139600 ms MarkObjects: 3.531600 ms  DeleteObjects: 0.154300 ms)

Prepare: number of updated asset objects reloaded= 0
AssetImportParameters requested are different than current active one (requested -> active):
  custom:container-demuxer-ogg: 62fdf1f143b41e24485cea50d1cbac27 -> 
  custom:video-codec-MediaFoundation-h265: 746d11721c4dcdbdad8f713fa42b33f4 -> 
  custom:video-decoder-ogg-theora: a1e56fd34408186e4bbccfd4996cb3dc -> 
  custom:framework-win-MediaFoundation: 216162199b28c13a410421893ffa2e32 -> 
  custom:CustomObjectIndexerAttribute: 756ad292c208cfabdd7b50bc23989ffe -> 
  custom:container-demuxer-webm: 4f35f7cbe854078d1ac9338744f61a02 -> 
  custom:container-muxer-webm: aa71ff27fc2769a1b78a27578f13a17b -> 
  custom:video-decoder-webm-vp8: 9c59270c3fd7afecdb556c50c9e8de78 -> 
  custom:SearchIndexIgnoredProperties: e643bd26f0fe6173181afceb89e7c659 -> 
  custom:AudioImporter_EditorPlatform: d09bf68614088b80899f8185d706f6e7 -> 
  custom:video-encoder-webm-vp8: eb34c28f22e8b96e1ab97ce403110664 -> 
  custom:audio-decoder-ogg-vorbis: bf7c407c2cedff20999df2af8eb42d56 -> 
  custom:audio-encoder-webm-vorbis: bf7c407c2cedff20999df2af8eb42d56 -> 
========================================================================
Received Prepare
Refreshing native plugins compatible for Editor in 65.06 ms, found 4 plugins.
Preloading 0 native plugins for Editor in 0.00 ms.
Unloading 2 Unused Serialized files (Serialized files now loaded: 0)
Unloading 2 unused Assets / (76.5 KB). Loaded Objects now: 5398.
Memory consumption went from 78.7 MB to 78.7 MB.
Total: 4.771500 ms (FindLiveObjects: 0.357500 ms CreateObjectMapping: 0.138600 ms MarkObjects: 4.220000 ms  DeleteObjects: 0.054400 ms)

Prepare: number of updated asset objects reloaded= 0
AssetImportParameters requested are different than current active one (requested -> active):
  custom:container-demuxer-ogg: 62fdf1f143b41e24485cea50d1cbac27 -> 
  custom:video-codec-MediaFoundation-h265: 746d11721c4dcdbdad8f713fa42b33f4 -> 
  custom:video-decoder-ogg-theora: a1e56fd34408186e4bbccfd4996cb3dc -> 
  custom:framework-win-MediaFoundation: 216162199b28c13a410421893ffa2e32 -> 
  custom:CustomObjectIndexerAttribute: 756ad292c208cfabdd7b50bc23989ffe -> 
  custom:container-demuxer-webm: 4f35f7cbe854078d1ac9338744f61a02 -> 
  custom:container-muxer-webm: aa71ff27fc2769a1b78a27578f13a17b -> 
  custom:video-decoder-webm-vp8: 9c59270c3fd7afecdb556c50c9e8de78 -> 
  custom:SearchIndexIgnoredProperties: e643bd26f0fe6173181afceb89e7c659 -> 
  custom:AudioImporter_EditorPlatform: d09bf68614088b80899f8185d706f6e7 -> 
  custom:video-encoder-webm-vp8: eb34c28f22e8b96e1ab97ce403110664 -> 
  custom:audio-decoder-ogg-vorbis: bf7c407c2cedff20999df2af8eb42d56 -> 
  custom:audio-encoder-webm-vorbis: bf7c407c2cedff20999df2af8eb42d56 -> 
========================================================================
Received Prepare
Begin MonoManager ReloadAssembly
Duplicate assembly 'Supabase.Realtime.dll' with different versions detected, using 'Assets/Packages/Supabase.Realtime.7.0.2/lib/netstandard2.1/Supabase.Realtime.dll, AssemblyName=Supabase.Realtime, Version=7.0.2.0, Culture=neutral, PublicKeyToken=null' and ignoring 'Assets/Packages/realtime-csharp.6.0.4/lib/netstandard2.0/Supabase.Realtime.dll, AssemblyName=Supabase.Realtime, Version=6.0.4.0, Culture=neutral, PublicKeyToken=null'.Duplicate assembly 'Supabase.Functions.dll' with different versions detected, using 'Assets/Packages/Supabase.Functions.2.0.0/lib/netstandard2.0/Supabase.Functions.dll, AssemblyName=Supabase.Functions, Version=2.0.0.0, Culture=neutral, PublicKeyToken=null' and ignoring 'Assets/Packages/functions-csharp.1.3.2/lib/netstandard2.0/Supabase.Functions.dll, AssemblyName=Supabase.Functions, Version=1.3.2.0, Culture=neutral, PublicKeyToken=null'.Duplicate assembly 'Supabase.Gotrue.dll' with different versions detected, using 'Assets/Packages/Supabase.Gotrue.6.0.3/lib/netstandard2.1/Supabase.Gotrue.dll, AssemblyName=Supabase.Gotrue, Version=6.0.3.0, Culture=neutral, PublicKeyToken=null' and ignoring 'Assets/Packages/gotrue-csharp.4.2.7/lib/netstandard2.0/Supabase.Gotrue.dll, AssemblyName=Supabase.Gotrue, Version=4.2.7.0, Culture=neutral, PublicKeyToken=null'.Duplicate assembly 'Supabase.Storage.dll' with different versions detected, using 'Assets/Packages/Supabase.Storage.2.0.2/lib/netstandard2.0/Supabase.Storage.dll, AssemblyName=Supabase.Storage, Version=2.0.2.0, Culture=neutral, PublicKeyToken=null' and ignoring 'Assets/Packages/supabase-storage-csharp.1.4.0/lib/netstandard2.0/Supabase.Storage.dll, AssemblyName=Supabase.Storage, Version=1.4.0.0, Culture=neutral, PublicKeyToken=null'.Duplicate assembly 'Supabase.Postgrest.dll' with different versions detected, using 'Assets/Packages/Supabase.Postgrest.4.0.3/lib/netstandard2.0/Supabase.Postgrest.dll, AssemblyName=Supabase.Postgrest, Version=4.0.3.0, Culture=neutral, PublicKeyToken=null' and ignoring 'Assets/Packages/postgrest-csharp.3.5.1/lib/netstandard2.0/Supabase.Postgrest.dll, AssemblyName=Supabase.Postgrest, Version=3.5.1.0, Culture=neutral, PublicKeyToken=null'.Duplicate assembly 'Supabase.dll' with different versions detected, using 'Assets/Packages/Supabase.1.1.1/lib/netstandard2.1/Supabase.dll, AssemblyName=Supabase, Version=1.1.1.0, Culture=neutral, PublicKeyToken=null' and ignoring 'Assets/Packages/supabase-csharp.0.16.2/lib/netstandard2.0/Supabase.dll, AssemblyName=Supabase, Version=0.16.2.0, Culture=neutral, PublicKeyToken=null'.- Loaded All Assemblies, in  2.360 seconds
Refreshing native plugins compatible for Editor in 93.00 ms, found 4 plugins.
Native extension for WindowsStandalone target not found
Native extension for WebGL target not found
[Package Manager] Server::EnsureServerProcessIsRunning -- launch failed, reason: Unity was launched with the -noUpm command-line argument
[Package Manager] UpmClient::Send -- Unable to send message (not connected to UPM process).
[Package Manager] Cannot connect to Unity Package Manager local server
Mono: successfully reloaded assembly
- Finished resetting the current domain, in  2.337 seconds
Domain Reload Profiling: 4668ms
	BeginReloadAssembly (345ms)
		ExecutionOrderSort (0ms)
		DisableScriptedObjects (14ms)
		BackupInstance (0ms)
		ReleaseScriptingObjects (0ms)
		CreateAndSetChildDomain (59ms)
	RebuildCommonClasses (52ms)
	RebuildNativeTypeToScriptingClass (16ms)
	initialDomainReloadingComplete (159ms)
	LoadAllAssembliesAndSetupDomain (1759ms)
		LoadAssemblies (1927ms)
		RebuildTransferFunctionScriptingTraits (0ms)
		AnalyzeDomain (49ms)
			TypeCache.Refresh (19ms)
				TypeCache.ScanAssembly (5ms)
			ScanForSourceGeneratedMonoScriptInfo (15ms)
			ResolveRequiredComponents (13ms)
	FinalizeReload (2337ms)
		ReleaseScriptCaches (0ms)
		RebuildScriptCaches (0ms)
		SetupLoadedEditorAssemblies (857ms)
			LogAssemblyErrors (0ms)
			InitializePlatformSupportModulesInManaged (19ms)
			SetLoadedEditorAssemblies (5ms)
			RefreshPlugins (0ms)
			BeforeProcessingInitializeOnLoad (170ms)
			ProcessInitializeOnLoadAttributes (582ms)
			ProcessInitializeOnLoadMethodAttributes (47ms)
			AfterProcessingInitializeOnLoad (32ms)
			EditorAssembliesLoaded (1ms)
		ExecutionOrderSort2 (0ms)
		AwakeInstancesAfterBackupRestoration (25ms)
Refreshing native plugins compatible for Editor in 75.31 ms, found 4 plugins.
Preloading 0 native plugins for Editor in 0.00 ms.
Unloading 4633 Unused Serialized files (Serialized files now loaded: 0)
Unloading 114 unused Assets / (149.4 KB). Loaded Objects now: 5414.
Memory consumption went from 150.8 MB to 150.6 MB.
Total: 5.538800 ms (FindLiveObjects: 0.511400 ms CreateObjectMapping: 0.371900 ms MarkObjects: 4.472500 ms  DeleteObjects: 0.182000 ms)

Prepare: number of updated asset objects reloaded= 0
AssetImportParameters requested are different than current active one (requested -> active):
  custom:container-demuxer-ogg: 62fdf1f143b41e24485cea50d1cbac27 -> 
  custom:video-codec-MediaFoundation-h265: 746d11721c4dcdbdad8f713fa42b33f4 -> 
  custom:video-decoder-ogg-theora: a1e56fd34408186e4bbccfd4996cb3dc -> 
  custom:framework-win-MediaFoundation: 216162199b28c13a410421893ffa2e32 -> 
  custom:CustomObjectIndexerAttribute: 756ad292c208cfabdd7b50bc23989ffe -> 
  custom:container-demuxer-webm: 4f35f7cbe854078d1ac9338744f61a02 -> 
  custom:container-muxer-webm: aa71ff27fc2769a1b78a27578f13a17b -> 
  custom:video-decoder-webm-vp8: 9c59270c3fd7afecdb556c50c9e8de78 -> 
  custom:SearchIndexIgnoredProperties: e643bd26f0fe6173181afceb89e7c659 -> 
  custom:AudioImporter_EditorPlatform: d09bf68614088b80899f8185d706f6e7 -> 
  custom:video-encoder-webm-vp8: eb34c28f22e8b96e1ab97ce403110664 -> 
  custom:audio-decoder-ogg-vorbis: bf7c407c2cedff20999df2af8eb42d56 -> 
  custom:audio-encoder-webm-vorbis: bf7c407c2cedff20999df2af8eb42d56 -> 
========================================================================
Received Prepare
Begin MonoManager ReloadAssembly
Duplicate assembly 'Supabase.Realtime.dll' with different versions detected, using 'Assets/Packages/Supabase.Realtime.7.0.2/lib/netstandard2.1/Supabase.Realtime.dll, AssemblyName=Supabase.Realtime, Version=7.0.2.0, Culture=neutral, PublicKeyToken=null' and ignoring 'Assets/Packages/realtime-csharp.6.0.4/lib/netstandard2.0/Supabase.Realtime.dll, AssemblyName=Supabase.Realtime, Version=6.0.4.0, Culture=neutral, PublicKeyToken=null'.Duplicate assembly 'Supabase.Functions.dll' with different versions detected, using 'Assets/Packages/Supabase.Functions.2.0.0/lib/netstandard2.0/Supabase.Functions.dll, AssemblyName=Supabase.Functions, Version=2.0.0.0, Culture=neutral, PublicKeyToken=null' and ignoring 'Assets/Packages/functions-csharp.1.3.2/lib/netstandard2.0/Supabase.Functions.dll, AssemblyName=Supabase.Functions, Version=1.3.2.0, Culture=neutral, PublicKeyToken=null'.Duplicate assembly 'Supabase.Gotrue.dll' with different versions detected, using 'Assets/Packages/Supabase.Gotrue.6.0.3/lib/netstandard2.1/Supabase.Gotrue.dll, AssemblyName=Supabase.Gotrue, Version=6.0.3.0, Culture=neutral, PublicKeyToken=null' and ignoring 'Assets/Packages/gotrue-csharp.4.2.7/lib/netstandard2.0/Supabase.Gotrue.dll, AssemblyName=Supabase.Gotrue, Version=4.2.7.0, Culture=neutral, PublicKeyToken=null'.Duplicate assembly 'Supabase.Storage.dll' with different versions detected, using 'Assets/Packages/Supabase.Storage.2.0.2/lib/netstandard2.0/Supabase.Storage.dll, AssemblyName=Supabase.Storage, Version=2.0.2.0, Culture=neutral, PublicKeyToken=null' and ignoring 'Assets/Packages/supabase-storage-csharp.1.4.0/lib/netstandard2.0/Supabase.Storage.dll, AssemblyName=Supabase.Storage, Version=1.4.0.0, Culture=neutral, PublicKeyToken=null'.Duplicate assembly 'Supabase.Postgrest.dll' with different versions detected, using 'Assets/Packages/Supabase.Postgrest.4.0.3/lib/netstandard2.0/Supabase.Postgrest.dll, AssemblyName=Supabase.Postgrest, Version=4.0.3.0, Culture=neutral, PublicKeyToken=null' and ignoring 'Assets/Packages/postgrest-csharp.3.5.1/lib/netstandard2.0/Supabase.Postgrest.dll, AssemblyName=Supabase.Postgrest, Version=3.5.1.0, Culture=neutral, PublicKeyToken=null'.Duplicate assembly 'Supabase.dll' with different versions detected, using 'Assets/Packages/Supabase.1.1.1/lib/netstandard2.1/Supabase.dll, AssemblyName=Supabase, Version=1.1.1.0, Culture=neutral, PublicKeyToken=null' and ignoring 'Assets/Packages/supabase-csharp.0.16.2/lib/netstandard2.0/Supabase.dll, AssemblyName=Supabase, Version=0.16.2.0, Culture=neutral, PublicKeyToken=null'.- Loaded All Assemblies, in  2.227 seconds
Refreshing native plugins compatible for Editor in 69.04 ms, found 4 plugins.
Native extension for WindowsStandalone target not found
Native extension for WebGL target not found
[Package Manager] Server::EnsureServerProcessIsRunning -- launch failed, reason: Unity was launched with the -noUpm command-line argument
[Package Manager] UpmClient::Send -- Unable to send message (not connected to UPM process).
[Package Manager] Cannot connect to Unity Package Manager local server
Mono: successfully reloaded assembly
- Finished resetting the current domain, in  2.340 seconds
Domain Reload Profiling: 4542ms
	BeginReloadAssembly (358ms)
		ExecutionOrderSort (0ms)
		DisableScriptedObjects (19ms)
		BackupInstance (0ms)
		ReleaseScriptingObjects (0ms)
		CreateAndSetChildDomain (53ms)
	RebuildCommonClasses (48ms)
	RebuildNativeTypeToScriptingClass (17ms)
	initialDomainReloadingComplete (144ms)
	LoadAllAssembliesAndSetupDomain (1636ms)
		LoadAssemblies (1816ms)
		RebuildTransferFunctionScriptingTraits (0ms)
		AnalyzeDomain (46ms)
			TypeCache.Refresh (16ms)
				TypeCache.ScanAssembly (5ms)
			ScanForSourceGeneratedMonoScriptInfo (15ms)
			ResolveRequiredComponents (13ms)
	FinalizeReload (2340ms)
		ReleaseScriptCaches (0ms)
		RebuildScriptCaches (0ms)
		SetupLoadedEditorAssemblies (934ms)
			LogAssemblyErrors (0ms)
			InitializePlatformSupportModulesInManaged (17ms)
			SetLoadedEditorAssemblies (6ms)
			RefreshPlugins (0ms)
			BeforeProcessingInitializeOnLoad (180ms)
			ProcessInitializeOnLoadAttributes (651ms)
			ProcessInitializeOnLoadMethodAttributes (45ms)
			AfterProcessingInitializeOnLoad (33ms)
			EditorAssembliesLoaded (0ms)
		ExecutionOrderSort2 (0ms)
		AwakeInstancesAfterBackupRestoration (25ms)
Refreshing native plugins compatible for Editor in 67.24 ms, found 4 plugins.
Preloading 0 native plugins for Editor in 0.00 ms.
Unloading 4633 Unused Serialized files (Serialized files now loaded: 0)
Unloading 114 unused Assets / (149.4 KB). Loaded Objects now: 5430.
Memory consumption went from 150.8 MB to 150.6 MB.
Total: 5.786800 ms (FindLiveObjects: 0.624900 ms CreateObjectMapping: 0.361000 ms MarkObjects: 4.535300 ms  DeleteObjects: 0.264200 ms)

Prepare: number of updated asset objects reloaded= 0
AssetImportParameters requested are different than current active one (requested -> active):
  custom:container-demuxer-ogg: 62fdf1f143b41e24485cea50d1cbac27 -> 
  custom:video-codec-MediaFoundation-h265: 746d11721c4dcdbdad8f713fa42b33f4 -> 
  custom:video-decoder-ogg-theora: a1e56fd34408186e4bbccfd4996cb3dc -> 
  custom:framework-win-MediaFoundation: 216162199b28c13a410421893ffa2e32 -> 
  custom:CustomObjectIndexerAttribute: 756ad292c208cfabdd7b50bc23989ffe -> 
  custom:container-demuxer-webm: 4f35f7cbe854078d1ac9338744f61a02 -> 
  custom:container-muxer-webm: aa71ff27fc2769a1b78a27578f13a17b -> 
  custom:video-decoder-webm-vp8: 9c59270c3fd7afecdb556c50c9e8de78 -> 
  custom:SearchIndexIgnoredProperties: e643bd26f0fe6173181afceb89e7c659 -> 
  custom:AudioImporter_EditorPlatform: d09bf68614088b80899f8185d706f6e7 -> 
  custom:video-encoder-webm-vp8: eb34c28f22e8b96e1ab97ce403110664 -> 
  custom:audio-decoder-ogg-vorbis: bf7c407c2cedff20999df2af8eb42d56 -> 
  custom:audio-encoder-webm-vorbis: bf7c407c2cedff20999df2af8eb42d56 -> 
